id,patient_name,age,gender,cancer_type,cancer_stage,treatment_type,diagnosis_date,metastasis,blood_test_result,tumor_marker
1,Synthetic_00001,53,M,prostate,II,surgery,2024-09-01,yes,3.28,940.50
2,Synthetic_00002,54,M,prostate,IV,radiotherapy,2025-07-08,yes,19.23,197.06
3,Synthetic_00003,64,M,colon,III,chemotherapy,2022-05-05,yes,16.77,287.07
4,Synthetic_00004,38,M,colon,IV,surgery,2020-12-06,no,13.79,178.36
5,Synthetic_00005,72,M,colon,II,chemotherapy,2020-10-01,yes,9.83,90.26
6,Synthetic_00006,25,M,breast,II,radiotherapy,2023-09-03,yes,15.97,4.17
7,Synthetic_00007,56,M,colon,III,radiotherapy,2022-03-01,yes,16.55,363.65
8,Synthetic_00008,86,M,breast,III,surgery,2022-01-08,no,5.95,274.95
9,Synthetic_00009,50,M,colon,III,radiotherapy,2024-10-22,yes,13.57,145.32
10,Synthetic_00010,72,F,colon,III,chemotherapy,2024-04-05,no,13.89,632.75
11,Synthetic_00011,87,F,prostate,III,surgery,2020-10-09,yes,10.00,508.69
12,Synthetic_00012,65,M,colon,III,surgery,2021-09-09,yes,18.88,70.64
13,Synthetic_00013,56,F,colon,IV,chemotherapy,2020-07-14,no,12.35,603.71
14,Synthetic_00014,18,F,breast,IV,surgery,2024-06-16,yes,10.61,83.45
15,Synthetic_00015,29,M,prostate,IV,chemotherapy,2022-12-03,no,14.26,320.55
16,Synthetic_00016,85,M,prostate,IV,radiotherapy,2023-09-05,no,9.59,950.13
17,Synthetic_00017,59,F,breast,II,surgery,2024-05-24,yes,5.83,785.58
18,Synthetic_00018,81,M,prostate,IV,surgery,2022-05-12,yes,4.67,343.26
19,Synthetic_00019,43,F,prostate,IV,radiotherapy,2020-11-18,no,6.04,733.34
20,Synthetic_00020,52,F,lung,IV,radiotherapy,2025-11-13,yes,11.28,886.90
21,Synthetic_00021,57,F,lung,IV,surgery,2025-04-01,yes,18.63,655.49
22,Synthetic_00022,29,M,breast,II,chemotherapy,2024-08-25,no,5.14,534.82
23,Synthetic_00023,43,F,breast,II,chemotherapy,2021-01-11,no,11.54,649.84
24,Synthetic_00024,79,F,breast,I,radiotherapy,2025-04-20,yes,7.58,851.29
25,Synthetic_00025,73,M,breast,IV,surgery,2022-06-25,no,8.84,991.03
26,Synthetic_00026,49,M,colon,III,surgery,2025-03-07,yes,1.86,686.76
27,Synthetic_00027,42,M,prostate,IV,radiotherapy,2022-08-16,no,14.05,629.67
28,Synthetic_00028,66,F,prostate,II,chemotherapy,2025-02-10,no,9.62,38.82
29,Synthetic_00029,22,M,lung,IV,radiotherapy,2023-12-18,yes,3.82,977.78
30,Synthetic_00030,84,F,breast,II,surgery,2024-05-05,yes,10.61,405.28
31,Synthetic_00031,52,F,breast,I,chemotherapy,2023-01-22,yes,3.08,157.09
32,Synthetic_00032,44,M,colon,I,radiotherapy,2022-01-10,yes,5.22,318.80
33,Synthetic_00033,25,M,breast,II,chemotherapy,2020-06-06,no,8.73,738.26
34,Synthetic_00034,29,M,prostate,II,surgery,2021-06-14,no,4.20,378.65
35,Synthetic_00035,62,M,lung,IV,surgery,2021-04-23,yes,16.40,605.14
36,Synthetic_00036,89,M,lung,II,surgery,2024-11-25,yes,1.03,830.72
37,Synthetic_00037,84,M,lung,IV,chemotherapy,2022-10-26,no,5.30,797.80
38,Synthetic_00038,38,M,lung,II,radiotherapy,2021-08-18,yes,1.49,71.92
39,Synthetic_00039,44,F,prostate,II,surgery,2022-02-12,no,15.88,194.59
40,Synthetic_00040,34,M,colon,II,radiotherapy,2021-10-08,no,8.51,387.33
41,Synthetic_00041,18,M,lung,IV,radiotherapy,2021-11-24,no,1.98,455.51
42,Synthetic_00042,32,M,prostate,III,chemotherapy,2025-07-04,no,2.17,444.53
43,Synthetic_00043,71,F,colon,I,surgery,2023-05-26,yes,12.25,624.87
44,Synthetic_00044,83,M,colon,III,surgery,2025-03-15,no,13.43,738.55
45,Synthetic_00045,56,F,lung,III,surgery,2025-06-15,no,9.36,662.07
46,Synthetic_00046,49,F,lung,II,radiotherapy,2025-07-15,yes,19.57,250.74
47,Synthetic_00047,35,M,prostate,I,surgery,2021-01-25,no,19.92,665.08
48,Synthetic_00048,40,F,prostate,II,chemotherapy,2025-11-16,no,15.53,549.47
49,Synthetic_00049,52,F,colon,I,surgery,2020-02-08,no,3.78,257.08
50,Synthetic_00050,43,F,colon,I,chemotherapy,2024-09-13,yes,7.11,360.78
51,Synthetic_00051,45,M,lung,IV,surgery,2021-12-14,no,2.24,689.02
52,Synthetic_00052,69,M,breast,IV,surgery,2023-01-27,no,3.14,516.06
53,Synthetic_00053,77,F,lung,I,surgery,2021-09-11,no,18.29,772.32
54,Synthetic_00054,52,M,lung,I,chemotherapy,2022-02-16,yes,4.35,32.02
55,Synthetic_00055,68,F,lung,III,chemotherapy,2021-07-16,yes,13.64,11.09
56,Synthetic_00056,26,F,lung,IV,chemotherapy,2025-07-14,yes,6.52,847.56
57,Synthetic_00057,38,F,lung,III,surgery,2021-03-17,yes,19.01,88.48
58,Synthetic_00058,31,F,prostate,II,chemotherapy,2020-03-05,yes,13.80,1.89
59,Synthetic_00059,85,F,lung,II,surgery,2021-03-27,no,16.93,825.76
60,Synthetic_00060,89,F,lung,IV,chemotherapy,2024-02-09,yes,18.15,79.60
61,Synthetic_00061,18,M,lung,IV,surgery,2023-05-01,yes,18.61,453.55
62,Synthetic_00062,73,M,breast,IV,chemotherapy,2024-08-26,no,9.80,608.65
63,Synthetic_00063,41,F,lung,IV,chemotherapy,2021-03-24,yes,2.51,247.44
64,Synthetic_00064,47,M,lung,III,chemotherapy,2021-09-08,yes,18.91,136.49
65,Synthetic_00065,19,M,breast,II,chemotherapy,2025-04-02,no,1.47,128.71
66,Synthetic_00066,76,M,prostate,II,surgery,2024-06-13,no,10.69,461.86
67,Synthetic_00067,40,F,colon,IV,surgery,2024-04-02,no,5.64,208.05
68,Synthetic_00068,26,F,colon,IV,radiotherapy,2021-06-22,no,13.94,734.26
69,Synthetic_00069,75,M,colon,IV,radiotherapy,2023-07-20,no,1.52,912.98
70,Synthetic_00070,62,F,colon,II,surgery,2025-01-27,yes,17.15,185.76
71,Synthetic_00071,44,F,prostate,III,radiotherapy,2024-11-01,no,17.31,343.06
72,Synthetic_00072,84,M,colon,I,surgery,2021-10-16,yes,2.41,618.67
73,Synthetic_00073,64,M,lung,I,radiotherapy,2025-09-01,yes,17.01,255.62
74,Synthetic_00074,76,F,breast,II,chemotherapy,2020-04-23,no,17.88,500.98
75,Synthetic_00075,47,M,lung,II,radiotherapy,2023-10-11,no,19.66,858.16
76,Synthetic_00076,22,F,prostate,I,surgery,2025-02-28,no,18.82,798.70
77,Synthetic_00077,39,F,prostate,I,chemotherapy,2020-01-01,no,11.63,611.76
78,Synthetic_00078,23,F,colon,II,radiotherapy,2025-03-09,yes,5.23,990.95
79,Synthetic_00079,77,F,prostate,II,radiotherapy,2024-08-08,yes,2.89,791.28
80,Synthetic_00080,61,M,lung,I,surgery,2025-02-25,no,19.23,477.50
81,Synthetic_00081,90,F,lung,II,chemotherapy,2021-09-13,no,18.69,230.24
82,Synthetic_00082,86,F,breast,IV,surgery,2025-08-13,no,7.11,845.12
83,Synthetic_00083,33,F,prostate,IV,radiotherapy,2020-06-17,yes,3.97,343.16
84,Synthetic_00084,59,M,breast,III,radiotherapy,2022-08-27,no,15.51,255.81
85,Synthetic_00085,49,F,colon,II,surgery,2021-01-21,no,10.05,6.03
86,Synthetic_00086,21,F,lung,I,radiotherapy,2021-03-11,yes,18.74,781.81
87,Synthetic_00087,58,F,colon,I,radiotherapy,2023-01-04,yes,17.93,777.82
88,Synthetic_00088,32,F,colon,IV,chemotherapy,2023-02-19,yes,6.85,150.14
89,Synthetic_00089,27,F,prostate,II,surgery,2020-11-10,yes,4.68,843.58
90,Synthetic_00090,42,M,lung,II,surgery,2021-08-03,no,11.76,629.09
91,Synthetic_00091,42,M,lung,I,chemotherapy,2024-07-17,yes,12.81,319.50
92,Synthetic_00092,43,M,colon,I,surgery,2021-01-19,no,3.43,35.24
93,Synthetic_00093,83,M,lung,III,chemotherapy,2023-09-24,yes,9.73,366.98
94,Synthetic_00094,36,F,breast,I,surgery,2025-07-10,no,3.36,617.08
95,Synthetic_00095,25,M,colon,III,chemotherapy,2022-01-01,no,16.17,141.94
96,Synthetic_00096,33,F,breast,IV,surgery,2024-09-03,yes,12.89,901.35
97,Synthetic_00097,77,M,colon,II,chemotherapy,2021-12-10,no,18.25,876.06
98,Synthetic_00098,38,F,breast,II,chemotherapy,2021-05-04,no,3.80,476.27
99,Synthetic_00099,75,F,colon,II,chemotherapy,2025-12-23,yes,18.63,85.48
100,Synthetic_00100,82,M,breast,II,radiotherapy,2021-05-01,yes,11.25,560.14
101,Synthetic_00101,88,F,lung,IV,radiotherapy,2023-02-13,no,14.18,94.44
102,Synthetic_00102,38,F,lung,II,surgery,2024-12-11,no,2.61,859.52
103,Synthetic_00103,41,M,lung,I,chemotherapy,2020-02-06,yes,5.13,902.62
104,Synthetic_00104,84,M,prostate,IV,surgery,2022-07-20,no,1.46,261.49
105,Synthetic_00105,43,F,prostate,III,radiotherapy,2025-11-03,yes,16.63,214.88
106,Synthetic_00106,77,F,lung,IV,radiotherapy,2022-01-10,no,2.29,612.05
107,Synthetic_00107,86,M,colon,I,chemotherapy,2020-06-23,yes,1.95,470.57
108,Synthetic_00108,59,F,breast,IV,surgery,2022-09-10,yes,3.30,653.56
109,Synthetic_00109,33,F,prostate,IV,radiotherapy,2022-03-17,no,8.60,482.40
110,Synthetic_00110,71,F,colon,IV,surgery,2023-08-07,no,13.84,785.32
111,Synthetic_00111,25,F,breast,III,radiotherapy,2023-04-09,yes,4.24,996.57
112,Synthetic_00112,45,M,colon,III,surgery,2023-06-09,yes,16.48,418.61
113,Synthetic_00113,61,F,breast,III,surgery,2024-06-14,no,9.71,703.24
114,Synthetic_00114,63,M,lung,IV,surgery,2023-11-18,no,7.38,694.24
115,Synthetic_00115,21,M,lung,II,chemotherapy,2021-06-14,yes,15.05,432.38
116,Synthetic_00116,50,M,colon,I,chemotherapy,2021-06-18,yes,4.74,791.29
117,Synthetic_00117,66,M,prostate,II,radiotherapy,2021-04-28,yes,4.55,258.90
118,Synthetic_00118,70,F,colon,II,chemotherapy,2021-10-10,no,13.29,193.06
119,Synthetic_00119,80,F,colon,II,surgery,2024-02-09,no,15.71,47.46
120,Synthetic_00120,29,M,colon,III,chemotherapy,2021-01-23,yes,6.03,743.81
121,Synthetic_00121,44,M,prostate,III,chemotherapy,2023-06-15,no,11.65,417.89
122,Synthetic_00122,83,F,prostate,III,surgery,2020-01-04,no,2.26,648.73
123,Synthetic_00123,34,M,lung,I,chemotherapy,2023-11-16,yes,5.82,840.78
124,Synthetic_00124,41,F,colon,I,radiotherapy,2022-09-22,yes,2.49,495.50
125,Synthetic_00125,70,F,lung,II,chemotherapy,2023-02-04,no,6.10,688.68
126,Synthetic_00126,34,F,breast,I,chemotherapy,2023-03-17,no,18.12,114.64
127,Synthetic_00127,35,M,colon,III,radiotherapy,2021-05-04,yes,1.18,232.57
128,Synthetic_00128,42,F,breast,III,radiotherapy,2022-05-09,no,10.57,722.41
129,Synthetic_00129,40,F,breast,IV,surgery,2020-12-18,yes,3.49,998.28
130,Synthetic_00130,20,F,breast,III,surgery,2022-10-05,yes,10.22,140.10
131,Synthetic_00131,56,M,prostate,II,radiotherapy,2020-04-06,no,2.55,426.54
132,Synthetic_00132,62,M,colon,IV,radiotherapy,2021-10-15,yes,16.51,178.35
133,Synthetic_00133,36,M,breast,II,chemotherapy,2020-10-09,yes,6.80,798.20
134,Synthetic_00134,35,F,breast,III,surgery,2024-05-07,no,3.63,282.71
135,Synthetic_00135,71,M,prostate,IV,surgery,2021-06-17,no,18.58,562.44
136,Synthetic_00136,73,M,breast,III,surgery,2024-11-05,no,18.34,277.71
137,Synthetic_00137,19,M,lung,I,radiotherapy,2023-04-11,no,1.20,415.61
138,Synthetic_00138,25,M,prostate,II,chemotherapy,2022-01-02,no,18.49,352.93
139,Synthetic_00139,85,M,colon,II,chemotherapy,2024-01-27,yes,17.84,572.80
140,Synthetic_00140,86,F,lung,I,chemotherapy,2024-11-17,yes,19.82,184.09
141,Synthetic_00141,33,M,breast,IV,chemotherapy,2021-11-15,yes,15.75,628.52
142,Synthetic_00142,49,F,prostate,I,radiotherapy,2021-03-27,yes,19.10,107.40
143,Synthetic_00143,63,F,colon,IV,chemotherapy,2022-12-28,yes,9.06,617.09
144,Synthetic_00144,22,F,prostate,III,chemotherapy,2021-01-05,no,4.32,34.44
145,Synthetic_00145,51,F,lung,IV,chemotherapy,2020-08-02,no,15.76,93.22
146,Synthetic_00146,48,F,prostate,IV,chemotherapy,2021-07-02,yes,11.65,32.39
147,Synthetic_00147,46,M,lung,III,radiotherapy,2025-08-06,yes,18.60,42.98
148,Synthetic_00148,89,F,breast,IV,radiotherapy,2025-07-08,yes,2.65,166.01
149,Synthetic_00149,29,M,colon,II,radiotherapy,2020-03-28,no,4.44,80.96
150,Synthetic_00150,31,M,breast,III,chemotherapy,2024-03-19,no,2.52,514.01
151,Synthetic_00151,72,F,prostate,I,chemotherapy,2023-11-11,no,11.46,871.37
152,Synthetic_00152,76,F,prostate,II,chemotherapy,2024-01-19,yes,18.33,22.03
153,Synthetic_00153,22,M,colon,III,surgery,2021-05-24,yes,3.13,422.66
154,Synthetic_00154,23,F,prostate,II,surgery,2024-02-19,no,10.56,769.69
155,Synthetic_00155,49,M,prostate,III,surgery,2023-04-07,no,3.78,590.05
156,Synthetic_00156,35,F,lung,III,radiotherapy,2024-05-06,no,4.88,609.77
157,Synthetic_00157,70,F,colon,II,chemotherapy,2021-02-20,yes,3.93,542.56
158,Synthetic_00158,18,M,lung,I,chemotherapy,2024-01-11,no,13.74,336.25
159,Synthetic_00159,32,M,lung,III,chemotherapy,2022-09-17,yes,19.54,361.60
160,Synthetic_00160,47,M,colon,II,chemotherapy,2020-01-11,no,2.63,359.67
161,Synthetic_00161,22,F,breast,III,radiotherapy,2020-02-14,no,12.24,835.34
162,Synthetic_00162,22,F,colon,III,surgery,2024-08-15,yes,3.46,684.46
163,Synthetic_00163,75,F,colon,IV,surgery,2023-02-27,yes,10.07,415.60
164,Synthetic_00164,25,F,prostate,II,surgery,2021-06-05,no,2.98,655.72
165,Synthetic_00165,49,F,colon,II,radiotherapy,2020-03-11,yes,12.52,909.99
166,Synthetic_00166,24,F,lung,I,chemotherapy,2023-12-15,no,13.74,816.49
167,Synthetic_00167,28,F,colon,IV,chemotherapy,2020-02-18,no,12.66,306.53
168,Synthetic_00168,50,F,prostate,II,radiotherapy,2025-08-24,no,1.15,192.42
169,Synthetic_00169,49,F,breast,II,surgery,2024-06-23,yes,19.15,778.37
170,Synthetic_00170,84,M,colon,III,surgery,2023-10-02,no,2.07,207.53
171,Synthetic_00171,41,M,lung,IV,chemotherapy,2022-11-19,yes,18.25,560.50
172,Synthetic_00172,44,M,colon,I,chemotherapy,2023-05-13,no,3.27,533.14
173,Synthetic_00173,72,F,prostate,IV,chemotherapy,2022-10-14,no,15.61,540.75
174,Synthetic_00174,29,F,lung,IV,surgery,2024-01-20,yes,8.76,800.67
175,Synthetic_00175,46,M,breast,II,radiotherapy,2021-03-20,yes,9.37,806.98
176,Synthetic_00176,67,F,colon,IV,radiotherapy,2021-01-04,no,14.06,261.23
177,Synthetic_00177,58,M,breast,II,radiotherapy,2024-12-15,yes,13.56,744.30
178,Synthetic_00178,51,M,lung,IV,surgery,2025-09-01,no,11.80,829.75
179,Synthetic_00179,43,M,lung,IV,surgery,2024-06-04,yes,4.14,126.38
180,Synthetic_00180,87,M,lung,III,radiotherapy,2024-03-27,yes,5.87,675.99
181,Synthetic_00181,35,M,prostate,III,radiotherapy,2024-05-16,yes,13.01,316.03
182,Synthetic_00182,62,M,colon,II,chemotherapy,2023-08-01,yes,11.36,549.46
183,Synthetic_00183,85,F,breast,III,chemotherapy,2021-10-15,no,17.82,388.80
184,Synthetic_00184,41,F,breast,I,chemotherapy,2021-08-12,no,5.08,46.18
185,Synthetic_00185,24,M,lung,IV,radiotherapy,2020-07-17,yes,5.53,423.47
186,Synthetic_00186,33,F,prostate,II,radiotherapy,2022-05-21,yes,11.12,512.10
187,Synthetic_00187,63,F,colon,II,radiotherapy,2021-11-09,yes,15.02,203.54
188,Synthetic_00188,31,M,colon,III,chemotherapy,2021-06-04,no,18.72,50.09
189,Synthetic_00189,73,F,breast,IV,surgery,2020-03-22,no,9.06,969.82
190,Synthetic_00190,71,M,lung,II,surgery,2023-01-26,no,18.37,660.87
191,Synthetic_00191,86,M,lung,III,chemotherapy,2025-12-22,no,9.66,513.89
192,Synthetic_00192,60,F,lung,IV,surgery,2025-01-10,yes,14.74,26.20
193,Synthetic_00193,42,F,prostate,IV,radiotherapy,2022-07-05,yes,19.00,4.30
194,Synthetic_00194,86,M,colon,II,radiotherapy,2020-08-19,no,6.07,20.00
195,Synthetic_00195,57,F,breast,II,chemotherapy,2022-03-10,yes,13.44,308.02
196,Synthetic_00196,28,M,lung,III,surgery,2020-08-25,yes,6.61,602.73
197,Synthetic_00197,35,F,colon,III,chemotherapy,2025-12-16,no,18.40,397.53
198,Synthetic_00198,51,F,breast,II,radiotherapy,2021-11-17,no,13.99,679.12
199,Synthetic_00199,26,F,colon,III,radiotherapy,2025-06-13,yes,10.19,823.87
200,Synthetic_00200,62,M,colon,IV,chemotherapy,2020-03-10,yes,16.38,597.84
201,Synthetic_00201,49,F,lung,III,surgery,2022-03-23,no,4.04,525.90
202,Synthetic_00202,70,M,breast,II,surgery,2024-07-02,no,7.42,695.30
203,Synthetic_00203,56,M,breast,III,surgery,2022-06-25,yes,11.88,932.81
204,Synthetic_00204,77,F,breast,I,radiotherapy,2021-04-25,no,18.46,74.40
205,Synthetic_00205,53,F,prostate,II,radiotherapy,2024-10-25,yes,8.03,305.32
206,Synthetic_00206,89,M,prostate,IV,chemotherapy,2024-02-16,no,5.01,540.54
207,Synthetic_00207,35,F,prostate,IV,chemotherapy,2024-01-11,yes,11.59,29.03
208,Synthetic_00208,64,M,prostate,II,surgery,2021-06-27,no,17.52,218.62
209,Synthetic_00209,25,F,colon,II,radiotherapy,2024-06-13,yes,15.71,452.49
210,Synthetic_00210,45,F,lung,I,surgery,2020-05-02,no,11.33,696.10
211,Synthetic_00211,54,M,prostate,I,chemotherapy,2021-03-26,yes,2.60,340.26
212,Synthetic_00212,61,F,breast,II,surgery,2022-02-13,yes,8.95,447.09
213,Synthetic_00213,90,F,lung,II,chemotherapy,2025-03-21,yes,6.56,150.08
214,Synthetic_00214,80,M,prostate,IV,surgery,2025-06-19,yes,4.21,927.63
215,Synthetic_00215,74,M,prostate,I,chemotherapy,2025-10-16,no,7.56,438.93
216,Synthetic_00216,34,F,prostate,II,surgery,2024-10-27,no,3.70,844.27
217,Synthetic_00217,33,F,lung,II,radiotherapy,2023-12-18,yes,12.30,531.17
218,Synthetic_00218,18,M,lung,IV,surgery,2023-03-12,yes,8.63,264.53
219,Synthetic_00219,40,M,prostate,II,surgery,2020-09-24,no,1.07,117.44
220,Synthetic_00220,85,F,prostate,II,radiotherapy,2023-12-21,yes,8.64,737.53
221,Synthetic_00221,72,M,breast,III,surgery,2023-04-26,no,6.04,170.73
222,Synthetic_00222,77,F,colon,IV,radiotherapy,2024-04-17,no,1.17,710.92
223,Synthetic_00223,52,M,lung,II,surgery,2023-04-05,yes,12.95,603.05
224,Synthetic_00224,82,M,colon,I,chemotherapy,2021-03-04,yes,3.01,593.66
225,Synthetic_00225,29,M,lung,IV,radiotherapy,2024-05-06,no,5.30,504.70
226,Synthetic_00226,33,F,prostate,III,radiotherapy,2025-08-17,yes,14.73,572.90
227,Synthetic_00227,57,M,prostate,I,chemotherapy,2024-04-23,yes,17.84,240.36
228,Synthetic_00228,38,F,colon,I,radiotherapy,2020-09-25,no,1.02,235.22
229,Synthetic_00229,27,F,breast,II,surgery,2021-03-21,yes,9.77,212.10
230,Synthetic_00230,18,F,prostate,IV,chemotherapy,2025-05-03,yes,14.62,890.95
231,Synthetic_00231,80,F,prostate,IV,radiotherapy,2021-03-11,no,1.21,467.79
232,Synthetic_00232,71,F,colon,II,surgery,2025-01-14,yes,19.28,886.61
233,Synthetic_00233,83,M,prostate,III,chemotherapy,2021-06-11,yes,14.99,130.98
234,Synthetic_00234,60,F,prostate,IV,radiotherapy,2024-01-20,no,1.12,728.76
235,Synthetic_00235,66,F,colon,IV,chemotherapy,2023-06-19,yes,2.59,210.08
236,Synthetic_00236,40,M,colon,IV,surgery,2022-09-19,yes,1.00,798.38
237,Synthetic_00237,70,F,breast,IV,surgery,2020-06-20,no,4.22,457.38
238,Synthetic_00238,69,M,breast,IV,radiotherapy,2023-05-23,no,13.32,508.33
239,Synthetic_00239,30,F,lung,IV,chemotherapy,2020-06-09,yes,6.75,632.24
240,Synthetic_00240,62,F,lung,II,radiotherapy,2025-04-12,yes,17.10,111.41
241,Synthetic_00241,50,M,breast,I,surgery,2025-06-01,yes,16.86,430.45
242,Synthetic_00242,42,M,colon,III,surgery,2024-11-14,yes,11.80,433.76
243,Synthetic_00243,34,M,colon,IV,chemotherapy,2020-08-13,no,16.38,193.94
244,Synthetic_00244,66,F,lung,I,chemotherapy,2021-04-08,yes,1.27,445.59
245,Synthetic_00245,33,M,prostate,IV,chemotherapy,2023-04-24,yes,14.12,735.08
246,Synthetic_00246,71,F,colon,II,radiotherapy,2025-09-20,no,19.07,383.23
247,Synthetic_00247,50,F,prostate,IV,radiotherapy,2020-01-18,no,8.36,937.05
248,Synthetic_00248,29,F,prostate,III,radiotherapy,2023-10-23,no,2.84,674.55
249,Synthetic_00249,21,M,prostate,IV,radiotherapy,2025-08-09,no,12.11,818.91
250,Synthetic_00250,77,F,breast,III,surgery,2023-08-12,yes,2.15,821.41
251,Synthetic_00251,51,M,colon,II,surgery,2021-01-17,no,18.56,569.68
252,Synthetic_00252,57,F,prostate,I,surgery,2024-07-28,yes,3.54,524.21
253,Synthetic_00253,28,M,lung,IV,chemotherapy,2020-08-20,yes,8.21,933.02
254,Synthetic_00254,58,M,prostate,I,chemotherapy,2022-04-18,yes,8.36,4.22
255,Synthetic_00255,39,F,lung,II,radiotherapy,2022-10-24,no,19.33,910.04
256,Synthetic_00256,41,F,lung,III,chemotherapy,2020-05-25,yes,12.24,455.80
257,Synthetic_00257,59,M,lung,I,surgery,2022-09-04,yes,12.79,735.33
258,Synthetic_00258,80,F,prostate,II,radiotherapy,2023-03-15,no,16.54,383.98
259,Synthetic_00259,32,F,prostate,I,chemotherapy,2022-01-26,no,8.46,567.49
260,Synthetic_00260,76,M,prostate,III,chemotherapy,2021-01-25,no,15.92,658.27
261,Synthetic_00261,53,M,prostate,I,radiotherapy,2024-07-09,no,5.73,757.85
262,Synthetic_00262,81,F,breast,IV,surgery,2020-08-18,yes,18.62,584.30
263,Synthetic_00263,88,F,colon,III,surgery,2022-07-06,yes,19.79,409.29
264,Synthetic_00264,43,M,prostate,II,surgery,2022-05-19,no,8.28,875.45
265,Synthetic_00265,72,F,colon,I,radiotherapy,2025-07-17,yes,13.14,647.55
266,Synthetic_00266,89,M,lung,III,chemotherapy,2025-06-26,no,3.89,141.60
267,Synthetic_00267,75,F,colon,III,chemotherapy,2024-06-23,yes,12.35,451.18
268,Synthetic_00268,28,F,breast,IV,surgery,2023-03-01,no,19.54,746.03
269,Synthetic_00269,87,F,colon,I,surgery,2020-06-18,yes,16.17,3.24
270,Synthetic_00270,55,M,breast,II,surgery,2025-09-09,no,17.31,878.87
271,Synthetic_00271,66,F,breast,II,chemotherapy,2021-05-14,yes,14.74,607.91
272,Synthetic_00272,31,F,prostate,III,surgery,2021-08-06,yes,6.37,532.83
273,Synthetic_00273,83,F,colon,II,surgery,2024-03-02,no,7.98,337.57
274,Synthetic_00274,82,F,prostate,IV,radiotherapy,2024-02-11,no,17.17,848.54
275,Synthetic_00275,59,M,lung,III,radiotherapy,2020-12-10,yes,12.63,693.61
276,Synthetic_00276,50,M,lung,I,surgery,2025-06-14,no,2.25,466.60
277,Synthetic_00277,45,F,prostate,III,radiotherapy,2021-08-22,no,8.20,308.50
278,Synthetic_00278,63,M,colon,IV,surgery,2022-03-11,no,3.91,638.62
279,Synthetic_00279,22,F,breast,I,surgery,2024-01-17,no,6.16,615.52
280,Synthetic_00280,33,M,colon,I,chemotherapy,2021-06-07,no,12.34,419.95
281,Synthetic_00281,67,F,breast,I,radiotherapy,2024-04-08,yes,18.47,206.79
282,Synthetic_00282,47,F,breast,I,surgery,2023-09-25,yes,4.18,714.79
283,Synthetic_00283,26,F,lung,II,radiotherapy,2025-09-20,no,14.32,506.28
284,Synthetic_00284,70,F,prostate,II,radiotherapy,2025-08-16,yes,8.21,627.63
285,Synthetic_00285,57,M,lung,III,radiotherapy,2023-06-18,no,11.07,135.43
286,Synthetic_00286,62,F,colon,II,chemotherapy,2025-02-23,no,6.49,672.71
287,Synthetic_00287,20,M,lung,II,radiotherapy,2022-03-20,yes,14.77,988.94
288,Synthetic_00288,77,F,lung,III,radiotherapy,2023-01-11,no,17.99,162.62
289,Synthetic_00289,69,M,lung,IV,radiotherapy,2023-06-28,no,19.65,758.14
290,Synthetic_00290,33,M,colon,I,radiotherapy,2022-01-24,yes,18.43,925.11
291,Synthetic_00291,19,F,colon,I,surgery,2021-11-08,yes,4.28,865.41
292,Synthetic_00292,51,F,prostate,III,radiotherapy,2025-12-20,yes,14.37,394.01
293,Synthetic_00293,47,F,lung,IV,surgery,2022-04-25,no,7.44,76.30
294,Synthetic_00294,88,M,colon,II,radiotherapy,2022-12-03,yes,16.09,800.32
295,Synthetic_00295,20,M,prostate,I,chemotherapy,2021-07-05,no,1.81,600.02
296,Synthetic_00296,18,M,prostate,I,chemotherapy,2021-04-24,no,3.54,13.87
297,Synthetic_00297,56,M,lung,II,chemotherapy,2021-06-05,no,8.27,486.94
298,Synthetic_00298,56,M,breast,I,radiotherapy,2022-06-20,yes,19.45,565.03
299,Synthetic_00299,84,F,prostate,I,surgery,2025-03-03,yes,19.50,145.76
300,Synthetic_00300,36,M,lung,III,radiotherapy,2022-11-27,no,15.08,1.94
301,Synthetic_00301,89,M,colon,III,radiotherapy,2020-12-19,yes,15.38,956.75
302,Synthetic_00302,50,M,colon,IV,radiotherapy,2024-04-25,no,16.61,647.50
303,Synthetic_00303,54,M,lung,II,surgery,2024-06-10,no,8.49,258.97
304,Synthetic_00304,62,F,lung,II,radiotherapy,2020-11-05,no,5.04,350.55
305,Synthetic_00305,82,M,breast,I,surgery,2024-04-26,no,9.65,208.43
306,Synthetic_00306,31,M,colon,IV,surgery,2021-06-02,no,7.18,661.06
307,Synthetic_00307,85,M,lung,IV,surgery,2025-04-22,no,19.90,849.76
308,Synthetic_00308,25,M,colon,I,surgery,2021-08-09,yes,2.16,110.67
309,Synthetic_00309,87,F,prostate,III,chemotherapy,2023-02-06,yes,10.16,606.87
310,Synthetic_00310,74,F,colon,III,chemotherapy,2025-10-12,no,12.47,390.31
311,Synthetic_00311,74,F,colon,III,chemotherapy,2023-10-12,yes,19.06,978.95
312,Synthetic_00312,81,F,prostate,I,chemotherapy,2023-04-17,no,4.45,333.18
313,Synthetic_00313,68,F,prostate,I,chemotherapy,2024-08-22,yes,7.61,784.91
314,Synthetic_00314,78,F,prostate,I,radiotherapy,2022-11-03,yes,16.09,144.75
315,Synthetic_00315,31,F,colon,II,surgery,2021-11-18,yes,6.55,430.04
316,Synthetic_00316,37,F,lung,I,chemotherapy,2025-12-12,no,7.78,777.66
317,Synthetic_00317,49,F,breast,I,chemotherapy,2020-04-11,no,3.32,441.63
318,Synthetic_00318,63,M,breast,I,surgery,2024-12-28,yes,1.00,366.21
319,Synthetic_00319,44,F,breast,I,radiotherapy,2020-08-21,yes,15.45,636.09
320,Synthetic_00320,76,M,colon,II,chemotherapy,2023-12-15,no,16.48,768.50
321,Synthetic_00321,85,F,colon,IV,chemotherapy,2022-12-15,no,18.93,300.09
322,Synthetic_00322,71,M,breast,III,chemotherapy,2023-11-01,no,8.38,416.93
323,Synthetic_00323,25,M,breast,IV,radiotherapy,2022-07-10,yes,11.47,987.59
324,Synthetic_00324,75,M,prostate,I,surgery,2022-04-20,no,19.27,518.39
325,Synthetic_00325,61,M,lung,I,radiotherapy,2023-07-13,no,2.27,207.05
326,Synthetic_00326,62,M,breast,IV,surgery,2022-09-06,no,10.74,843.31
327,Synthetic_00327,87,F,breast,III,chemotherapy,2023-08-23,no,6.62,424.96
328,Synthetic_00328,60,F,lung,II,surgery,2025-07-28,yes,7.52,488.21
329,Synthetic_00329,42,M,colon,II,surgery,2025-09-02,yes,5.08,37.69
330,Synthetic_00330,56,F,lung,I,radiotherapy,2025-01-19,yes,8.31,53.62
331,Synthetic_00331,66,M,colon,IV,radiotherapy,2022-07-27,yes,7.50,614.07
332,Synthetic_00332,45,M,lung,IV,surgery,2024-11-23,no,6.38,600.11
333,Synthetic_00333,52,F,colon,IV,surgery,2023-11-19,yes,7.82,240.65
334,Synthetic_00334,44,M,prostate,II,radiotherapy,2021-07-16,yes,3.75,815.90
335,Synthetic_00335,80,M,breast,III,radiotherapy,2021-07-21,no,17.17,799.91
336,Synthetic_00336,50,F,colon,I,chemotherapy,2023-08-07,yes,12.40,282.74
337,Synthetic_00337,47,F,lung,IV,surgery,2025-03-21,no,9.58,10.33
338,Synthetic_00338,34,M,breast,II,chemotherapy,2022-11-06,no,2.35,760.25
339,Synthetic_00339,84,M,prostate,II,radiotherapy,2024-01-26,yes,13.17,78.71
340,Synthetic_00340,20,F,prostate,I,chemotherapy,2021-08-24,yes,19.23,736.62
341,Synthetic_00341,64,M,lung,II,chemotherapy,2022-09-08,no,17.11,453.25
342,Synthetic_00342,86,M,lung,IV,surgery,2024-11-12,no,17.39,768.86
343,Synthetic_00343,81,M,lung,IV,surgery,2025-04-01,yes,3.92,829.14
344,Synthetic_00344,69,F,colon,I,surgery,2024-07-01,no,6.55,278.57
345,Synthetic_00345,51,M,prostate,I,surgery,2023-01-28,yes,15.06,730.66
346,Synthetic_00346,18,F,breast,II,surgery,2023-08-12,yes,19.62,734.46
347,Synthetic_00347,62,F,lung,I,chemotherapy,2023-10-15,no,12.70,907.87
348,Synthetic_00348,78,F,colon,IV,radiotherapy,2020-11-18,no,9.69,337.09
349,Synthetic_00349,43,F,prostate,II,chemotherapy,2022-09-02,no,14.67,644.84
350,Synthetic_00350,48,F,prostate,I,radiotherapy,2025-10-23,yes,10.89,898.18
351,Synthetic_00351,83,F,breast,II,radiotherapy,2024-08-15,no,8.49,743.52
352,Synthetic_00352,41,F,lung,III,radiotherapy,2020-07-22,yes,1.11,76.02
353,Synthetic_00353,32,F,colon,II,radiotherapy,2022-01-24,yes,5.78,781.47
354,Synthetic_00354,29,F,lung,IV,radiotherapy,2021-04-18,no,15.06,238.18
355,Synthetic_00355,38,M,breast,IV,chemotherapy,2022-02-11,no,3.60,561.44
356,Synthetic_00356,59,M,breast,I,surgery,2022-07-02,no,11.83,163.83
357,Synthetic_00357,40,F,breast,II,chemotherapy,2024-01-28,no,17.51,304.26
358,Synthetic_00358,46,F,colon,II,radiotherapy,2025-12-28,yes,7.87,583.88
359,Synthetic_00359,65,M,lung,II,surgery,2021-06-23,yes,1.41,329.03
360,Synthetic_00360,70,M,colon,IV,surgery,2025-05-15,yes,15.68,872.34
361,Synthetic_00361,75,F,lung,IV,surgery,2025-01-01,no,19.84,388.74
362,Synthetic_00362,46,M,colon,III,chemotherapy,2022-05-25,yes,18.42,794.94
363,Synthetic_00363,56,M,colon,I,radiotherapy,2020-03-20,yes,19.52,402.38
364,Synthetic_00364,89,M,prostate,II,surgery,2024-09-20,yes,12.22,356.84
365,Synthetic_00365,78,F,colon,II,radiotherapy,2022-06-06,no,2.36,618.15
366,Synthetic_00366,65,F,breast,I,chemotherapy,2024-10-02,yes,3.02,420.14
367,Synthetic_00367,43,F,prostate,II,surgery,2022-01-24,yes,2.85,879.92
368,Synthetic_00368,83,F,breast,III,chemotherapy,2022-08-04,yes,13.22,760.99
369,Synthetic_00369,67,F,prostate,IV,chemotherapy,2021-10-06,yes,14.78,898.64
370,Synthetic_00370,76,M,breast,I,surgery,2020-07-14,no,8.06,421.78
371,Synthetic_00371,61,M,prostate,II,surgery,2024-03-12,no,12.85,625.04
372,Synthetic_00372,48,M,lung,IV,surgery,2023-01-24,no,19.37,544.40
373,Synthetic_00373,52,F,colon,II,chemotherapy,2022-01-15,no,12.36,734.88
374,Synthetic_00374,60,M,colon,II,radiotherapy,2021-12-12,no,15.13,135.22
375,Synthetic_00375,37,F,colon,IV,radiotherapy,2021-01-02,no,17.12,388.51
376,Synthetic_00376,23,M,colon,IV,radiotherapy,2024-05-07,yes,12.33,830.64
377,Synthetic_00377,62,M,prostate,I,chemotherapy,2024-10-02,no,9.52,87.79
378,Synthetic_00378,64,F,breast,I,surgery,2022-11-08,no,5.18,178.58
379,Synthetic_00379,27,M,colon,II,surgery,2025-08-19,no,7.24,618.56
380,Synthetic_00380,88,F,breast,I,chemotherapy,2023-04-02,yes,7.26,855.33
381,Synthetic_00381,79,F,colon,III,surgery,2023-10-28,yes,11.51,949.01
382,Synthetic_00382,84,F,breast,III,surgery,2024-05-14,no,6.59,938.98
383,Synthetic_00383,37,F,breast,IV,chemotherapy,2025-03-17,yes,18.78,648.33
384,Synthetic_00384,18,M,prostate,I,radiotherapy,2025-09-05,no,5.60,414.20
385,Synthetic_00385,73,F,lung,II,surgery,2025-09-05,yes,12.71,923.97
386,Synthetic_00386,36,F,breast,III,chemotherapy,2021-01-20,yes,5.81,736.49
387,Synthetic_00387,47,F,lung,II,radiotherapy,2023-05-16,yes,8.98,164.18
388,Synthetic_00388,47,M,prostate,I,surgery,2023-11-05,yes,16.48,752.88
389,Synthetic_00389,59,M,lung,II,radiotherapy,2022-09-09,yes,9.62,672.15
390,Synthetic_00390,72,F,prostate,I,surgery,2020-06-10,no,13.48,222.71
391,Synthetic_00391,55,M,colon,I,radiotherapy,2024-08-05,yes,19.36,998.70
392,Synthetic_00392,87,F,colon,I,radiotherapy,2025-07-22,no,17.66,547.61
393,Synthetic_00393,37,M,breast,II,chemotherapy,2022-12-21,no,1.92,287.95
394,Synthetic_00394,39,F,colon,I,surgery,2021-07-26,yes,2.23,372.24
395,Synthetic_00395,48,M,colon,II,surgery,2023-06-24,no,15.68,505.43
396,Synthetic_00396,87,F,lung,IV,surgery,2024-09-21,yes,13.65,234.13
397,Synthetic_00397,63,F,lung,I,radiotherapy,2022-02-18,no,19.65,297.42
398,Synthetic_00398,38,F,lung,II,chemotherapy,2022-07-26,no,1.67,312.19
399,Synthetic_00399,90,F,breast,IV,chemotherapy,2024-07-19,yes,6.55,717.82
400,Synthetic_00400,68,F,breast,II,radiotherapy,2024-12-24,no,10.25,173.91
401,Synthetic_00401,89,F,prostate,III,surgery,2020-10-14,yes,18.30,667.41
402,Synthetic_00402,75,F,lung,III,radiotherapy,2021-07-05,yes,5.85,821.41
403,Synthetic_00403,55,F,prostate,II,chemotherapy,2021-10-21,no,8.22,236.10
404,Synthetic_00404,29,F,breast,II,radiotherapy,2025-05-11,no,18.38,787.44
405,Synthetic_00405,30,F,breast,III,chemotherapy,2025-12-07,yes,4.50,641.37
406,Synthetic_00406,41,M,breast,I,surgery,2021-12-25,no,4.85,959.23
407,Synthetic_00407,46,M,colon,I,chemotherapy,2024-09-13,yes,16.18,898.93
408,Synthetic_00408,59,F,colon,III,surgery,2020-10-07,yes,1.95,937.85
409,Synthetic_00409,22,M,prostate,I,chemotherapy,2021-06-18,yes,14.71,765.70
410,Synthetic_00410,19,F,prostate,IV,chemotherapy,2022-09-01,no,19.78,268.79
411,Synthetic_00411,90,M,lung,I,radiotherapy,2025-05-27,no,9.77,119.10
412,Synthetic_00412,55,F,breast,IV,chemotherapy,2021-02-07,yes,12.99,603.20
413,Synthetic_00413,53,M,colon,I,chemotherapy,2025-06-20,yes,13.26,527.76
414,Synthetic_00414,90,F,prostate,IV,surgery,2025-08-11,yes,12.24,221.15
415,Synthetic_00415,45,F,lung,I,surgery,2024-06-12,yes,4.57,176.11
416,Synthetic_00416,20,M,prostate,I,surgery,2022-03-16,yes,6.78,112.70
417,Synthetic_00417,62,M,colon,III,chemotherapy,2024-02-01,no,5.07,311.73
418,Synthetic_00418,37,M,prostate,IV,radiotherapy,2025-12-06,no,15.34,256.83
419,Synthetic_00419,51,F,colon,IV,radiotherapy,2021-02-01,no,14.74,165.05
420,Synthetic_00420,56,F,lung,III,surgery,2024-03-28,yes,6.28,876.30
421,Synthetic_00421,25,F,prostate,I,radiotherapy,2024-01-16,no,18.69,671.62
422,Synthetic_00422,56,F,prostate,II,chemotherapy,2024-02-04,yes,6.40,75.44
423,Synthetic_00423,69,F,lung,IV,radiotherapy,2022-05-15,yes,17.33,228.85
424,Synthetic_00424,21,M,colon,III,surgery,2022-04-23,no,5.55,38.71
425,Synthetic_00425,21,F,colon,III,chemotherapy,2023-09-08,yes,13.51,59.74
426,Synthetic_00426,67,F,lung,II,surgery,2022-06-22,no,7.95,765.49
427,Synthetic_00427,22,M,lung,I,surgery,2025-08-13,yes,16.72,690.02
428,Synthetic_00428,45,F,breast,I,surgery,2022-03-17,no,9.97,561.04
429,Synthetic_00429,47,F,lung,II,surgery,2020-09-01,yes,11.27,548.93
430,Synthetic_00430,73,F,prostate,I,surgery,2022-06-12,yes,9.33,785.29
431,Synthetic_00431,36,F,lung,I,chemotherapy,2020-07-20,no,11.77,497.83
432,Synthetic_00432,54,M,colon,III,surgery,2024-12-25,yes,5.44,85.03
433,Synthetic_00433,38,F,lung,II,chemotherapy,2023-10-22,no,20.00,404.59
434,Synthetic_00434,27,M,prostate,II,chemotherapy,2020-07-10,yes,7.36,649.16
435,Synthetic_00435,18,M,lung,III,surgery,2025-10-03,no,17.47,791.95
436,Synthetic_00436,72,M,prostate,IV,surgery,2025-04-19,yes,15.96,665.56
437,Synthetic_00437,62,M,lung,II,surgery,2025-10-14,yes,4.90,169.80
438,Synthetic_00438,36,F,lung,I,surgery,2020-05-05,yes,6.77,270.68
439,Synthetic_00439,68,M,lung,II,radiotherapy,2020-07-25,no,13.89,433.71
440,Synthetic_00440,20,F,colon,I,chemotherapy,2025-08-18,yes,3.03,1.76
441,Synthetic_00441,59,M,colon,IV,radiotherapy,2023-05-06,no,4.48,481.15
442,Synthetic_00442,67,F,prostate,I,chemotherapy,2022-03-19,yes,8.45,363.95
443,Synthetic_00443,23,M,breast,III,chemotherapy,2025-02-03,no,17.93,289.76
444,Synthetic_00444,62,M,prostate,II,surgery,2020-05-25,no,17.99,151.08
445,Synthetic_00445,35,M,prostate,III,surgery,2024-01-20,no,8.65,790.98
446,Synthetic_00446,24,M,prostate,IV,radiotherapy,2021-09-02,yes,15.94,810.81
447,Synthetic_00447,77,F,colon,II,surgery,2022-01-28,no,4.17,538.18
448,Synthetic_00448,77,F,colon,II,surgery,2022-09-17,no,15.96,96.07
449,Synthetic_00449,68,M,breast,IV,surgery,2023-02-20,no,15.62,926.28
450,Synthetic_00450,29,M,prostate,III,radiotherapy,2024-02-01,yes,12.91,142.95
451,Synthetic_00451,82,M,prostate,II,surgery,2023-07-18,yes,6.32,677.91
452,Synthetic_00452,37,M,prostate,I,radiotherapy,2021-02-16,no,7.72,978.96
453,Synthetic_00453,51,M,colon,IV,surgery,2023-11-28,no,7.51,31.48
454,Synthetic_00454,38,M,prostate,IV,radiotherapy,2020-04-11,no,4.38,385.62
455,Synthetic_00455,22,F,breast,I,radiotherapy,2023-08-25,no,8.06,376.71
456,Synthetic_00456,78,M,lung,IV,surgery,2021-06-09,yes,2.66,691.77
457,Synthetic_00457,49,F,colon,I,radiotherapy,2020-01-28,no,16.83,945.26
458,Synthetic_00458,76,M,colon,II,chemotherapy,2023-05-08,yes,3.25,739.90
459,Synthetic_00459,38,M,prostate,II,surgery,2024-10-22,yes,16.86,941.97
460,Synthetic_00460,70,M,breast,II,surgery,2020-02-07,yes,8.42,335.24
461,Synthetic_00461,77,F,colon,IV,surgery,2020-10-24,yes,13.55,478.07
462,Synthetic_00462,28,F,colon,IV,chemotherapy,2024-05-15,no,18.86,717.00
463,Synthetic_00463,89,M,breast,I,chemotherapy,2023-03-06,no,18.52,476.65
464,Synthetic_00464,90,M,prostate,II,surgery,2023-11-20,yes,16.81,829.21
465,Synthetic_00465,22,M,prostate,III,radiotherapy,2025-08-24,yes,8.89,159.52
466,Synthetic_00466,46,F,lung,III,radiotherapy,2023-04-07,no,14.26,989.80
467,Synthetic_00467,45,M,prostate,II,chemotherapy,2021-03-03,no,7.86,420.07
468,Synthetic_00468,57,M,prostate,II,surgery,2023-06-09,yes,15.58,25.89
469,Synthetic_00469,59,F,colon,IV,surgery,2020-08-12,yes,6.68,82.11
470,Synthetic_00470,24,M,prostate,I,radiotherapy,2021-04-21,no,13.70,57.44
471,Synthetic_00471,19,F,colon,I,chemotherapy,2024-12-16,yes,9.76,817.89
472,Synthetic_00472,71,M,colon,II,chemotherapy,2021-05-20,no,16.22,756.23
473,Synthetic_00473,54,M,prostate,III,surgery,2021-09-04,yes,3.04,673.11
474,Synthetic_00474,82,F,breast,III,radiotherapy,2025-05-28,no,2.71,647.77
475,Synthetic_00475,73,F,lung,I,surgery,2025-05-04,no,6.53,49.66
476,Synthetic_00476,55,F,colon,IV,chemotherapy,2024-11-28,no,17.69,191.19
477,Synthetic_00477,53,F,prostate,I,radiotherapy,2023-09-26,yes,16.58,346.05
478,Synthetic_00478,24,M,colon,I,radiotherapy,2020-04-20,yes,4.34,326.51
479,Synthetic_00479,19,F,prostate,III,surgery,2025-03-11,no,11.62,256.10
480,Synthetic_00480,47,F,breast,III,surgery,2023-05-28,yes,1.26,503.52
481,Synthetic_00481,55,F,colon,I,radiotherapy,2024-01-24,yes,14.55,405.92
482,Synthetic_00482,37,F,colon,II,chemotherapy,2025-04-15,yes,19.02,512.86
483,Synthetic_00483,28,M,lung,II,radiotherapy,2025-01-27,yes,11.26,557.60
484,Synthetic_00484,80,F,prostate,II,chemotherapy,2024-08-14,no,6.48,974.76
485,Synthetic_00485,70,M,prostate,III,radiotherapy,2025-10-10,yes,15.80,797.84
486,Synthetic_00486,25,M,lung,III,surgery,2022-09-14,no,15.96,788.10
487,Synthetic_00487,28,M,prostate,I,surgery,2024-02-05,yes,14.53,264.64
488,Synthetic_00488,63,M,prostate,II,radiotherapy,2022-10-01,no,14.64,563.92
489,Synthetic_00489,64,F,prostate,I,chemotherapy,2022-02-10,no,1.71,788.80
490,Synthetic_00490,70,F,prostate,III,chemotherapy,2024-11-02,no,16.43,826.32
491,Synthetic_00491,61,F,breast,I,radiotherapy,2023-02-01,yes,18.05,254.32
492,Synthetic_00492,72,F,lung,II,radiotherapy,2023-01-24,yes,7.54,455.90
493,Synthetic_00493,23,F,prostate,IV,chemotherapy,2021-03-28,no,19.42,455.86
494,Synthetic_00494,31,M,prostate,I,chemotherapy,2024-08-07,yes,15.26,159.61
495,Synthetic_00495,31,F,prostate,II,surgery,2022-10-06,no,6.46,693.69
496,Synthetic_00496,38,F,breast,II,radiotherapy,2023-04-11,no,12.66,302.90
497,Synthetic_00497,87,M,colon,II,surgery,2021-08-27,no,5.33,257.93
498,Synthetic_00498,68,M,colon,II,surgery,2025-06-13,no,3.84,552.62
499,Synthetic_00499,25,F,colon,III,radiotherapy,2020-08-17,yes,5.53,251.16
500,Synthetic_00500,77,F,breast,I,radiotherapy,2021-09-10,no,13.95,565.54
501,Synthetic_00501,28,F,prostate,I,chemotherapy,2025-10-16,no,10.09,990.92
502,Synthetic_00502,45,M,prostate,IV,chemotherapy,2024-11-22,no,18.08,128.12
503,Synthetic_00503,80,M,prostate,II,chemotherapy,2025-02-11,no,4.77,444.31
504,Synthetic_00504,40,F,breast,IV,radiotherapy,2021-11-22,yes,13.18,530.94
505,Synthetic_00505,77,F,colon,I,surgery,2024-10-08,yes,8.56,219.61
506,Synthetic_00506,25,M,prostate,I,chemotherapy,2020-12-08,no,3.68,932.92
507,Synthetic_00507,28,M,colon,I,chemotherapy,2023-10-02,yes,18.92,281.45
508,Synthetic_00508,27,M,lung,I,radiotherapy,2024-09-27,no,17.91,126.49
509,Synthetic_00509,49,M,prostate,I,chemotherapy,2020-08-11,no,13.71,89.41
510,Synthetic_00510,27,F,lung,III,chemotherapy,2020-01-06,yes,17.78,618.72
511,Synthetic_00511,43,F,colon,II,surgery,2023-12-23,no,18.46,538.56
512,Synthetic_00512,38,M,breast,IV,chemotherapy,2023-07-09,no,6.86,910.00
513,Synthetic_00513,45,F,colon,I,surgery,2024-02-27,no,6.20,900.31
514,Synthetic_00514,87,M,breast,II,chemotherapy,2022-08-02,yes,19.42,274.44
515,Synthetic_00515,84,M,lung,II,radiotherapy,2024-09-01,no,8.04,479.68
516,Synthetic_00516,61,M,lung,II,chemotherapy,2020-11-11,no,14.93,838.81
517,Synthetic_00517,37,M,breast,II,radiotherapy,2021-09-08,yes,15.68,788.52
518,Synthetic_00518,85,M,breast,II,chemotherapy,2023-07-23,no,7.55,195.72
519,Synthetic_00519,67,F,colon,II,radiotherapy,2022-12-10,yes,8.11,994.59
520,Synthetic_00520,44,M,breast,I,surgery,2020-03-24,yes,16.63,814.13
521,Synthetic_00521,87,F,breast,III,surgery,2020-08-25,no,2.02,692.07
522,Synthetic_00522,68,M,breast,IV,surgery,2024-12-25,yes,11.81,889.92
523,Synthetic_00523,83,F,lung,I,chemotherapy,2025-03-28,no,1.06,687.91
524,Synthetic_00524,47,F,prostate,II,chemotherapy,2020-02-03,yes,17.57,401.82
525,Synthetic_00525,50,F,colon,III,chemotherapy,2021-08-17,no,14.64,447.88
526,Synthetic_00526,22,M,prostate,I,chemotherapy,2023-03-21,yes,10.66,89.08
527,Synthetic_00527,30,M,lung,III,chemotherapy,2023-11-15,yes,13.62,263.37
528,Synthetic_00528,88,F,colon,I,surgery,2021-10-27,yes,10.27,116.52
529,Synthetic_00529,84,F,colon,II,chemotherapy,2025-10-25,no,4.94,582.19
530,Synthetic_00530,65,F,breast,I,chemotherapy,2022-11-01,no,10.64,164.83
531,Synthetic_00531,30,M,breast,IV,radiotherapy,2024-07-27,no,2.07,910.36
532,Synthetic_00532,77,F,colon,III,chemotherapy,2021-03-24,no,10.70,732.95
533,Synthetic_00533,57,F,colon,IV,chemotherapy,2023-09-02,no,7.20,119.85
534,Synthetic_00534,31,F,breast,II,radiotherapy,2024-05-05,yes,6.96,613.69
535,Synthetic_00535,22,F,prostate,I,surgery,2022-01-11,yes,13.72,319.91
536,Synthetic_00536,29,M,prostate,IV,chemotherapy,2024-08-12,yes,7.91,859.74
537,Synthetic_00537,85,F,prostate,III,chemotherapy,2025-01-13,no,15.83,454.84
538,Synthetic_00538,71,M,lung,IV,radiotherapy,2022-10-18,no,4.00,758.00
539,Synthetic_00539,51,M,breast,I,surgery,2021-02-01,no,1.23,539.59
540,Synthetic_00540,47,M,lung,I,chemotherapy,2023-09-17,no,16.52,294.11
541,Synthetic_00541,28,F,breast,I,chemotherapy,2021-05-12,no,14.62,72.41
542,Synthetic_00542,75,F,prostate,IV,radiotherapy,2025-03-02,no,17.85,483.77
543,Synthetic_00543,37,M,prostate,IV,radiotherapy,2024-06-25,no,8.75,708.69
544,Synthetic_00544,61,M,breast,II,surgery,2022-07-06,no,3.52,339.90
545,Synthetic_00545,59,F,prostate,III,chemotherapy,2023-02-19,no,16.31,910.78
546,Synthetic_00546,56,M,lung,III,radiotherapy,2020-06-04,yes,16.99,81.57
547,Synthetic_00547,83,M,breast,III,radiotherapy,2021-09-21,yes,5.60,327.85
548,Synthetic_00548,42,M,prostate,II,surgery,2024-02-08,no,12.08,808.76
549,Synthetic_00549,64,F,colon,I,radiotherapy,2022-11-23,yes,13.73,868.46
550,Synthetic_00550,63,M,colon,I,chemotherapy,2023-05-21,no,11.01,926.11
551,Synthetic_00551,62,M,prostate,II,radiotherapy,2023-09-20,yes,6.92,12.89
552,Synthetic_00552,25,F,prostate,IV,chemotherapy,2024-06-01,no,2.21,306.99
553,Synthetic_00553,43,M,lung,II,chemotherapy,2023-03-19,no,3.15,823.81
554,Synthetic_00554,55,M,breast,III,radiotherapy,2020-09-15,yes,11.18,178.82
555,Synthetic_00555,68,M,breast,III,radiotherapy,2025-05-28,yes,3.76,923.90
556,Synthetic_00556,43,F,lung,II,chemotherapy,2025-06-04,yes,4.15,290.14
557,Synthetic_00557,56,M,lung,I,surgery,2023-10-02,yes,6.51,3.85
558,Synthetic_00558,24,F,prostate,II,chemotherapy,2024-12-21,no,4.92,185.93
559,Synthetic_00559,46,M,breast,II,radiotherapy,2020-06-14,yes,14.84,296.12
560,Synthetic_00560,90,F,lung,IV,chemotherapy,2022-07-07,yes,13.96,349.65
561,Synthetic_00561,35,F,prostate,III,surgery,2022-08-07,yes,16.11,243.07
562,Synthetic_00562,78,M,prostate,I,radiotherapy,2023-02-03,no,19.63,20.04
563,Synthetic_00563,39,F,lung,II,surgery,2021-03-27,no,9.06,290.61
564,Synthetic_00564,61,F,colon,IV,chemotherapy,2021-11-19,no,5.96,160.03
565,Synthetic_00565,19,F,prostate,I,surgery,2024-03-27,no,4.55,140.35
566,Synthetic_00566,52,F,colon,I,radiotherapy,2025-02-02,yes,1.09,819.81
567,Synthetic_00567,72,F,lung,IV,radiotherapy,2020-11-01,no,3.66,857.51
568,Synthetic_00568,71,F,prostate,IV,surgery,2023-12-28,yes,4.43,895.54
569,Synthetic_00569,25,F,colon,III,chemotherapy,2023-11-15,no,17.07,603.24
570,Synthetic_00570,33,F,prostate,III,chemotherapy,2025-04-08,no,5.96,309.24
571,Synthetic_00571,67,F,lung,I,surgery,2025-07-25,no,2.08,448.54
572,Synthetic_00572,69,F,lung,II,radiotherapy,2025-09-08,yes,4.90,225.41
573,Synthetic_00573,61,F,colon,II,chemotherapy,2022-04-17,no,4.85,364.55
574,Synthetic_00574,33,F,lung,I,radiotherapy,2020-08-20,no,15.92,511.68
575,Synthetic_00575,88,M,lung,I,radiotherapy,2025-11-27,yes,4.07,604.09
576,Synthetic_00576,45,F,prostate,III,radiotherapy,2022-12-16,no,17.98,143.21
577,Synthetic_00577,82,M,colon,III,chemotherapy,2023-11-04,yes,15.31,496.52
578,Synthetic_00578,52,M,lung,I,surgery,2020-03-02,yes,5.58,976.42
579,Synthetic_00579,88,M,prostate,I,chemotherapy,2024-02-19,no,16.82,362.45
580,Synthetic_00580,89,M,breast,II,surgery,2021-09-20,no,19.20,147.95
581,Synthetic_00581,19,F,breast,I,surgery,2025-06-27,no,16.31,971.04
582,Synthetic_00582,52,F,breast,III,surgery,2023-02-18,no,7.34,821.22
583,Synthetic_00583,18,M,prostate,IV,radiotherapy,2024-03-03,no,3.01,710.53
584,Synthetic_00584,39,F,breast,I,radiotherapy,2024-04-11,no,15.55,867.27
585,Synthetic_00585,62,M,lung,II,chemotherapy,2022-09-25,yes,1.50,872.08
586,Synthetic_00586,49,M,prostate,II,radiotherapy,2020-01-17,no,16.73,504.95
587,Synthetic_00587,51,M,colon,I,surgery,2020-03-28,yes,15.64,207.18
588,Synthetic_00588,45,F,breast,IV,radiotherapy,2023-12-27,no,2.98,112.63
589,Synthetic_00589,86,F,breast,IV,chemotherapy,2020-06-04,yes,8.49,63.97
590,Synthetic_00590,88,F,breast,II,surgery,2024-09-05,no,1.97,368.46
591,Synthetic_00591,41,M,colon,II,surgery,2024-04-13,no,13.37,66.98
592,Synthetic_00592,48,M,breast,I,surgery,2020-08-04,yes,17.53,820.37
593,Synthetic_00593,76,F,lung,III,radiotherapy,2022-01-04,no,15.25,347.25
594,Synthetic_00594,56,M,prostate,II,radiotherapy,2021-04-21,yes,1.76,553.87
595,Synthetic_00595,86,M,prostate,IV,surgery,2023-12-03,yes,11.86,986.97
596,Synthetic_00596,35,M,prostate,II,radiotherapy,2022-12-21,yes,11.26,583.84
597,Synthetic_00597,89,M,lung,II,radiotherapy,2023-08-14,no,11.24,121.61
598,Synthetic_00598,90,M,prostate,I,radiotherapy,2025-09-14,yes,19.94,789.11
599,Synthetic_00599,58,M,lung,III,chemotherapy,2021-06-27,no,10.54,440.94
600,Synthetic_00600,71,M,colon,II,radiotherapy,2024-07-18,no,11.96,543.76
601,Synthetic_00601,36,M,lung,II,surgery,2023-03-13,no,11.56,808.46
602,Synthetic_00602,43,F,prostate,I,chemotherapy,2023-07-08,no,18.17,968.08
603,Synthetic_00603,88,F,breast,I,radiotherapy,2022-06-04,no,12.08,594.91
604,Synthetic_00604,89,F,lung,II,surgery,2022-12-24,no,6.40,391.89
605,Synthetic_00605,46,F,prostate,IV,chemotherapy,2020-09-18,yes,16.13,350.60
606,Synthetic_00606,34,M,prostate,IV,surgery,2022-05-21,yes,13.89,355.02
607,Synthetic_00607,48,M,colon,I,surgery,2022-02-27,no,3.23,682.55
608,Synthetic_00608,35,M,breast,II,chemotherapy,2024-01-23,no,1.58,826.42
609,Synthetic_00609,25,M,lung,I,surgery,2024-02-25,no,13.23,42.17
610,Synthetic_00610,65,M,colon,II,radiotherapy,2023-03-13,yes,15.01,643.72
611,Synthetic_00611,29,M,lung,III,surgery,2023-05-17,yes,10.25,271.23
612,Synthetic_00612,57,F,breast,II,surgery,2022-06-04,yes,7.74,854.15
613,Synthetic_00613,84,M,colon,I,surgery,2021-03-14,no,11.96,186.83
614,Synthetic_00614,71,F,lung,II,surgery,2023-08-03,yes,13.17,155.73
615,Synthetic_00615,44,M,breast,III,surgery,2023-01-20,no,1.31,278.28
616,Synthetic_00616,18,F,breast,III,radiotherapy,2024-08-26,no,3.75,456.99
617,Synthetic_00617,78,M,prostate,I,chemotherapy,2021-07-24,yes,6.55,624.55
618,Synthetic_00618,87,F,colon,II,radiotherapy,2022-08-23,yes,2.99,725.73
619,Synthetic_00619,20,F,prostate,IV,surgery,2023-10-24,yes,17.13,315.50
620,Synthetic_00620,35,M,breast,II,surgery,2020-10-15,no,10.50,88.97
621,Synthetic_00621,37,F,lung,I,surgery,2024-09-06,no,19.53,301.46
622,Synthetic_00622,71,M,colon,I,radiotherapy,2024-08-16,no,11.69,106.68
623,Synthetic_00623,28,F,prostate,I,radiotherapy,2025-06-18,yes,9.11,806.47
624,Synthetic_00624,40,F,prostate,III,surgery,2025-12-27,no,1.58,666.46
625,Synthetic_00625,52,M,colon,II,radiotherapy,2025-07-07,no,17.64,266.40
626,Synthetic_00626,51,F,prostate,III,radiotherapy,2023-06-24,yes,2.06,100.17
627,Synthetic_00627,86,M,lung,IV,chemotherapy,2023-01-09,no,19.55,924.14
628,Synthetic_00628,65,M,breast,II,surgery,2024-05-25,yes,12.06,554.34
629,Synthetic_00629,48,F,prostate,III,surgery,2022-07-26,yes,13.36,773.41
630,Synthetic_00630,56,M,breast,I,surgery,2020-03-22,yes,2.19,402.55
631,Synthetic_00631,63,F,colon,II,radiotherapy,2021-07-21,yes,3.36,587.09
632,Synthetic_00632,86,M,breast,III,chemotherapy,2025-02-16,yes,14.98,471.25
633,Synthetic_00633,74,M,prostate,III,chemotherapy,2020-07-26,no,9.89,192.17
634,Synthetic_00634,77,F,colon,II,surgery,2024-02-16,yes,9.05,504.90
635,Synthetic_00635,70,M,colon,I,chemotherapy,2024-02-06,no,12.45,418.86
636,Synthetic_00636,80,M,colon,I,radiotherapy,2021-11-21,yes,15.11,944.15
637,Synthetic_00637,29,M,lung,II,radiotherapy,2022-04-04,no,5.14,289.61
638,Synthetic_00638,25,M,colon,III,radiotherapy,2024-10-25,no,16.33,164.11
639,Synthetic_00639,30,M,prostate,III,chemotherapy,2020-06-28,yes,17.95,614.50
640,Synthetic_00640,49,F,colon,II,chemotherapy,2020-04-16,yes,12.74,453.16
641,Synthetic_00641,77,F,prostate,II,radiotherapy,2022-11-20,no,13.59,939.46
642,Synthetic_00642,35,F,breast,I,radiotherapy,2023-07-25,yes,18.70,557.55
643,Synthetic_00643,59,M,breast,I,surgery,2024-01-14,yes,11.22,154.25
644,Synthetic_00644,29,F,lung,I,radiotherapy,2025-12-23,no,18.66,475.30
645,Synthetic_00645,67,F,colon,IV,chemotherapy,2020-10-27,no,15.45,845.08
646,Synthetic_00646,34,F,breast,I,chemotherapy,2022-05-19,no,1.28,970.72
647,Synthetic_00647,19,M,colon,III,chemotherapy,2024-10-20,yes,2.54,801.88
648,Synthetic_00648,35,F,colon,III,surgery,2020-10-14,no,10.14,770.01
649,Synthetic_00649,76,M,prostate,II,radiotherapy,2023-01-21,no,9.44,754.96
650,Synthetic_00650,29,F,lung,II,chemotherapy,2020-08-09,yes,6.22,800.71
651,Synthetic_00651,26,F,colon,III,radiotherapy,2020-02-06,yes,14.04,886.93
652,Synthetic_00652,29,F,prostate,I,surgery,2020-07-23,yes,3.38,421.32
653,Synthetic_00653,60,F,prostate,III,surgery,2022-04-18,no,17.24,391.80
654,Synthetic_00654,85,M,prostate,II,chemotherapy,2024-08-09,no,4.29,490.14
655,Synthetic_00655,31,M,colon,III,chemotherapy,2025-06-02,no,17.51,259.02
656,Synthetic_00656,83,F,prostate,IV,surgery,2024-01-08,yes,2.74,120.98
657,Synthetic_00657,81,M,lung,II,radiotherapy,2025-07-23,no,13.03,111.32
658,Synthetic_00658,34,F,prostate,IV,radiotherapy,2025-11-25,no,8.38,526.32
659,Synthetic_00659,85,M,colon,I,chemotherapy,2020-11-18,no,3.43,756.21
660,Synthetic_00660,46,M,lung,IV,chemotherapy,2022-07-27,yes,1.90,956.88
661,Synthetic_00661,87,M,colon,II,radiotherapy,2024-10-25,no,2.42,706.15
662,Synthetic_00662,45,F,colon,IV,radiotherapy,2024-12-02,no,16.14,740.10
663,Synthetic_00663,86,M,colon,IV,surgery,2020-02-16,yes,9.34,562.89
664,Synthetic_00664,74,M,prostate,III,surgery,2022-11-21,yes,18.16,79.48
665,Synthetic_00665,49,F,breast,II,radiotherapy,2024-03-21,yes,14.88,446.93
666,Synthetic_00666,28,M,colon,II,chemotherapy,2025-09-09,yes,15.67,433.24
667,Synthetic_00667,50,F,prostate,I,radiotherapy,2020-06-18,no,17.54,469.27
668,Synthetic_00668,82,F,prostate,III,surgery,2021-02-14,no,18.24,599.77
669,Synthetic_00669,27,F,prostate,II,radiotherapy,2023-06-06,yes,2.25,461.69
670,Synthetic_00670,32,M,lung,I,radiotherapy,2020-06-03,yes,5.65,325.14
671,Synthetic_00671,58,F,colon,III,chemotherapy,2023-09-04,no,19.62,324.22
672,Synthetic_00672,40,M,breast,IV,surgery,2022-10-03,no,6.16,315.31
673,Synthetic_00673,72,M,prostate,II,surgery,2025-04-24,no,5.12,290.05
674,Synthetic_00674,78,F,lung,II,surgery,2025-03-19,yes,3.59,38.04
675,Synthetic_00675,35,M,prostate,III,radiotherapy,2023-08-20,yes,13.30,709.76
676,Synthetic_00676,75,F,colon,I,chemotherapy,2023-04-14,no,6.64,242.29
677,Synthetic_00677,81,M,prostate,I,surgery,2021-11-27,yes,16.94,959.97
678,Synthetic_00678,26,F,colon,III,radiotherapy,2021-04-07,no,17.35,156.59
679,Synthetic_00679,23,F,breast,IV,radiotherapy,2022-01-01,no,18.80,566.59
680,Synthetic_00680,35,F,breast,III,chemotherapy,2023-11-17,yes,8.43,134.28
681,Synthetic_00681,48,F,prostate,II,chemotherapy,2024-09-15,yes,10.68,625.42
682,Synthetic_00682,84,M,lung,II,chemotherapy,2025-11-26,yes,13.67,809.73
683,Synthetic_00683,22,F,breast,III,radiotherapy,2024-05-07,no,19.47,14.31
684,Synthetic_00684,75,F,colon,III,surgery,2021-03-21,no,18.99,161.38
685,Synthetic_00685,62,M,lung,IV,chemotherapy,2021-03-16,yes,4.35,900.90
686,Synthetic_00686,37,M,colon,IV,surgery,2021-09-13,yes,11.76,480.96
687,Synthetic_00687,54,F,breast,I,radiotherapy,2024-02-16,yes,7.28,613.98
688,Synthetic_00688,32,F,lung,II,radiotherapy,2025-01-28,yes,3.62,287.00
689,Synthetic_00689,44,M,lung,II,chemotherapy,2020-10-07,no,13.72,61.37
690,Synthetic_00690,48,M,breast,II,radiotherapy,2025-04-02,yes,11.21,567.89
691,Synthetic_00691,84,F,prostate,IV,chemotherapy,2024-03-21,no,8.80,362.22
692,Synthetic_00692,42,M,prostate,I,surgery,2020-04-08,no,15.44,591.04
693,Synthetic_00693,69,M,lung,III,surgery,2022-02-26,yes,8.25,925.69
694,Synthetic_00694,52,M,lung,III,surgery,2021-06-02,no,17.43,155.04
695,Synthetic_00695,27,F,prostate,III,surgery,2024-06-07,yes,13.09,302.39
696,Synthetic_00696,20,F,colon,III,surgery,2021-07-14,yes,2.30,715.37
697,Synthetic_00697,22,F,colon,I,chemotherapy,2022-03-24,no,11.15,67.56
698,Synthetic_00698,39,M,breast,IV,surgery,2024-03-05,no,12.57,608.45
699,Synthetic_00699,21,M,prostate,I,radiotherapy,2021-09-10,no,6.50,626.99
700,Synthetic_00700,50,F,lung,II,chemotherapy,2025-03-24,no,8.58,287.35
701,Synthetic_00701,57,M,colon,IV,chemotherapy,2021-08-19,no,19.97,318.57
702,Synthetic_00702,28,F,colon,I,radiotherapy,2020-07-21,no,1.24,970.63
703,Synthetic_00703,37,F,breast,III,chemotherapy,2023-04-20,no,4.91,25.24
704,Synthetic_00704,21,F,colon,I,chemotherapy,2025-03-28,no,5.39,815.97
705,Synthetic_00705,87,F,colon,II,radiotherapy,2025-01-10,yes,1.00,656.98
706,Synthetic_00706,80,M,breast,IV,chemotherapy,2022-02-01,yes,9.08,363.65
707,Synthetic_00707,51,M,colon,I,surgery,2025-10-21,yes,6.01,8.33
708,Synthetic_00708,89,M,lung,III,surgery,2024-10-21,yes,2.51,152.62
709,Synthetic_00709,40,F,breast,I,surgery,2021-12-02,no,7.70,75.29
710,Synthetic_00710,57,M,prostate,I,chemotherapy,2020-11-09,no,18.70,930.36
711,Synthetic_00711,84,F,lung,I,surgery,2025-04-12,yes,1.14,793.58
712,Synthetic_00712,55,F,breast,II,radiotherapy,2025-12-10,no,19.57,725.77
713,Synthetic_00713,55,F,colon,I,chemotherapy,2023-10-12,no,16.01,192.99
714,Synthetic_00714,45,M,lung,III,surgery,2021-02-16,no,9.34,84.80
715,Synthetic_00715,68,F,colon,III,chemotherapy,2023-07-19,no,19.60,385.72
716,Synthetic_00716,46,F,lung,II,radiotherapy,2025-06-01,yes,13.32,398.98
717,Synthetic_00717,36,F,prostate,III,radiotherapy,2020-10-12,no,15.27,977.69
718,Synthetic_00718,58,F,breast,I,radiotherapy,2022-04-02,yes,8.70,356.70
719,Synthetic_00719,57,M,lung,I,surgery,2022-04-17,no,19.78,428.33
720,Synthetic_00720,76,M,breast,I,radiotherapy,2020-08-26,no,19.27,161.42
721,Synthetic_00721,79,F,prostate,III,radiotherapy,2021-12-07,no,18.72,234.26
722,Synthetic_00722,54,M,lung,II,surgery,2024-06-10,no,8.34,796.95
723,Synthetic_00723,18,F,breast,IV,radiotherapy,2022-01-28,no,10.57,343.04
724,Synthetic_00724,27,F,lung,III,chemotherapy,2024-09-15,no,6.62,364.34
725,Synthetic_00725,82,F,prostate,I,radiotherapy,2020-09-01,no,18.80,212.70
726,Synthetic_00726,76,F,lung,I,chemotherapy,2022-08-23,no,8.13,10.57
727,Synthetic_00727,27,F,lung,II,chemotherapy,2021-11-01,no,18.67,679.32
728,Synthetic_00728,69,F,lung,II,surgery,2020-08-12,no,11.49,375.43
729,Synthetic_00729,87,M,lung,II,chemotherapy,2022-11-23,yes,14.97,747.38
730,Synthetic_00730,32,M,prostate,I,radiotherapy,2025-06-20,yes,11.00,642.78
731,Synthetic_00731,79,F,lung,III,surgery,2022-09-10,yes,5.69,442.42
732,Synthetic_00732,55,F,prostate,III,radiotherapy,2024-03-15,yes,16.91,697.18
733,Synthetic_00733,21,F,breast,II,chemotherapy,2022-03-26,no,10.79,934.97
734,Synthetic_00734,25,M,breast,III,radiotherapy,2022-10-06,yes,4.64,648.96
735,Synthetic_00735,40,F,colon,IV,surgery,2020-02-22,yes,9.78,606.81
736,Synthetic_00736,19,F,prostate,II,radiotherapy,2023-11-15,yes,3.66,519.40
737,Synthetic_00737,56,M,lung,IV,surgery,2023-04-09,yes,11.52,741.35
738,Synthetic_00738,84,M,lung,III,chemotherapy,2024-04-13,no,5.61,993.75
739,Synthetic_00739,42,M,lung,I,chemotherapy,2024-06-02,no,3.53,507.61
740,Synthetic_00740,34,F,colon,II,surgery,2025-08-27,no,18.79,76.17
741,Synthetic_00741,55,F,lung,IV,radiotherapy,2023-04-26,no,17.27,393.23
742,Synthetic_00742,60,M,prostate,I,chemotherapy,2023-05-26,no,7.26,973.00
743,Synthetic_00743,34,M,breast,II,surgery,2023-09-09,yes,8.50,306.84
744,Synthetic_00744,58,F,colon,II,surgery,2023-07-22,yes,1.33,883.01
745,Synthetic_00745,28,F,breast,I,chemotherapy,2022-11-28,yes,3.31,894.41
746,Synthetic_00746,74,M,colon,I,surgery,2020-11-23,no,17.02,776.86
747,Synthetic_00747,57,F,lung,IV,radiotherapy,2021-08-16,yes,9.13,247.08
748,Synthetic_00748,24,M,breast,IV,surgery,2021-11-23,no,6.70,19.85
749,Synthetic_00749,68,F,prostate,III,radiotherapy,2025-08-21,yes,6.29,924.08
750,Synthetic_00750,20,M,lung,IV,surgery,2025-03-24,no,7.30,484.30
751,Synthetic_00751,27,M,lung,IV,radiotherapy,2023-05-09,yes,6.02,929.73
752,Synthetic_00752,35,F,colon,IV,surgery,2022-11-08,yes,14.02,214.51
753,Synthetic_00753,78,F,colon,III,radiotherapy,2023-12-05,yes,4.32,677.39
754,Synthetic_00754,57,M,breast,I,radiotherapy,2022-05-16,no,7.35,419.43
755,Synthetic_00755,69,M,breast,III,surgery,2023-03-06,yes,7.04,531.09
756,Synthetic_00756,29,M,colon,IV,surgery,2025-10-10,no,1.09,551.00
757,Synthetic_00757,34,M,colon,I,surgery,2024-03-18,no,18.50,427.15
758,Synthetic_00758,40,F,prostate,I,surgery,2022-01-06,yes,3.05,577.60
759,Synthetic_00759,81,F,prostate,IV,surgery,2022-05-09,yes,4.64,534.50
760,Synthetic_00760,25,M,breast,III,surgery,2024-05-03,yes,7.45,169.59
761,Synthetic_00761,42,F,lung,I,surgery,2025-01-15,yes,11.93,674.47
762,Synthetic_00762,78,M,prostate,IV,chemotherapy,2021-09-06,no,7.07,509.97
763,Synthetic_00763,86,M,lung,I,radiotherapy,2022-08-27,no,2.88,825.55
764,Synthetic_00764,86,F,breast,II,surgery,2022-05-23,no,4.21,180.81
765,Synthetic_00765,35,M,breast,III,radiotherapy,2022-02-06,no,8.68,124.98
766,Synthetic_00766,50,F,prostate,II,radiotherapy,2023-05-15,no,19.34,939.35
767,Synthetic_00767,22,M,breast,II,surgery,2023-06-24,no,18.57,637.89
768,Synthetic_00768,59,M,colon,II,radiotherapy,2022-01-09,no,10.12,799.69
769,Synthetic_00769,28,F,breast,II,chemotherapy,2023-08-18,yes,2.96,242.77
770,Synthetic_00770,69,F,lung,III,surgery,2025-01-28,yes,8.04,373.41
771,Synthetic_00771,88,M,breast,IV,surgery,2020-07-26,no,2.70,56.15
772,Synthetic_00772,38,M,colon,I,surgery,2023-07-28,yes,10.50,955.22
773,Synthetic_00773,34,F,lung,IV,chemotherapy,2024-11-01,no,5.70,501.37
774,Synthetic_00774,30,M,breast,IV,chemotherapy,2025-04-27,no,10.82,992.85
775,Synthetic_00775,72,F,colon,III,chemotherapy,2022-01-24,yes,5.83,202.96
776,Synthetic_00776,66,M,prostate,III,chemotherapy,2025-01-18,yes,4.20,950.93
777,Synthetic_00777,63,M,colon,II,chemotherapy,2025-05-12,no,17.40,420.67
778,Synthetic_00778,27,F,colon,III,radiotherapy,2021-09-26,yes,13.37,544.85
779,Synthetic_00779,36,M,colon,IV,radiotherapy,2024-08-16,yes,19.40,67.65
780,Synthetic_00780,66,M,colon,III,surgery,2025-02-20,no,16.07,162.74
781,Synthetic_00781,25,F,lung,IV,surgery,2025-08-23,no,18.80,957.22
782,Synthetic_00782,81,M,breast,III,surgery,2020-02-07,yes,3.81,735.62
783,Synthetic_00783,75,M,breast,III,radiotherapy,2020-11-01,yes,16.37,887.46
784,Synthetic_00784,59,M,breast,II,chemotherapy,2020-01-28,no,8.30,716.16
785,Synthetic_00785,51,F,lung,I,surgery,2024-09-28,no,1.28,473.07
786,Synthetic_00786,37,F,prostate,II,surgery,2021-09-20,yes,13.96,464.06
787,Synthetic_00787,64,M,prostate,II,radiotherapy,2022-05-21,no,7.39,301.90
788,Synthetic_00788,34,F,lung,I,radiotherapy,2024-06-01,yes,15.65,179.30
789,Synthetic_00789,57,F,lung,I,surgery,2024-01-01,no,1.15,742.15
790,Synthetic_00790,36,M,prostate,II,surgery,2021-09-09,no,5.91,183.79
791,Synthetic_00791,75,M,prostate,III,radiotherapy,2020-07-04,no,17.77,993.51
792,Synthetic_00792,36,F,breast,II,radiotherapy,2021-11-14,no,10.27,786.81
793,Synthetic_00793,47,M,colon,II,radiotherapy,2025-10-03,no,3.69,285.57
794,Synthetic_00794,20,F,prostate,III,chemotherapy,2025-04-22,yes,14.43,413.41
795,Synthetic_00795,30,M,prostate,IV,chemotherapy,2025-08-10,no,3.85,349.86
796,Synthetic_00796,26,M,lung,II,surgery,2025-12-26,yes,14.27,516.92
797,Synthetic_00797,18,F,colon,III,radiotherapy,2025-05-03,no,12.58,156.04
798,Synthetic_00798,83,F,lung,II,surgery,2023-12-23,yes,9.60,769.09
799,Synthetic_00799,32,F,prostate,II,radiotherapy,2023-02-22,yes,8.91,206.93
800,Synthetic_00800,90,M,colon,II,radiotherapy,2025-09-13,no,2.78,399.71
801,Synthetic_00801,57,M,lung,III,chemotherapy,2025-05-17,no,19.12,898.84
802,Synthetic_00802,29,F,colon,I,surgery,2020-11-02,yes,6.32,402.27
803,Synthetic_00803,57,M,prostate,I,chemotherapy,2021-08-13,no,2.66,551.77
804,Synthetic_00804,65,F,lung,III,radiotherapy,2020-07-28,yes,6.34,644.88
805,Synthetic_00805,74,M,prostate,II,chemotherapy,2020-05-06,no,16.24,801.00
806,Synthetic_00806,60,F,colon,II,radiotherapy,2022-09-10,no,14.95,853.55
807,Synthetic_00807,63,F,prostate,II,surgery,2023-05-12,yes,8.51,444.35
808,Synthetic_00808,82,F,breast,IV,chemotherapy,2023-08-21,no,6.45,462.54
809,Synthetic_00809,23,M,lung,I,surgery,2023-03-14,no,16.13,392.35
810,Synthetic_00810,44,M,breast,I,surgery,2022-12-25,no,19.03,587.02
811,Synthetic_00811,70,F,breast,III,radiotherapy,2024-02-08,yes,10.92,29.48
812,Synthetic_00812,45,F,lung,III,radiotherapy,2022-09-23,no,14.47,321.35
813,Synthetic_00813,28,M,prostate,IV,radiotherapy,2023-07-17,yes,16.23,901.18
814,Synthetic_00814,34,F,prostate,IV,chemotherapy,2021-12-06,yes,2.39,428.86
815,Synthetic_00815,85,F,colon,II,radiotherapy,2024-01-09,no,7.33,238.69
816,Synthetic_00816,55,M,breast,IV,surgery,2020-07-25,yes,10.61,880.56
817,Synthetic_00817,74,M,colon,I,radiotherapy,2024-04-08,no,2.35,777.05
818,Synthetic_00818,77,F,colon,II,chemotherapy,2025-08-07,no,3.24,442.77
819,Synthetic_00819,51,M,breast,III,radiotherapy,2024-04-09,no,4.12,438.38
820,Synthetic_00820,38,F,prostate,I,radiotherapy,2020-09-19,yes,17.37,802.98
821,Synthetic_00821,54,F,lung,IV,surgery,2024-08-20,no,2.27,739.45
822,Synthetic_00822,52,F,lung,I,chemotherapy,2023-03-01,no,1.56,170.42
823,Synthetic_00823,70,F,breast,II,radiotherapy,2022-01-12,no,2.11,59.98
824,Synthetic_00824,34,F,lung,III,radiotherapy,2020-04-28,yes,1.00,620.52
825,Synthetic_00825,42,M,breast,I,radiotherapy,2022-10-27,yes,5.53,779.27
826,Synthetic_00826,75,F,lung,IV,radiotherapy,2024-09-13,no,16.02,734.61
827,Synthetic_00827,35,F,breast,I,surgery,2024-09-23,no,18.67,594.33
828,Synthetic_00828,27,F,colon,III,chemotherapy,2021-05-04,yes,15.31,236.46
829,Synthetic_00829,85,F,prostate,IV,chemotherapy,2024-11-15,yes,1.69,567.64
830,Synthetic_00830,24,M,prostate,II,surgery,2021-08-01,yes,8.54,483.76
831,Synthetic_00831,56,M,colon,I,chemotherapy,2023-06-17,yes,6.21,773.84
832,Synthetic_00832,54,F,colon,I,radiotherapy,2020-10-01,yes,13.60,408.72
833,Synthetic_00833,40,M,prostate,III,surgery,2021-04-21,yes,17.79,51.58
834,Synthetic_00834,53,F,breast,III,chemotherapy,2022-10-11,yes,1.07,746.35
835,Synthetic_00835,78,M,colon,III,radiotherapy,2023-03-19,yes,8.91,442.67
836,Synthetic_00836,45,M,colon,III,surgery,2022-08-16,no,12.34,239.42
837,Synthetic_00837,37,M,colon,IV,surgery,2020-09-02,no,18.90,54.22
838,Synthetic_00838,64,M,prostate,II,radiotherapy,2023-11-19,no,10.31,255.22
839,Synthetic_00839,48,F,lung,III,chemotherapy,2020-11-13,no,17.25,655.12
840,Synthetic_00840,81,F,prostate,IV,chemotherapy,2024-03-16,no,17.65,592.58
841,Synthetic_00841,26,M,lung,III,radiotherapy,2025-12-24,no,10.09,637.20
842,Synthetic_00842,75,M,prostate,III,chemotherapy,2022-01-14,no,10.31,4.49
843,Synthetic_00843,28,M,lung,III,radiotherapy,2023-01-25,yes,5.25,487.54
844,Synthetic_00844,69,M,lung,I,chemotherapy,2022-11-05,no,3.20,947.79
845,Synthetic_00845,51,F,prostate,I,radiotherapy,2021-10-06,no,3.02,397.58
846,Synthetic_00846,53,M,lung,IV,radiotherapy,2023-05-12,no,8.92,233.81
847,Synthetic_00847,87,M,prostate,IV,surgery,2021-05-14,yes,4.59,441.42
848,Synthetic_00848,89,M,lung,I,radiotherapy,2025-09-16,no,2.69,557.90
849,Synthetic_00849,50,F,prostate,II,chemotherapy,2022-05-10,yes,4.26,189.24
850,Synthetic_00850,79,M,breast,IV,radiotherapy,2020-03-02,no,5.29,285.55
851,Synthetic_00851,42,M,prostate,IV,radiotherapy,2022-11-07,no,5.61,850.00
852,Synthetic_00852,34,M,lung,I,radiotherapy,2023-09-19,no,17.78,874.29
853,Synthetic_00853,36,F,colon,II,radiotherapy,2024-06-19,yes,2.63,625.49
854,Synthetic_00854,38,M,lung,I,surgery,2021-12-18,no,12.83,203.79
855,Synthetic_00855,56,F,prostate,I,chemotherapy,2024-03-19,no,11.87,127.67
856,Synthetic_00856,54,F,prostate,III,chemotherapy,2020-05-25,no,6.58,642.49
857,Synthetic_00857,81,M,breast,I,chemotherapy,2023-12-26,no,19.97,761.80
858,Synthetic_00858,58,F,breast,III,radiotherapy,2022-05-05,no,14.66,991.48
859,Synthetic_00859,31,F,lung,I,surgery,2023-11-09,no,11.90,226.64
860,Synthetic_00860,73,F,breast,IV,chemotherapy,2021-01-19,yes,16.96,44.37
861,Synthetic_00861,78,F,prostate,II,radiotherapy,2022-12-04,no,12.67,255.33
862,Synthetic_00862,29,M,prostate,IV,surgery,2021-05-08,no,9.98,336.17
863,Synthetic_00863,53,F,prostate,II,chemotherapy,2024-11-22,no,14.24,944.59
864,Synthetic_00864,28,F,prostate,II,radiotherapy,2025-09-18,no,12.51,400.35
865,Synthetic_00865,83,F,prostate,II,chemotherapy,2023-10-10,no,2.13,262.56
866,Synthetic_00866,34,F,prostate,I,radiotherapy,2025-02-08,no,16.30,100.33
867,Synthetic_00867,31,F,prostate,III,radiotherapy,2025-08-04,no,1.01,488.78
868,Synthetic_00868,28,F,lung,IV,chemotherapy,2021-12-08,yes,8.31,261.01
869,Synthetic_00869,73,M,lung,III,surgery,2021-01-25,no,11.46,139.02
870,Synthetic_00870,22,F,lung,IV,surgery,2022-01-19,yes,16.03,296.04
871,Synthetic_00871,30,M,prostate,II,chemotherapy,2020-08-07,no,6.70,879.53
872,Synthetic_00872,59,F,colon,II,chemotherapy,2022-09-23,yes,13.28,287.51
873,Synthetic_00873,40,F,prostate,IV,surgery,2021-04-28,yes,9.46,355.76
874,Synthetic_00874,76,F,breast,II,surgery,2020-02-21,yes,13.63,954.12
875,Synthetic_00875,34,F,breast,IV,surgery,2024-01-22,yes,19.72,630.12
876,Synthetic_00876,65,M,breast,IV,surgery,2020-10-24,no,17.81,501.45
877,Synthetic_00877,52,M,lung,IV,chemotherapy,2025-10-20,no,11.73,37.50
878,Synthetic_00878,49,M,colon,I,radiotherapy,2023-09-10,yes,14.34,87.80
879,Synthetic_00879,40,M,colon,III,surgery,2021-11-06,no,14.67,860.53
880,Synthetic_00880,55,M,lung,II,radiotherapy,2024-06-23,yes,6.83,150.02
881,Synthetic_00881,42,F,breast,IV,radiotherapy,2022-10-04,yes,15.01,629.19
882,Synthetic_00882,67,M,lung,I,chemotherapy,2025-09-10,yes,7.70,613.91
883,Synthetic_00883,62,M,colon,I,radiotherapy,2025-09-12,yes,5.10,86.03
884,Synthetic_00884,33,M,breast,III,chemotherapy,2020-08-16,no,17.83,294.88
885,Synthetic_00885,74,M,lung,II,surgery,2025-09-17,yes,4.34,886.65
886,Synthetic_00886,56,F,colon,III,surgery,2025-02-04,no,1.51,84.74
887,Synthetic_00887,51,F,breast,I,surgery,2021-02-11,yes,13.80,336.39
888,Synthetic_00888,46,F,breast,I,chemotherapy,2024-06-04,no,14.71,519.46
889,Synthetic_00889,76,M,lung,II,radiotherapy,2025-08-24,no,11.20,782.30
890,Synthetic_00890,60,F,prostate,IV,radiotherapy,2022-11-13,no,19.11,607.21
891,Synthetic_00891,28,M,colon,II,radiotherapy,2020-01-24,no,16.96,957.09
892,Synthetic_00892,23,F,colon,I,chemotherapy,2024-10-02,yes,6.20,259.92
893,Synthetic_00893,60,F,prostate,III,chemotherapy,2025-06-21,yes,13.55,433.81
894,Synthetic_00894,53,M,colon,III,surgery,2020-02-21,no,7.90,517.80
895,Synthetic_00895,66,M,colon,II,chemotherapy,2022-03-05,yes,16.02,790.89
896,Synthetic_00896,52,F,lung,II,surgery,2023-09-20,no,13.93,577.85
897,Synthetic_00897,64,M,colon,I,chemotherapy,2020-09-15,yes,11.88,715.64
898,Synthetic_00898,51,F,lung,I,chemotherapy,2020-03-28,no,9.38,861.62
899,Synthetic_00899,89,M,lung,II,surgery,2025-12-09,yes,4.90,669.67
900,Synthetic_00900,80,F,colon,III,radiotherapy,2021-02-17,yes,4.20,957.17
901,Synthetic_00901,87,F,lung,I,radiotherapy,2021-05-13,no,19.20,716.75
902,Synthetic_00902,27,M,breast,III,radiotherapy,2023-11-22,yes,7.18,679.71
903,Synthetic_00903,80,F,prostate,IV,surgery,2022-03-23,no,6.19,366.46
904,Synthetic_00904,57,F,prostate,II,chemotherapy,2022-03-15,yes,19.89,88.29
905,Synthetic_00905,66,M,lung,I,surgery,2023-12-10,no,6.44,447.41
906,Synthetic_00906,75,M,colon,IV,radiotherapy,2023-10-16,yes,6.02,364.98
907,Synthetic_00907,21,M,lung,IV,chemotherapy,2025-06-11,no,5.26,29.48
908,Synthetic_00908,57,F,prostate,IV,chemotherapy,2022-12-11,yes,19.92,857.36
909,Synthetic_00909,36,F,lung,II,chemotherapy,2020-08-19,yes,5.11,872.23
910,Synthetic_00910,64,M,breast,III,radiotherapy,2020-12-13,yes,5.52,539.72
911,Synthetic_00911,42,F,lung,IV,radiotherapy,2022-09-20,no,5.75,155.73
912,Synthetic_00912,27,M,lung,I,surgery,2022-12-27,no,16.72,307.50
913,Synthetic_00913,26,F,lung,III,surgery,2022-05-10,yes,15.39,877.87
914,Synthetic_00914,26,F,prostate,IV,surgery,2022-07-22,no,9.82,133.32
915,Synthetic_00915,22,F,lung,IV,chemotherapy,2025-02-01,no,8.29,164.92
916,Synthetic_00916,84,M,breast,III,radiotherapy,2021-08-17,yes,10.50,514.94
917,Synthetic_00917,77,M,breast,III,surgery,2025-08-10,no,14.38,669.71
918,Synthetic_00918,40,F,prostate,I,chemotherapy,2021-01-23,no,7.03,36.40
919,Synthetic_00919,29,F,breast,I,radiotherapy,2022-05-07,yes,13.61,954.67
920,Synthetic_00920,49,F,prostate,I,radiotherapy,2025-07-25,yes,13.94,803.23
921,Synthetic_00921,32,F,breast,III,surgery,2022-01-08,yes,3.26,925.32
922,Synthetic_00922,36,F,lung,II,chemotherapy,2025-12-10,no,16.29,415.86
923,Synthetic_00923,34,F,breast,II,radiotherapy,2022-09-11,yes,9.36,349.05
924,Synthetic_00924,82,F,lung,I,chemotherapy,2022-12-08,no,17.11,207.97
925,Synthetic_00925,49,M,prostate,III,radiotherapy,2025-03-13,no,13.53,809.47
926,Synthetic_00926,63,M,prostate,II,radiotherapy,2025-08-03,yes,1.17,114.65
927,Synthetic_00927,23,F,lung,IV,chemotherapy,2025-02-07,yes,17.26,649.20
928,Synthetic_00928,18,M,breast,II,chemotherapy,2022-05-23,yes,18.60,203.33
929,Synthetic_00929,52,M,prostate,IV,chemotherapy,2020-12-13,yes,1.29,473.15
930,Synthetic_00930,31,M,breast,II,surgery,2022-10-03,yes,19.87,222.11
931,Synthetic_00931,39,M,lung,IV,radiotherapy,2022-12-07,yes,4.57,100.82
932,Synthetic_00932,75,F,colon,III,chemotherapy,2024-08-05,yes,5.74,224.72
933,Synthetic_00933,39,M,colon,I,radiotherapy,2023-12-01,no,11.00,158.40
934,Synthetic_00934,21,M,breast,IV,radiotherapy,2024-03-13,yes,4.24,705.93
935,Synthetic_00935,35,M,breast,IV,chemotherapy,2025-10-20,no,5.43,999.11
936,Synthetic_00936,28,M,prostate,III,surgery,2022-06-13,yes,17.45,604.18
937,Synthetic_00937,59,F,colon,IV,chemotherapy,2024-10-06,yes,4.97,409.15
938,Synthetic_00938,73,F,prostate,I,chemotherapy,2020-05-04,no,1.88,849.83
939,Synthetic_00939,34,M,lung,II,surgery,2023-02-06,yes,18.43,197.90
940,Synthetic_00940,23,F,prostate,I,radiotherapy,2020-12-12,yes,15.62,350.72
941,Synthetic_00941,38,F,lung,IV,chemotherapy,2022-07-24,yes,9.20,198.91
942,Synthetic_00942,50,F,prostate,II,surgery,2023-05-11,no,8.03,533.31
943,Synthetic_00943,53,F,lung,I,surgery,2021-03-16,yes,5.04,945.53
944,Synthetic_00944,27,M,lung,II,surgery,2022-04-19,no,8.66,328.69
945,Synthetic_00945,87,M,colon,III,chemotherapy,2023-03-24,yes,13.75,558.17
946,Synthetic_00946,18,M,lung,III,surgery,2022-10-20,no,2.62,84.00
947,Synthetic_00947,25,F,lung,I,surgery,2022-09-03,no,5.33,748.74
948,Synthetic_00948,77,M,breast,III,surgery,2020-12-16,no,2.40,696.67
949,Synthetic_00949,34,F,colon,III,surgery,2020-09-24,no,2.45,342.18
950,Synthetic_00950,19,M,breast,II,surgery,2025-10-02,yes,12.86,395.78
951,Synthetic_00951,24,F,colon,I,radiotherapy,2022-07-21,no,12.03,458.97
952,Synthetic_00952,19,F,breast,II,chemotherapy,2022-04-23,yes,6.05,23.54
953,Synthetic_00953,74,F,colon,II,radiotherapy,2021-11-03,no,16.74,329.63
954,Synthetic_00954,37,M,colon,III,radiotherapy,2021-01-23,no,6.23,773.11
955,Synthetic_00955,47,F,lung,II,radiotherapy,2020-05-21,yes,10.92,86.46
956,Synthetic_00956,25,M,breast,II,chemotherapy,2025-07-05,yes,4.12,172.10
957,Synthetic_00957,32,F,lung,III,surgery,2022-04-01,yes,4.94,790.47
958,Synthetic_00958,58,M,colon,I,radiotherapy,2025-02-14,yes,1.73,807.73
959,Synthetic_00959,45,F,lung,I,radiotherapy,2021-11-16,yes,3.74,118.92
960,Synthetic_00960,86,M,lung,I,radiotherapy,2024-08-01,no,7.53,142.23
961,Synthetic_00961,84,M,breast,II,surgery,2024-08-11,no,17.12,932.56
962,Synthetic_00962,21,F,prostate,I,surgery,2020-07-19,no,11.62,202.94
963,Synthetic_00963,45,M,prostate,IV,surgery,2025-07-10,yes,9.73,291.04
964,Synthetic_00964,54,F,breast,I,chemotherapy,2024-05-16,no,9.46,768.65
965,Synthetic_00965,29,M,breast,IV,chemotherapy,2023-06-10,no,3.86,901.37
966,Synthetic_00966,54,M,colon,I,radiotherapy,2024-01-26,no,3.21,857.35
967,Synthetic_00967,51,M,breast,IV,surgery,2020-11-25,yes,7.29,499.66
968,Synthetic_00968,84,M,breast,II,chemotherapy,2023-12-13,no,18.37,937.84
969,Synthetic_00969,51,F,prostate,III,surgery,2025-02-13,no,19.44,840.85
970,Synthetic_00970,89,F,prostate,III,chemotherapy,2025-03-04,no,5.59,773.05
971,Synthetic_00971,87,F,breast,IV,surgery,2024-10-20,no,7.77,180.51
972,Synthetic_00972,42,M,breast,IV,chemotherapy,2025-04-15,yes,3.96,790.42
973,Synthetic_00973,79,M,lung,III,surgery,2025-04-24,no,14.73,584.19
974,Synthetic_00974,84,M,prostate,IV,chemotherapy,2025-01-04,yes,9.64,344.71
975,Synthetic_00975,49,M,lung,IV,surgery,2024-12-12,no,14.01,771.21
976,Synthetic_00976,61,M,prostate,IV,chemotherapy,2025-11-14,yes,3.97,928.50
977,Synthetic_00977,89,M,breast,III,chemotherapy,2021-03-17,no,3.08,793.29
978,Synthetic_00978,20,M,colon,III,radiotherapy,2023-10-03,yes,9.33,38.86
979,Synthetic_00979,24,F,prostate,II,radiotherapy,2024-01-12,yes,10.94,566.08
980,Synthetic_00980,30,M,prostate,II,chemotherapy,2024-03-22,no,2.78,627.71
981,Synthetic_00981,52,F,colon,I,radiotherapy,2023-02-05,yes,18.67,576.24
982,Synthetic_00982,60,M,lung,I,radiotherapy,2025-12-20,no,10.96,476.44
983,Synthetic_00983,78,F,lung,IV,radiotherapy,2025-07-12,no,9.77,8.73
984,Synthetic_00984,31,F,breast,I,radiotherapy,2021-05-10,no,7.12,324.14
985,Synthetic_00985,75,M,colon,IV,radiotherapy,2023-05-17,yes,12.93,921.47
986,Synthetic_00986,55,F,lung,IV,surgery,2022-05-22,yes,10.24,553.32
987,Synthetic_00987,78,M,colon,IV,surgery,2022-09-12,no,12.93,869.69
988,Synthetic_00988,44,F,breast,II,chemotherapy,2020-05-16,no,18.70,91.14
989,Synthetic_00989,52,F,prostate,IV,surgery,2022-11-23,no,1.30,556.14
990,Synthetic_00990,67,F,colon,II,surgery,2022-06-26,yes,10.58,980.70
991,Synthetic_00991,41,F,breast,II,surgery,2020-09-21,no,1.29,274.92
992,Synthetic_00992,42,F,colon,III,chemotherapy,2021-02-20,yes,10.26,970.41
993,Synthetic_00993,82,F,colon,I,chemotherapy,2025-10-15,yes,15.10,390.65
994,Synthetic_00994,41,M,colon,II,surgery,2020-02-02,no,1.11,520.82
995,Synthetic_00995,69,M,prostate,II,radiotherapy,2024-06-25,no,6.15,660.31
996,Synthetic_00996,78,M,colon,IV,radiotherapy,2021-05-04,yes,4.03,561.93
997,Synthetic_00997,31,F,breast,III,chemotherapy,2021-08-11,yes,9.12,111.21
998,Synthetic_00998,61,F,colon,IV,surgery,2023-01-25,yes,3.39,704.59
999,Synthetic_00999,42,M,prostate,I,radiotherapy,2023-08-12,no,1.10,504.25
1000,Synthetic_01000,43,F,breast,I,surgery,2020-12-23,yes,2.46,919.15
1001,Synthetic_01001,45,F,breast,II,chemotherapy,2023-10-14,yes,3.63,932.85
1002,Synthetic_01002,73,F,prostate,II,chemotherapy,2024-12-28,yes,15.93,486.37
1003,Synthetic_01003,46,M,lung,IV,radiotherapy,2023-10-12,no,3.29,272.03
1004,Synthetic_01004,60,M,prostate,III,surgery,2025-07-19,yes,9.60,738.10
1005,Synthetic_01005,48,F,prostate,I,radiotherapy,2020-05-26,yes,3.69,886.16
1006,Synthetic_01006,29,M,colon,II,chemotherapy,2024-04-17,no,7.14,530.15
1007,Synthetic_01007,45,M,colon,I,radiotherapy,2024-10-15,yes,8.95,872.17
1008,Synthetic_01008,34,F,breast,IV,surgery,2025-09-26,no,12.83,568.51
1009,Synthetic_01009,76,F,colon,I,chemotherapy,2023-02-25,yes,6.99,68.83
1010,Synthetic_01010,63,F,lung,IV,surgery,2023-08-01,yes,17.04,688.56
1011,Synthetic_01011,28,F,breast,I,chemotherapy,2025-08-12,yes,10.75,481.12
1012,Synthetic_01012,84,M,prostate,II,surgery,2024-02-11,yes,17.87,940.12
1013,Synthetic_01013,52,M,colon,I,surgery,2022-04-05,no,2.21,766.60
1014,Synthetic_01014,85,F,lung,I,surgery,2025-11-08,no,19.36,303.66
1015,Synthetic_01015,29,F,lung,I,chemotherapy,2020-11-15,yes,17.05,240.69
1016,Synthetic_01016,74,M,prostate,II,radiotherapy,2020-08-28,no,9.81,919.67
1017,Synthetic_01017,75,M,colon,I,radiotherapy,2023-03-18,no,2.64,126.52
1018,Synthetic_01018,50,M,lung,I,surgery,2021-05-16,yes,7.73,146.87
1019,Synthetic_01019,84,F,colon,I,chemotherapy,2021-10-10,no,10.70,118.71
1020,Synthetic_01020,90,F,breast,II,radiotherapy,2020-01-20,no,16.77,703.15
1021,Synthetic_01021,60,M,breast,III,radiotherapy,2021-02-12,no,4.67,947.94
1022,Synthetic_01022,32,F,breast,II,surgery,2023-07-12,no,8.98,831.60
1023,Synthetic_01023,18,F,prostate,I,radiotherapy,2020-02-27,no,11.28,323.60
1024,Synthetic_01024,90,F,breast,II,surgery,2023-01-06,yes,13.37,583.11
1025,Synthetic_01025,59,F,prostate,III,surgery,2021-12-02,no,13.14,253.15
1026,Synthetic_01026,77,F,lung,I,chemotherapy,2020-08-07,yes,11.27,324.54
1027,Synthetic_01027,75,F,lung,IV,surgery,2025-04-09,yes,17.97,81.49
1028,Synthetic_01028,58,F,lung,I,surgery,2024-11-16,yes,9.27,92.41
1029,Synthetic_01029,61,M,colon,IV,radiotherapy,2025-08-28,no,6.02,181.32
1030,Synthetic_01030,51,F,lung,III,chemotherapy,2023-07-01,no,14.16,615.26
1031,Synthetic_01031,28,M,breast,III,radiotherapy,2020-03-20,no,8.14,585.19
1032,Synthetic_01032,66,M,prostate,IV,surgery,2020-12-10,no,9.85,772.56
1033,Synthetic_01033,84,M,lung,II,radiotherapy,2022-11-22,yes,10.94,700.94
1034,Synthetic_01034,27,M,breast,II,chemotherapy,2024-12-20,no,18.87,960.21
1035,Synthetic_01035,41,F,colon,I,surgery,2020-01-11,no,9.76,820.45
1036,Synthetic_01036,69,F,breast,IV,radiotherapy,2021-12-08,yes,16.65,82.99
1037,Synthetic_01037,38,F,colon,III,surgery,2025-08-14,no,2.83,336.70
1038,Synthetic_01038,69,M,breast,II,radiotherapy,2020-06-28,no,17.83,710.46
1039,Synthetic_01039,70,M,colon,I,chemotherapy,2023-06-06,yes,14.58,547.90
1040,Synthetic_01040,44,M,colon,III,surgery,2020-04-17,no,3.68,487.23
1041,Synthetic_01041,90,F,lung,IV,radiotherapy,2024-11-19,no,12.23,723.41
1042,Synthetic_01042,21,F,lung,II,radiotherapy,2024-05-05,no,14.27,404.38
1043,Synthetic_01043,18,M,colon,I,radiotherapy,2025-01-16,no,12.97,98.13
1044,Synthetic_01044,20,M,colon,I,chemotherapy,2024-03-12,no,13.66,508.72
1045,Synthetic_01045,68,M,colon,I,chemotherapy,2022-03-04,yes,17.55,772.41
1046,Synthetic_01046,85,F,lung,I,radiotherapy,2022-07-12,yes,2.22,497.81
1047,Synthetic_01047,80,F,colon,I,surgery,2020-01-12,yes,17.75,984.66
1048,Synthetic_01048,31,F,lung,I,chemotherapy,2022-12-06,no,17.34,519.51
1049,Synthetic_01049,49,M,prostate,II,radiotherapy,2024-02-09,no,17.46,657.33
1050,Synthetic_01050,43,M,colon,IV,surgery,2020-10-24,no,14.37,493.05
1051,Synthetic_01051,55,M,prostate,II,radiotherapy,2024-05-24,no,8.22,919.85
1052,Synthetic_01052,86,F,colon,III,radiotherapy,2023-01-18,no,7.22,283.57
1053,Synthetic_01053,67,M,colon,IV,surgery,2022-01-01,no,7.59,823.76
1054,Synthetic_01054,71,M,prostate,I,chemotherapy,2025-12-25,yes,6.60,822.66
1055,Synthetic_01055,73,M,colon,II,chemotherapy,2024-02-16,yes,10.72,97.26
1056,Synthetic_01056,71,F,colon,III,chemotherapy,2025-02-09,no,19.79,737.48
1057,Synthetic_01057,78,M,prostate,I,radiotherapy,2023-01-18,yes,18.16,66.49
1058,Synthetic_01058,41,M,colon,III,surgery,2023-11-11,no,7.11,956.54
1059,Synthetic_01059,85,F,prostate,I,radiotherapy,2023-01-10,yes,4.24,959.66
1060,Synthetic_01060,79,M,lung,I,surgery,2022-07-24,yes,7.92,252.08
1061,Synthetic_01061,59,M,breast,I,surgery,2022-11-02,yes,13.02,602.85
1062,Synthetic_01062,82,M,lung,III,chemotherapy,2025-11-23,no,6.97,563.47
1063,Synthetic_01063,46,M,lung,I,chemotherapy,2025-02-27,no,3.88,442.84
1064,Synthetic_01064,28,F,colon,I,radiotherapy,2024-12-22,yes,13.68,165.92
1065,Synthetic_01065,65,M,colon,III,radiotherapy,2024-05-28,no,7.07,514.69
1066,Synthetic_01066,73,F,lung,III,radiotherapy,2023-06-09,yes,13.99,200.72
1067,Synthetic_01067,56,M,prostate,III,chemotherapy,2020-03-06,no,18.91,656.37
1068,Synthetic_01068,30,M,colon,III,surgery,2025-03-17,yes,13.39,212.86
1069,Synthetic_01069,70,M,colon,I,surgery,2021-02-01,no,2.57,27.95
1070,Synthetic_01070,87,M,prostate,IV,radiotherapy,2021-03-22,no,11.68,751.45
1071,Synthetic_01071,52,F,colon,I,chemotherapy,2025-02-01,no,3.12,613.34
1072,Synthetic_01072,38,F,breast,I,chemotherapy,2020-07-20,no,5.19,862.74
1073,Synthetic_01073,38,M,colon,I,radiotherapy,2025-03-22,no,13.90,668.60
1074,Synthetic_01074,45,M,lung,III,radiotherapy,2025-09-18,no,6.13,179.87
1075,Synthetic_01075,86,M,lung,III,radiotherapy,2020-03-20,no,6.12,236.65
1076,Synthetic_01076,52,M,prostate,III,surgery,2020-04-03,yes,18.88,246.38
1077,Synthetic_01077,21,M,breast,III,chemotherapy,2021-10-12,yes,5.97,420.23
1078,Synthetic_01078,83,F,colon,III,chemotherapy,2021-01-25,no,18.11,682.18
1079,Synthetic_01079,24,F,breast,IV,surgery,2025-06-21,no,4.89,526.18
1080,Synthetic_01080,59,M,colon,II,chemotherapy,2024-09-26,yes,4.38,588.06
1081,Synthetic_01081,79,M,lung,II,radiotherapy,2021-10-07,yes,1.44,745.72
1082,Synthetic_01082,31,F,breast,IV,chemotherapy,2021-11-20,yes,16.37,562.67
1083,Synthetic_01083,90,F,breast,I,surgery,2024-08-21,yes,1.58,647.61
1084,Synthetic_01084,19,M,breast,IV,surgery,2020-02-20,no,11.64,900.20
1085,Synthetic_01085,83,F,prostate,I,chemotherapy,2020-01-04,yes,15.21,632.62
1086,Synthetic_01086,74,F,lung,IV,radiotherapy,2021-09-07,no,3.35,874.48
1087,Synthetic_01087,90,F,prostate,IV,radiotherapy,2025-12-17,yes,5.14,274.98
1088,Synthetic_01088,37,M,prostate,III,radiotherapy,2024-06-24,yes,11.32,943.32
1089,Synthetic_01089,34,M,lung,III,chemotherapy,2021-04-03,no,8.21,341.20
1090,Synthetic_01090,32,F,lung,II,chemotherapy,2021-04-12,no,15.34,99.00
1091,Synthetic_01091,68,F,prostate,IV,radiotherapy,2022-11-26,no,1.27,312.66
1092,Synthetic_01092,68,F,colon,IV,chemotherapy,2023-02-12,no,16.71,212.55
1093,Synthetic_01093,71,F,breast,I,chemotherapy,2022-07-09,yes,17.53,947.11
1094,Synthetic_01094,48,M,lung,II,surgery,2024-07-13,no,12.98,865.91
1095,Synthetic_01095,25,F,lung,II,chemotherapy,2022-09-05,yes,9.33,101.31
1096,Synthetic_01096,85,M,breast,III,chemotherapy,2020-06-21,no,16.80,97.01
1097,Synthetic_01097,22,F,prostate,I,radiotherapy,2025-10-16,no,12.78,292.63
1098,Synthetic_01098,57,M,prostate,III,chemotherapy,2025-02-13,yes,10.67,507.59
1099,Synthetic_01099,61,F,breast,III,chemotherapy,2020-04-23,yes,15.82,673.93
1100,Synthetic_01100,84,M,lung,IV,radiotherapy,2025-10-03,no,5.44,590.05
1101,Synthetic_01101,88,F,lung,I,surgery,2023-10-06,yes,12.75,711.22
1102,Synthetic_01102,23,M,colon,III,chemotherapy,2025-05-13,no,18.17,98.66
1103,Synthetic_01103,66,M,prostate,IV,surgery,2022-09-10,no,18.73,701.86
1104,Synthetic_01104,44,F,breast,II,surgery,2021-02-16,yes,1.80,323.72
1105,Synthetic_01105,79,M,breast,IV,surgery,2022-03-23,no,12.37,573.82
1106,Synthetic_01106,21,M,lung,III,surgery,2025-04-16,no,6.12,917.25
1107,Synthetic_01107,32,M,breast,I,radiotherapy,2021-10-26,no,8.50,620.85
1108,Synthetic_01108,81,F,prostate,IV,surgery,2022-04-12,yes,11.64,54.56
1109,Synthetic_01109,66,F,lung,I,surgery,2023-09-08,no,1.34,553.49
1110,Synthetic_01110,36,F,prostate,II,surgery,2023-10-24,no,11.97,384.57
1111,Synthetic_01111,89,F,colon,III,chemotherapy,2024-05-11,no,1.81,260.02
1112,Synthetic_01112,79,F,lung,I,surgery,2024-12-02,yes,18.82,502.82
1113,Synthetic_01113,72,F,colon,II,radiotherapy,2023-08-20,no,1.24,435.44
1114,Synthetic_01114,83,M,breast,I,surgery,2020-03-14,no,9.33,998.08
1115,Synthetic_01115,88,M,breast,IV,surgery,2024-08-27,no,8.36,866.95
1116,Synthetic_01116,78,F,prostate,II,surgery,2023-08-22,no,12.50,424.91
1117,Synthetic_01117,81,M,colon,I,surgery,2022-04-10,no,12.34,100.64
1118,Synthetic_01118,56,F,prostate,I,surgery,2022-11-25,no,18.76,863.01
1119,Synthetic_01119,44,F,lung,II,chemotherapy,2020-01-21,no,17.67,565.61
1120,Synthetic_01120,50,F,breast,IV,radiotherapy,2025-10-23,yes,17.04,49.33
1121,Synthetic_01121,87,M,colon,IV,surgery,2025-01-11,no,17.38,686.31
1122,Synthetic_01122,58,F,prostate,IV,radiotherapy,2020-05-09,no,17.39,657.32
1123,Synthetic_01123,82,M,lung,IV,chemotherapy,2025-01-05,yes,17.00,591.58
1124,Synthetic_01124,29,M,colon,III,surgery,2025-12-23,no,10.87,245.09
1125,Synthetic_01125,67,M,breast,IV,radiotherapy,2025-09-16,no,1.43,671.98
1126,Synthetic_01126,29,F,breast,III,radiotherapy,2022-08-07,yes,6.22,678.25
1127,Synthetic_01127,81,F,colon,IV,chemotherapy,2021-05-28,yes,7.47,93.23
1128,Synthetic_01128,27,M,colon,IV,radiotherapy,2024-07-18,no,10.44,163.46
1129,Synthetic_01129,33,F,colon,II,chemotherapy,2025-01-16,no,15.95,874.55
1130,Synthetic_01130,36,M,colon,III,radiotherapy,2023-04-24,no,3.16,53.31
1131,Synthetic_01131,72,M,lung,III,radiotherapy,2023-04-15,no,6.66,275.74
1132,Synthetic_01132,57,M,breast,I,chemotherapy,2020-09-19,yes,6.44,667.19
1133,Synthetic_01133,84,M,prostate,III,radiotherapy,2021-05-27,no,4.79,542.52
1134,Synthetic_01134,45,F,colon,III,chemotherapy,2023-01-25,yes,12.00,646.48
1135,Synthetic_01135,49,M,breast,III,radiotherapy,2025-08-05,yes,19.99,580.03
1136,Synthetic_01136,73,F,lung,IV,chemotherapy,2024-12-26,yes,4.75,379.50
1137,Synthetic_01137,66,M,colon,III,chemotherapy,2022-11-08,yes,3.34,290.47
1138,Synthetic_01138,46,F,lung,IV,surgery,2020-07-12,yes,12.74,919.76
1139,Synthetic_01139,48,M,colon,II,chemotherapy,2024-07-08,yes,11.15,555.64
1140,Synthetic_01140,47,F,lung,I,radiotherapy,2020-01-16,yes,3.12,15.53
1141,Synthetic_01141,78,F,breast,II,chemotherapy,2022-04-07,yes,3.77,809.94
1142,Synthetic_01142,77,F,colon,III,chemotherapy,2022-05-09,yes,15.30,282.49
1143,Synthetic_01143,74,F,colon,III,surgery,2022-04-04,no,5.47,329.94
1144,Synthetic_01144,88,F,breast,III,surgery,2024-01-16,yes,6.24,966.96
1145,Synthetic_01145,22,F,lung,II,radiotherapy,2020-12-07,no,2.31,723.95
1146,Synthetic_01146,25,M,lung,II,chemotherapy,2024-03-14,yes,1.53,204.07
1147,Synthetic_01147,55,M,breast,III,chemotherapy,2025-08-12,yes,8.50,348.91
1148,Synthetic_01148,64,F,colon,I,radiotherapy,2020-09-17,yes,3.45,53.11
1149,Synthetic_01149,19,M,lung,I,chemotherapy,2023-04-25,yes,13.44,138.94
1150,Synthetic_01150,53,F,colon,II,surgery,2022-01-18,no,9.75,444.55
1151,Synthetic_01151,84,M,breast,II,chemotherapy,2022-02-12,no,12.05,707.53
1152,Synthetic_01152,41,M,breast,I,chemotherapy,2020-09-28,yes,17.56,539.45
1153,Synthetic_01153,35,M,prostate,III,surgery,2021-07-02,no,2.20,889.57
1154,Synthetic_01154,39,F,breast,II,radiotherapy,2020-01-14,yes,11.11,925.65
1155,Synthetic_01155,81,M,colon,III,surgery,2025-11-13,yes,3.90,486.28
1156,Synthetic_01156,63,F,prostate,II,radiotherapy,2021-11-12,yes,2.71,109.26
1157,Synthetic_01157,44,F,prostate,IV,surgery,2022-11-13,yes,6.52,715.57
1158,Synthetic_01158,31,F,lung,IV,chemotherapy,2020-07-19,no,11.48,279.66
1159,Synthetic_01159,22,M,colon,I,surgery,2022-07-13,no,3.77,536.47
1160,Synthetic_01160,23,M,lung,I,chemotherapy,2024-06-25,no,14.08,807.37
1161,Synthetic_01161,82,M,colon,II,radiotherapy,2024-08-26,no,4.72,855.31
1162,Synthetic_01162,78,M,prostate,III,surgery,2020-04-12,yes,10.99,138.28
1163,Synthetic_01163,20,F,breast,II,chemotherapy,2023-05-19,yes,12.12,45.46
1164,Synthetic_01164,86,F,prostate,II,radiotherapy,2022-03-06,no,2.48,625.84
1165,Synthetic_01165,26,F,colon,I,radiotherapy,2022-02-10,yes,1.31,218.72
1166,Synthetic_01166,63,M,lung,II,radiotherapy,2020-10-26,no,18.46,202.64
1167,Synthetic_01167,37,F,colon,IV,chemotherapy,2022-06-06,yes,19.18,631.16
1168,Synthetic_01168,28,M,prostate,II,surgery,2023-01-28,no,14.77,157.95
1169,Synthetic_01169,47,M,breast,IV,radiotherapy,2024-12-24,no,4.72,508.78
1170,Synthetic_01170,63,M,colon,III,surgery,2023-04-05,yes,9.73,381.74
1171,Synthetic_01171,26,M,breast,III,chemotherapy,2022-09-11,yes,14.57,944.24
1172,Synthetic_01172,20,F,colon,II,surgery,2021-01-11,yes,14.05,557.91
1173,Synthetic_01173,63,M,prostate,II,radiotherapy,2020-09-11,yes,18.30,932.74
1174,Synthetic_01174,78,M,breast,IV,surgery,2020-06-04,yes,10.23,640.13
1175,Synthetic_01175,48,M,prostate,I,radiotherapy,2020-06-09,no,14.94,759.80
1176,Synthetic_01176,64,M,prostate,II,chemotherapy,2022-01-03,no,15.02,653.53
1177,Synthetic_01177,65,M,breast,III,chemotherapy,2021-09-17,yes,12.43,994.42
1178,Synthetic_01178,74,F,lung,II,radiotherapy,2024-05-16,no,16.10,545.14
1179,Synthetic_01179,58,M,colon,I,surgery,2021-10-22,no,17.99,694.94
1180,Synthetic_01180,72,M,prostate,II,surgery,2025-09-21,no,11.80,157.46
1181,Synthetic_01181,88,F,lung,IV,radiotherapy,2020-06-03,yes,1.00,984.63
1182,Synthetic_01182,77,F,prostate,IV,radiotherapy,2022-05-12,yes,16.79,613.10
1183,Synthetic_01183,53,F,lung,III,radiotherapy,2022-06-02,yes,7.27,733.83
1184,Synthetic_01184,65,M,breast,III,surgery,2021-10-05,yes,7.34,424.79
1185,Synthetic_01185,27,F,breast,III,surgery,2023-12-09,yes,6.30,81.73
1186,Synthetic_01186,29,M,colon,IV,surgery,2021-01-28,no,4.65,797.19
1187,Synthetic_01187,29,F,colon,IV,chemotherapy,2022-01-25,no,15.61,612.27
1188,Synthetic_01188,35,M,breast,III,chemotherapy,2021-02-16,no,18.45,424.05
1189,Synthetic_01189,85,M,colon,I,radiotherapy,2024-11-26,no,3.19,401.51
1190,Synthetic_01190,25,M,prostate,I,surgery,2020-04-09,no,13.61,28.05
1191,Synthetic_01191,22,M,lung,III,radiotherapy,2023-03-15,no,11.53,323.90
1192,Synthetic_01192,84,M,lung,IV,surgery,2024-08-17,no,8.42,587.03
1193,Synthetic_01193,22,F,lung,I,surgery,2023-03-12,yes,6.05,976.65
1194,Synthetic_01194,66,F,prostate,II,chemotherapy,2024-03-25,yes,15.65,257.90
1195,Synthetic_01195,33,M,prostate,IV,chemotherapy,2020-12-08,yes,13.69,258.48
1196,Synthetic_01196,90,F,breast,IV,surgery,2022-06-25,yes,11.08,535.42
1197,Synthetic_01197,38,M,breast,III,surgery,2025-02-10,yes,18.54,750.08
1198,Synthetic_01198,19,M,prostate,III,chemotherapy,2025-04-25,no,7.89,342.96
1199,Synthetic_01199,65,F,prostate,I,surgery,2024-06-03,no,12.49,376.95
1200,Synthetic_01200,82,F,prostate,III,surgery,2025-03-08,yes,1.10,172.69
1201,Synthetic_01201,73,F,breast,I,chemotherapy,2022-09-24,no,2.23,743.54
1202,Synthetic_01202,32,M,lung,I,radiotherapy,2025-05-25,no,9.12,82.10
1203,Synthetic_01203,42,M,lung,II,surgery,2025-06-18,yes,16.74,528.64
1204,Synthetic_01204,65,M,lung,I,surgery,2023-12-06,yes,5.80,45.33
1205,Synthetic_01205,56,M,lung,III,radiotherapy,2022-07-27,no,13.67,668.44
1206,Synthetic_01206,36,F,prostate,I,chemotherapy,2024-07-27,yes,3.37,630.54
1207,Synthetic_01207,44,F,prostate,IV,surgery,2024-07-13,no,9.69,869.03
1208,Synthetic_01208,78,F,lung,III,radiotherapy,2023-06-20,no,1.93,950.38
1209,Synthetic_01209,23,M,colon,III,chemotherapy,2023-02-18,yes,18.03,651.14
1210,Synthetic_01210,68,M,lung,IV,chemotherapy,2024-03-27,no,5.09,18.14
1211,Synthetic_01211,43,F,breast,III,radiotherapy,2020-01-05,no,19.61,629.76
1212,Synthetic_01212,88,M,breast,I,radiotherapy,2025-05-28,no,16.46,396.53
1213,Synthetic_01213,37,F,colon,I,radiotherapy,2020-04-26,no,2.05,144.55
1214,Synthetic_01214,45,F,prostate,I,radiotherapy,2024-05-26,no,15.96,524.62
1215,Synthetic_01215,50,M,prostate,III,radiotherapy,2024-11-12,no,13.43,275.46
1216,Synthetic_01216,77,F,lung,II,chemotherapy,2022-01-14,no,2.44,273.56
1217,Synthetic_01217,63,F,breast,I,surgery,2021-01-11,yes,13.66,15.36
1218,Synthetic_01218,62,F,prostate,I,radiotherapy,2024-07-17,yes,10.22,469.43
1219,Synthetic_01219,47,F,breast,IV,radiotherapy,2024-06-22,yes,18.07,566.08
1220,Synthetic_01220,55,M,colon,I,radiotherapy,2020-02-20,no,11.58,954.35
1221,Synthetic_01221,36,M,lung,III,chemotherapy,2025-12-13,no,2.14,219.12
1222,Synthetic_01222,65,F,lung,III,surgery,2021-05-18,yes,3.74,473.46
1223,Synthetic_01223,24,M,breast,I,surgery,2025-11-08,yes,7.10,406.35
1224,Synthetic_01224,81,F,colon,II,chemotherapy,2023-05-27,no,6.13,205.49
1225,Synthetic_01225,86,F,breast,III,chemotherapy,2025-01-08,yes,19.27,399.70
1226,Synthetic_01226,68,F,breast,I,chemotherapy,2025-11-16,yes,12.76,346.63
1227,Synthetic_01227,74,M,lung,IV,radiotherapy,2024-05-09,no,9.07,915.07
1228,Synthetic_01228,25,M,colon,III,surgery,2023-07-11,yes,19.00,112.69
1229,Synthetic_01229,47,M,breast,I,radiotherapy,2024-10-07,no,4.99,811.35
1230,Synthetic_01230,58,M,lung,II,radiotherapy,2022-08-14,yes,15.78,493.16
1231,Synthetic_01231,53,F,lung,III,radiotherapy,2023-10-06,no,17.38,295.01
1232,Synthetic_01232,89,M,lung,IV,radiotherapy,2020-03-09,yes,17.08,292.19
1233,Synthetic_01233,77,F,breast,III,surgery,2023-03-01,yes,6.30,96.00
1234,Synthetic_01234,56,M,prostate,III,radiotherapy,2020-08-05,yes,3.06,184.78
1235,Synthetic_01235,38,M,lung,II,surgery,2025-07-09,no,15.03,665.37
1236,Synthetic_01236,63,M,colon,I,chemotherapy,2024-07-24,yes,3.90,925.75
1237,Synthetic_01237,53,M,colon,I,radiotherapy,2025-04-26,no,9.75,286.85
1238,Synthetic_01238,87,F,prostate,III,surgery,2023-08-25,yes,6.22,671.23
1239,Synthetic_01239,86,F,lung,II,radiotherapy,2020-01-13,yes,11.03,789.87
1240,Synthetic_01240,52,M,colon,II,radiotherapy,2023-08-05,no,19.93,696.16
1241,Synthetic_01241,74,M,prostate,I,chemotherapy,2023-07-20,yes,6.44,233.90
1242,Synthetic_01242,86,M,colon,IV,surgery,2024-08-14,no,6.25,422.30
1243,Synthetic_01243,52,M,lung,I,radiotherapy,2021-02-20,no,17.19,14.98
1244,Synthetic_01244,49,F,prostate,III,surgery,2020-02-16,yes,10.05,374.60
1245,Synthetic_01245,79,F,lung,IV,chemotherapy,2024-01-14,no,16.04,981.46
1246,Synthetic_01246,69,F,breast,I,surgery,2021-02-07,yes,12.69,763.93
1247,Synthetic_01247,36,F,breast,III,chemotherapy,2022-10-09,yes,2.46,955.63
1248,Synthetic_01248,22,F,breast,I,surgery,2021-06-15,yes,15.56,613.18
1249,Synthetic_01249,43,F,colon,II,chemotherapy,2023-03-02,no,2.47,82.70
1250,Synthetic_01250,66,F,breast,IV,chemotherapy,2025-05-27,no,16.20,597.84
1251,Synthetic_01251,89,M,prostate,II,surgery,2020-10-20,yes,7.17,483.97
1252,Synthetic_01252,23,M,lung,IV,radiotherapy,2021-04-14,no,11.45,551.18
1253,Synthetic_01253,77,M,breast,I,radiotherapy,2021-10-24,yes,10.56,612.93
1254,Synthetic_01254,18,F,colon,I,radiotherapy,2023-09-02,no,8.72,509.91
1255,Synthetic_01255,86,F,colon,II,surgery,2021-05-21,no,12.92,614.83
1256,Synthetic_01256,89,F,lung,II,surgery,2021-01-20,yes,2.47,316.28
1257,Synthetic_01257,40,F,breast,II,radiotherapy,2022-03-11,no,10.16,921.54
1258,Synthetic_01258,60,M,prostate,I,surgery,2025-01-12,no,17.03,534.96
1259,Synthetic_01259,77,F,lung,II,radiotherapy,2022-08-02,yes,4.87,200.41
1260,Synthetic_01260,21,M,breast,I,chemotherapy,2022-04-26,yes,7.59,15.86
1261,Synthetic_01261,41,F,breast,IV,surgery,2023-12-05,no,2.50,2.91
1262,Synthetic_01262,77,F,lung,I,surgery,2025-08-23,yes,15.21,954.88
1263,Synthetic_01263,87,M,breast,III,chemotherapy,2023-07-27,no,8.89,342.98
1264,Synthetic_01264,50,M,prostate,II,radiotherapy,2021-03-08,no,12.30,886.41
1265,Synthetic_01265,88,M,colon,II,chemotherapy,2022-12-16,no,3.38,538.68
1266,Synthetic_01266,51,F,lung,I,surgery,2024-10-02,yes,19.21,650.53
1267,Synthetic_01267,36,M,prostate,IV,surgery,2020-06-25,yes,8.23,482.58
1268,Synthetic_01268,30,F,prostate,II,chemotherapy,2024-03-24,yes,9.73,291.66
1269,Synthetic_01269,55,F,breast,II,chemotherapy,2022-11-22,yes,11.43,38.87
1270,Synthetic_01270,76,F,breast,III,surgery,2021-06-23,no,8.83,85.81
1271,Synthetic_01271,54,M,breast,II,surgery,2022-08-15,yes,7.60,892.43
1272,Synthetic_01272,27,F,colon,II,chemotherapy,2024-11-23,yes,5.61,589.25
1273,Synthetic_01273,39,M,lung,II,surgery,2021-01-28,yes,17.19,852.98
1274,Synthetic_01274,38,F,colon,II,surgery,2025-09-05,yes,10.62,640.44
1275,Synthetic_01275,77,M,prostate,IV,chemotherapy,2024-07-18,no,10.76,167.28
1276,Synthetic_01276,63,F,lung,I,chemotherapy,2022-01-03,no,6.92,225.65
1277,Synthetic_01277,82,F,colon,IV,surgery,2021-12-27,yes,16.83,828.68
1278,Synthetic_01278,71,F,breast,IV,radiotherapy,2022-12-20,yes,5.25,720.03
1279,Synthetic_01279,89,F,prostate,I,surgery,2020-05-06,no,5.52,558.92
1280,Synthetic_01280,39,M,colon,I,chemotherapy,2024-06-11,yes,6.47,35.77
1281,Synthetic_01281,87,F,prostate,II,chemotherapy,2022-01-09,no,10.15,410.83
1282,Synthetic_01282,57,F,breast,I,chemotherapy,2024-03-22,yes,8.42,56.53
1283,Synthetic_01283,57,M,prostate,IV,radiotherapy,2021-01-11,yes,15.40,229.39
1284,Synthetic_01284,58,F,colon,III,radiotherapy,2020-03-16,no,8.62,286.44
1285,Synthetic_01285,84,M,prostate,III,radiotherapy,2021-01-28,yes,18.24,447.00
1286,Synthetic_01286,49,F,prostate,II,surgery,2021-01-11,no,15.76,849.34
1287,Synthetic_01287,41,M,lung,II,surgery,2024-01-02,no,2.62,396.93
1288,Synthetic_01288,43,F,breast,I,radiotherapy,2022-10-06,yes,3.69,608.38
1289,Synthetic_01289,69,M,breast,IV,radiotherapy,2021-10-15,yes,6.80,516.98
1290,Synthetic_01290,42,M,breast,II,radiotherapy,2023-12-27,no,6.60,613.28
1291,Synthetic_01291,84,M,lung,III,surgery,2024-01-05,no,1.65,178.97
1292,Synthetic_01292,33,M,prostate,I,radiotherapy,2023-03-21,yes,4.44,93.57
1293,Synthetic_01293,18,F,colon,IV,chemotherapy,2022-06-27,no,7.20,97.39
1294,Synthetic_01294,75,F,colon,II,radiotherapy,2021-04-26,yes,14.50,520.09
1295,Synthetic_01295,87,F,breast,II,radiotherapy,2021-12-01,no,10.49,952.53
1296,Synthetic_01296,53,F,breast,III,radiotherapy,2021-12-25,yes,2.10,819.42
1297,Synthetic_01297,36,F,breast,II,surgery,2020-03-23,no,6.29,212.32
1298,Synthetic_01298,80,F,breast,IV,radiotherapy,2022-06-24,yes,1.11,667.02
1299,Synthetic_01299,34,M,prostate,II,chemotherapy,2021-10-27,yes,13.93,335.84
1300,Synthetic_01300,44,F,colon,III,chemotherapy,2023-06-19,no,11.31,409.71
1301,Synthetic_01301,41,M,breast,I,surgery,2020-12-16,yes,11.02,513.69
1302,Synthetic_01302,49,F,lung,III,surgery,2021-10-03,no,10.44,976.28
1303,Synthetic_01303,37,M,breast,I,surgery,2024-11-05,no,5.04,11.50
1304,Synthetic_01304,19,F,prostate,III,surgery,2025-08-20,yes,17.19,740.73
1305,Synthetic_01305,73,F,prostate,I,surgery,2022-05-07,yes,19.24,343.22
1306,Synthetic_01306,38,M,breast,II,surgery,2021-01-11,yes,17.15,121.13
1307,Synthetic_01307,65,F,colon,I,surgery,2021-02-15,yes,18.79,748.23
1308,Synthetic_01308,86,M,prostate,II,radiotherapy,2022-03-21,yes,19.29,39.26
1309,Synthetic_01309,84,M,colon,IV,chemotherapy,2020-02-26,yes,12.77,754.70
1310,Synthetic_01310,49,F,colon,I,radiotherapy,2021-06-02,no,14.10,203.79
1311,Synthetic_01311,73,M,prostate,IV,surgery,2024-06-24,yes,8.44,665.95
1312,Synthetic_01312,74,M,colon,I,chemotherapy,2025-01-03,no,12.11,144.00
1313,Synthetic_01313,44,F,lung,I,chemotherapy,2020-06-28,yes,14.20,869.83
1314,Synthetic_01314,24,F,breast,II,surgery,2023-02-04,yes,1.04,332.55
1315,Synthetic_01315,39,F,lung,III,chemotherapy,2022-11-04,no,2.45,268.65
1316,Synthetic_01316,39,M,colon,III,surgery,2024-02-06,no,10.75,396.50
1317,Synthetic_01317,22,F,prostate,IV,chemotherapy,2022-11-21,no,14.12,607.35
1318,Synthetic_01318,63,F,breast,I,radiotherapy,2025-07-04,no,8.11,892.98
1319,Synthetic_01319,49,F,breast,I,chemotherapy,2020-08-08,yes,1.27,735.63
1320,Synthetic_01320,71,F,prostate,II,surgery,2025-02-28,no,8.44,474.07
1321,Synthetic_01321,42,M,prostate,IV,chemotherapy,2022-07-25,no,15.46,258.75
1322,Synthetic_01322,35,M,prostate,I,radiotherapy,2025-10-28,no,1.08,949.31
1323,Synthetic_01323,81,M,lung,III,chemotherapy,2022-04-03,no,19.43,588.62
1324,Synthetic_01324,49,M,prostate,IV,radiotherapy,2022-11-17,yes,1.57,927.33
1325,Synthetic_01325,69,M,lung,I,surgery,2020-09-11,no,2.28,189.11
1326,Synthetic_01326,66,M,breast,I,radiotherapy,2023-12-09,no,15.81,636.44
1327,Synthetic_01327,50,M,breast,II,radiotherapy,2024-05-03,no,17.73,514.37
1328,Synthetic_01328,59,M,colon,III,radiotherapy,2020-10-22,yes,10.39,377.00
1329,Synthetic_01329,43,F,prostate,II,chemotherapy,2025-12-24,yes,12.81,139.28
1330,Synthetic_01330,54,F,colon,III,surgery,2024-04-11,yes,6.27,737.00
1331,Synthetic_01331,70,M,prostate,I,radiotherapy,2020-01-21,yes,7.93,417.56
1332,Synthetic_01332,68,F,lung,III,surgery,2024-05-18,yes,13.89,143.83
1333,Synthetic_01333,21,F,breast,II,chemotherapy,2021-06-01,no,8.39,269.10
1334,Synthetic_01334,46,M,colon,IV,surgery,2022-11-19,no,17.03,952.23
1335,Synthetic_01335,32,F,breast,II,surgery,2022-04-23,yes,2.46,258.94
1336,Synthetic_01336,66,F,lung,II,surgery,2025-06-11,no,6.09,904.21
1337,Synthetic_01337,20,M,lung,I,radiotherapy,2022-05-05,no,11.27,289.20
1338,Synthetic_01338,28,F,lung,IV,chemotherapy,2024-10-22,no,2.17,853.95
1339,Synthetic_01339,83,F,breast,II,chemotherapy,2023-01-27,no,11.23,768.37
1340,Synthetic_01340,84,M,breast,III,chemotherapy,2021-06-24,yes,9.26,842.34
1341,Synthetic_01341,31,M,breast,I,chemotherapy,2022-12-03,yes,3.71,933.23
1342,Synthetic_01342,41,M,colon,III,surgery,2021-01-04,no,17.03,35.97
1343,Synthetic_01343,87,M,breast,IV,surgery,2023-07-12,no,3.90,683.60
1344,Synthetic_01344,37,F,breast,IV,radiotherapy,2025-03-02,yes,4.43,25.48
1345,Synthetic_01345,90,M,lung,III,surgery,2024-12-16,yes,19.51,363.11
1346,Synthetic_01346,41,M,lung,II,chemotherapy,2024-04-20,no,3.04,587.73
1347,Synthetic_01347,32,F,prostate,II,radiotherapy,2022-04-27,no,2.19,287.77
1348,Synthetic_01348,32,F,lung,II,chemotherapy,2023-03-04,no,7.34,61.57
1349,Synthetic_01349,33,M,breast,II,radiotherapy,2020-06-21,no,8.74,244.24
1350,Synthetic_01350,64,M,breast,I,radiotherapy,2025-10-02,no,2.07,24.34
1351,Synthetic_01351,21,M,colon,IV,chemotherapy,2024-06-16,yes,1.89,955.82
1352,Synthetic_01352,58,M,prostate,IV,chemotherapy,2025-04-02,no,2.17,824.98
1353,Synthetic_01353,35,F,prostate,I,chemotherapy,2023-04-14,no,15.45,326.74
1354,Synthetic_01354,77,F,lung,I,chemotherapy,2022-08-08,no,4.11,93.53
1355,Synthetic_01355,57,M,breast,II,surgery,2025-09-05,yes,1.44,962.26
1356,Synthetic_01356,21,M,prostate,II,chemotherapy,2022-05-02,yes,7.44,100.30
1357,Synthetic_01357,34,M,lung,II,radiotherapy,2023-10-07,no,2.44,131.28
1358,Synthetic_01358,85,F,prostate,III,surgery,2023-06-10,no,11.81,258.12
1359,Synthetic_01359,60,F,lung,II,chemotherapy,2021-12-16,yes,13.46,882.00
1360,Synthetic_01360,44,F,colon,III,surgery,2021-11-15,no,2.79,649.48
1361,Synthetic_01361,44,M,breast,IV,chemotherapy,2021-07-05,no,14.00,786.32
1362,Synthetic_01362,42,F,breast,I,radiotherapy,2021-12-13,no,4.09,120.40
1363,Synthetic_01363,37,F,colon,IV,radiotherapy,2025-04-22,yes,6.93,310.29
1364,Synthetic_01364,22,F,colon,III,surgery,2023-09-12,yes,19.81,423.19
1365,Synthetic_01365,32,F,prostate,IV,chemotherapy,2021-01-09,yes,14.22,961.97
1366,Synthetic_01366,26,M,colon,IV,radiotherapy,2023-09-12,yes,9.01,175.05
1367,Synthetic_01367,51,F,prostate,IV,chemotherapy,2025-06-20,no,17.00,432.70
1368,Synthetic_01368,34,F,colon,II,chemotherapy,2020-04-13,yes,8.63,560.17
1369,Synthetic_01369,64,M,lung,IV,chemotherapy,2025-06-19,no,12.85,170.38
1370,Synthetic_01370,43,F,breast,II,radiotherapy,2021-02-12,no,10.42,603.22
1371,Synthetic_01371,54,F,colon,II,radiotherapy,2024-08-22,yes,19.85,962.45
1372,Synthetic_01372,42,F,lung,III,radiotherapy,2022-10-28,no,19.41,573.58
1373,Synthetic_01373,51,M,lung,II,radiotherapy,2024-12-19,yes,8.74,205.18
1374,Synthetic_01374,84,F,breast,IV,chemotherapy,2022-09-09,yes,1.35,882.73
1375,Synthetic_01375,64,M,colon,I,surgery,2023-07-01,no,2.57,718.09
1376,Synthetic_01376,31,F,prostate,III,chemotherapy,2025-06-22,yes,17.29,276.61
1377,Synthetic_01377,75,M,breast,I,surgery,2025-09-01,yes,7.41,342.89
1378,Synthetic_01378,63,F,lung,I,radiotherapy,2024-11-12,yes,9.75,689.96
1379,Synthetic_01379,54,F,prostate,III,surgery,2021-10-26,yes,10.95,648.97
1380,Synthetic_01380,38,M,lung,I,chemotherapy,2020-09-24,no,19.82,463.82
1381,Synthetic_01381,72,F,colon,II,chemotherapy,2022-10-01,yes,19.39,724.61
1382,Synthetic_01382,78,F,breast,I,chemotherapy,2025-01-09,yes,11.54,737.17
1383,Synthetic_01383,30,F,lung,II,surgery,2025-04-25,yes,15.83,286.39
1384,Synthetic_01384,61,F,colon,I,radiotherapy,2020-01-10,yes,18.96,330.18
1385,Synthetic_01385,83,F,prostate,I,chemotherapy,2025-10-02,yes,4.33,278.28
1386,Synthetic_01386,80,M,prostate,II,surgery,2024-03-10,no,15.58,864.68
1387,Synthetic_01387,26,F,lung,I,radiotherapy,2022-01-05,no,14.16,502.22
1388,Synthetic_01388,72,M,prostate,III,chemotherapy,2023-12-15,yes,14.01,162.14
1389,Synthetic_01389,77,M,prostate,I,chemotherapy,2024-09-20,no,13.16,822.88
1390,Synthetic_01390,35,F,prostate,II,chemotherapy,2025-11-23,yes,3.18,418.33
1391,Synthetic_01391,87,F,lung,IV,chemotherapy,2020-10-10,yes,15.76,157.67
1392,Synthetic_01392,26,M,prostate,III,surgery,2022-08-02,no,12.62,479.36
1393,Synthetic_01393,42,F,prostate,I,surgery,2021-01-23,yes,7.15,988.35
1394,Synthetic_01394,61,F,breast,IV,chemotherapy,2024-08-16,yes,18.85,340.03
1395,Synthetic_01395,18,M,lung,II,chemotherapy,2025-07-02,yes,15.55,511.01
1396,Synthetic_01396,31,F,prostate,III,chemotherapy,2022-06-09,yes,9.08,428.57
1397,Synthetic_01397,86,F,prostate,IV,radiotherapy,2020-09-15,yes,8.42,681.67
1398,Synthetic_01398,68,M,lung,III,chemotherapy,2024-12-22,yes,17.91,73.33
1399,Synthetic_01399,21,F,lung,IV,surgery,2022-09-25,yes,19.71,811.98
1400,Synthetic_01400,79,F,prostate,III,chemotherapy,2023-03-04,no,8.38,261.19
1401,Synthetic_01401,60,M,colon,IV,surgery,2023-04-18,yes,19.58,259.28
1402,Synthetic_01402,56,M,breast,III,radiotherapy,2021-10-08,no,12.54,573.19
1403,Synthetic_01403,74,F,breast,IV,surgery,2025-04-19,no,19.28,41.81
1404,Synthetic_01404,45,M,prostate,II,chemotherapy,2024-05-04,no,5.47,373.97
1405,Synthetic_01405,54,M,colon,III,surgery,2020-05-07,no,9.14,251.59
1406,Synthetic_01406,29,M,colon,IV,radiotherapy,2021-09-08,yes,8.15,670.90
1407,Synthetic_01407,74,F,colon,II,surgery,2024-11-22,yes,11.73,364.10
1408,Synthetic_01408,31,M,prostate,IV,chemotherapy,2021-09-19,yes,1.64,986.69
1409,Synthetic_01409,23,M,lung,III,surgery,2022-01-02,no,11.87,490.42
1410,Synthetic_01410,22,F,colon,III,chemotherapy,2022-07-08,no,14.21,434.28
1411,Synthetic_01411,31,M,colon,I,chemotherapy,2024-03-12,yes,12.91,913.92
1412,Synthetic_01412,63,F,prostate,I,surgery,2023-05-23,no,2.97,784.31
1413,Synthetic_01413,51,M,colon,IV,surgery,2021-04-24,no,4.11,300.71
1414,Synthetic_01414,67,M,prostate,I,chemotherapy,2024-10-12,no,1.60,186.10
1415,Synthetic_01415,19,M,colon,II,radiotherapy,2023-03-27,yes,11.99,931.49
1416,Synthetic_01416,30,M,lung,II,chemotherapy,2022-09-01,no,16.38,601.79
1417,Synthetic_01417,62,F,prostate,II,surgery,2020-11-25,yes,14.05,351.39
1418,Synthetic_01418,88,M,colon,I,chemotherapy,2021-12-19,yes,2.53,556.27
1419,Synthetic_01419,34,M,breast,IV,radiotherapy,2021-07-17,yes,18.37,659.70
1420,Synthetic_01420,23,F,breast,I,surgery,2023-12-12,yes,5.91,135.78
1421,Synthetic_01421,87,F,breast,III,surgery,2021-04-08,no,15.20,463.32
1422,Synthetic_01422,59,F,breast,IV,chemotherapy,2025-04-03,no,19.65,269.81
1423,Synthetic_01423,76,M,breast,II,radiotherapy,2025-11-23,yes,12.77,163.62
1424,Synthetic_01424,46,M,prostate,I,radiotherapy,2024-06-12,no,20.00,134.55
1425,Synthetic_01425,43,F,colon,IV,surgery,2024-03-02,no,15.13,219.21
1426,Synthetic_01426,39,F,breast,IV,chemotherapy,2021-02-12,no,9.21,922.70
1427,Synthetic_01427,43,F,prostate,IV,surgery,2020-02-14,no,5.57,861.60
1428,Synthetic_01428,58,F,prostate,III,chemotherapy,2021-06-08,no,10.85,329.59
1429,Synthetic_01429,72,M,lung,I,surgery,2021-05-05,yes,18.59,216.47
1430,Synthetic_01430,31,F,lung,III,chemotherapy,2023-10-17,yes,7.63,517.29
1431,Synthetic_01431,76,M,breast,III,chemotherapy,2022-05-18,yes,13.74,557.43
1432,Synthetic_01432,72,M,colon,IV,radiotherapy,2021-06-19,yes,14.80,393.62
1433,Synthetic_01433,19,M,colon,I,surgery,2022-06-04,yes,10.13,764.92
1434,Synthetic_01434,37,F,prostate,IV,surgery,2024-06-02,no,2.85,340.51
1435,Synthetic_01435,87,M,lung,I,chemotherapy,2020-05-10,no,4.40,590.33
1436,Synthetic_01436,37,F,prostate,I,surgery,2023-01-02,no,14.44,733.95
1437,Synthetic_01437,41,F,lung,IV,chemotherapy,2024-03-07,no,13.84,977.78
1438,Synthetic_01438,89,M,prostate,III,surgery,2025-07-20,yes,18.11,255.30
1439,Synthetic_01439,45,F,prostate,IV,surgery,2022-05-23,no,8.53,520.13
1440,Synthetic_01440,43,F,breast,II,surgery,2022-03-10,yes,2.11,793.13
1441,Synthetic_01441,35,M,prostate,IV,chemotherapy,2024-03-15,no,9.93,711.63
1442,Synthetic_01442,35,M,prostate,I,surgery,2022-05-22,yes,6.51,82.27
1443,Synthetic_01443,38,F,prostate,III,radiotherapy,2024-04-07,yes,11.87,597.57
1444,Synthetic_01444,66,M,prostate,I,chemotherapy,2024-03-24,no,5.27,728.99
1445,Synthetic_01445,80,F,breast,IV,radiotherapy,2023-09-05,no,5.88,488.85
1446,Synthetic_01446,57,F,colon,II,surgery,2023-08-10,no,17.45,669.03
1447,Synthetic_01447,28,M,breast,II,surgery,2025-03-08,yes,5.56,454.95
1448,Synthetic_01448,73,M,breast,III,radiotherapy,2022-12-26,yes,19.18,186.18
1449,Synthetic_01449,73,M,breast,IV,radiotherapy,2020-07-21,no,7.29,474.99
1450,Synthetic_01450,35,M,prostate,III,radiotherapy,2022-06-22,no,1.62,883.21
1451,Synthetic_01451,47,M,lung,IV,surgery,2022-04-01,no,6.52,986.95
1452,Synthetic_01452,59,F,prostate,II,surgery,2025-01-24,no,11.18,906.85
1453,Synthetic_01453,70,M,lung,I,surgery,2024-06-24,no,17.19,355.92
1454,Synthetic_01454,51,F,breast,I,surgery,2021-04-05,yes,2.99,818.94
1455,Synthetic_01455,89,F,colon,I,radiotherapy,2022-03-13,yes,19.15,470.66
1456,Synthetic_01456,72,F,colon,I,radiotherapy,2020-09-02,yes,7.67,640.87
1457,Synthetic_01457,31,F,lung,IV,chemotherapy,2024-10-05,no,5.60,58.10
1458,Synthetic_01458,77,M,lung,I,radiotherapy,2022-07-18,yes,6.94,567.27
1459,Synthetic_01459,57,F,colon,III,radiotherapy,2024-12-24,no,1.80,292.86
1460,Synthetic_01460,44,F,prostate,III,surgery,2020-03-07,yes,6.37,899.85
1461,Synthetic_01461,28,M,prostate,IV,chemotherapy,2022-08-28,no,14.36,901.29
1462,Synthetic_01462,54,M,lung,II,chemotherapy,2022-06-01,no,6.00,842.80
1463,Synthetic_01463,70,M,breast,II,radiotherapy,2024-02-22,yes,16.82,631.12
1464,Synthetic_01464,18,M,lung,I,radiotherapy,2020-12-26,yes,11.99,21.11
1465,Synthetic_01465,35,M,colon,IV,surgery,2021-04-01,no,18.44,237.06
1466,Synthetic_01466,54,F,prostate,II,radiotherapy,2024-02-01,yes,12.33,110.18
1467,Synthetic_01467,46,M,colon,IV,chemotherapy,2021-04-13,no,8.61,668.17
1468,Synthetic_01468,27,M,colon,I,radiotherapy,2021-01-18,no,3.81,341.68
1469,Synthetic_01469,48,M,colon,III,surgery,2020-08-24,no,15.29,264.75
1470,Synthetic_01470,60,M,breast,III,radiotherapy,2025-08-19,no,3.87,823.10
1471,Synthetic_01471,52,F,prostate,II,chemotherapy,2023-07-02,yes,5.13,933.05
1472,Synthetic_01472,89,F,lung,II,surgery,2022-02-22,yes,6.23,321.64
1473,Synthetic_01473,56,F,lung,II,surgery,2021-12-19,no,19.31,284.05
1474,Synthetic_01474,60,M,colon,I,chemotherapy,2021-09-11,no,3.59,496.71
1475,Synthetic_01475,90,M,lung,I,surgery,2024-03-01,no,18.39,894.58
1476,Synthetic_01476,58,F,lung,I,surgery,2024-03-12,no,11.94,306.78
1477,Synthetic_01477,27,F,lung,III,surgery,2021-02-11,no,2.93,570.82
1478,Synthetic_01478,18,F,lung,IV,surgery,2025-10-28,yes,13.44,978.09
1479,Synthetic_01479,48,M,prostate,I,surgery,2022-03-14,no,15.20,566.60
1480,Synthetic_01480,64,M,breast,IV,radiotherapy,2023-07-22,no,4.15,224.42
1481,Synthetic_01481,27,M,lung,III,surgery,2021-09-06,no,4.61,239.61
1482,Synthetic_01482,42,M,colon,I,radiotherapy,2020-08-18,yes,17.23,967.82
1483,Synthetic_01483,71,F,colon,IV,radiotherapy,2023-05-14,yes,3.72,8.26
1484,Synthetic_01484,22,F,lung,III,surgery,2021-01-07,no,18.69,369.22
1485,Synthetic_01485,82,F,lung,II,chemotherapy,2024-11-06,yes,10.16,7.14
1486,Synthetic_01486,45,F,prostate,III,surgery,2020-07-11,yes,16.98,878.17
1487,Synthetic_01487,24,F,lung,I,radiotherapy,2024-08-09,no,15.82,505.90
1488,Synthetic_01488,43,M,colon,IV,chemotherapy,2020-11-18,no,19.78,312.14
1489,Synthetic_01489,51,M,prostate,III,surgery,2022-07-16,no,14.58,263.17
1490,Synthetic_01490,75,F,lung,II,chemotherapy,2023-10-28,no,10.94,823.83
1491,Synthetic_01491,68,F,lung,I,surgery,2023-02-21,yes,19.61,120.09
1492,Synthetic_01492,54,F,colon,I,chemotherapy,2021-10-12,no,9.63,72.14
1493,Synthetic_01493,82,M,prostate,I,chemotherapy,2023-12-22,no,16.53,425.20
1494,Synthetic_01494,35,F,colon,II,radiotherapy,2024-06-18,no,13.82,61.97
1495,Synthetic_01495,50,M,lung,I,chemotherapy,2020-11-10,no,15.84,604.88
1496,Synthetic_01496,61,M,breast,IV,chemotherapy,2023-08-05,yes,6.22,290.42
1497,Synthetic_01497,70,F,lung,I,surgery,2024-09-06,no,11.42,331.96
1498,Synthetic_01498,20,F,lung,III,radiotherapy,2022-09-09,yes,13.98,701.23
1499,Synthetic_01499,22,F,lung,IV,chemotherapy,2025-07-16,no,1.85,252.02
1500,Synthetic_01500,84,M,colon,IV,surgery,2022-01-04,no,17.56,206.03
1501,Synthetic_01501,50,M,breast,III,chemotherapy,2021-11-11,no,9.46,306.08
1502,Synthetic_01502,52,M,prostate,I,surgery,2024-08-05,no,4.76,653.03
1503,Synthetic_01503,46,M,lung,IV,chemotherapy,2024-12-24,no,18.35,751.40
1504,Synthetic_01504,38,F,lung,II,chemotherapy,2020-11-03,no,14.95,362.35
1505,Synthetic_01505,49,M,prostate,I,surgery,2020-05-11,no,9.83,451.25
1506,Synthetic_01506,24,F,prostate,I,chemotherapy,2021-09-26,no,11.39,892.35
1507,Synthetic_01507,54,F,prostate,I,radiotherapy,2024-09-27,no,12.99,131.99
1508,Synthetic_01508,22,F,lung,IV,surgery,2025-05-01,yes,9.19,110.17
1509,Synthetic_01509,39,F,lung,I,surgery,2022-02-02,no,2.22,453.52
1510,Synthetic_01510,52,M,lung,I,chemotherapy,2020-09-25,yes,19.20,177.91
1511,Synthetic_01511,76,F,prostate,II,radiotherapy,2021-06-06,yes,5.51,863.57
1512,Synthetic_01512,44,F,lung,IV,surgery,2025-03-03,yes,19.68,947.14
1513,Synthetic_01513,26,F,breast,II,surgery,2025-06-28,yes,1.43,644.40
1514,Synthetic_01514,22,M,prostate,II,chemotherapy,2020-02-05,no,14.44,187.13
1515,Synthetic_01515,56,M,prostate,III,chemotherapy,2022-04-22,no,10.75,360.53
1516,Synthetic_01516,89,M,colon,III,chemotherapy,2023-04-09,yes,19.16,654.54
1517,Synthetic_01517,57,F,breast,III,radiotherapy,2022-12-08,no,7.60,436.45
1518,Synthetic_01518,63,M,breast,III,surgery,2021-09-19,yes,9.13,866.75
1519,Synthetic_01519,39,M,colon,III,surgery,2022-10-15,yes,17.75,435.43
1520,Synthetic_01520,54,F,breast,IV,chemotherapy,2021-02-22,yes,12.25,534.90
1521,Synthetic_01521,44,M,breast,I,radiotherapy,2021-04-25,no,19.69,50.58
1522,Synthetic_01522,86,F,lung,IV,radiotherapy,2025-11-26,yes,15.15,594.50
1523,Synthetic_01523,89,F,colon,IV,chemotherapy,2021-12-23,no,5.88,864.40
1524,Synthetic_01524,59,M,colon,I,chemotherapy,2020-01-07,no,8.29,981.34
1525,Synthetic_01525,19,F,breast,IV,radiotherapy,2025-10-18,no,16.32,189.82
1526,Synthetic_01526,50,F,lung,IV,chemotherapy,2025-07-18,yes,17.33,923.56
1527,Synthetic_01527,73,M,breast,II,surgery,2020-12-24,no,14.62,557.19
1528,Synthetic_01528,53,F,lung,I,radiotherapy,2023-02-03,no,13.30,168.60
1529,Synthetic_01529,41,M,lung,III,surgery,2021-04-04,yes,18.54,456.81
1530,Synthetic_01530,49,F,lung,IV,radiotherapy,2023-01-23,yes,13.51,187.91
1531,Synthetic_01531,54,M,colon,IV,chemotherapy,2023-06-17,yes,19.87,508.63
1532,Synthetic_01532,27,M,lung,II,surgery,2021-05-08,no,4.55,226.26
1533,Synthetic_01533,47,M,lung,III,chemotherapy,2022-01-28,no,7.44,996.45
1534,Synthetic_01534,89,F,prostate,IV,chemotherapy,2021-03-07,no,3.20,424.22
1535,Synthetic_01535,26,M,breast,IV,chemotherapy,2025-11-16,yes,3.17,953.72
1536,Synthetic_01536,75,F,colon,IV,chemotherapy,2022-07-24,no,7.91,584.39
1537,Synthetic_01537,71,M,prostate,I,radiotherapy,2025-09-28,yes,7.95,317.35
1538,Synthetic_01538,69,F,lung,I,radiotherapy,2023-06-09,yes,11.31,502.26
1539,Synthetic_01539,21,F,lung,II,radiotherapy,2021-05-26,yes,13.76,248.78
1540,Synthetic_01540,89,M,colon,I,surgery,2020-07-28,no,13.27,740.19
1541,Synthetic_01541,84,M,breast,III,surgery,2025-12-12,yes,15.31,113.93
1542,Synthetic_01542,69,M,prostate,IV,chemotherapy,2024-02-20,yes,11.05,757.09
1543,Synthetic_01543,70,F,lung,III,radiotherapy,2020-02-27,yes,9.89,259.80
1544,Synthetic_01544,78,F,lung,I,radiotherapy,2025-05-02,no,1.92,66.63
1545,Synthetic_01545,34,F,prostate,I,radiotherapy,2022-08-27,yes,2.31,792.29
1546,Synthetic_01546,35,F,breast,IV,chemotherapy,2025-02-26,no,6.96,329.17
1547,Synthetic_01547,37,M,prostate,I,radiotherapy,2025-10-09,no,14.67,111.98
1548,Synthetic_01548,36,M,lung,I,radiotherapy,2023-11-22,yes,13.88,376.12
1549,Synthetic_01549,51,M,breast,II,radiotherapy,2025-02-25,yes,9.66,496.64
1550,Synthetic_01550,26,F,breast,I,surgery,2022-02-07,no,16.46,4.14
1551,Synthetic_01551,64,F,colon,III,surgery,2025-12-14,no,18.92,416.15
1552,Synthetic_01552,89,M,prostate,IV,radiotherapy,2023-01-02,yes,19.42,591.06
1553,Synthetic_01553,72,F,lung,I,radiotherapy,2021-12-12,no,8.07,103.23
1554,Synthetic_01554,62,M,colon,II,radiotherapy,2025-04-14,no,4.67,341.29
1555,Synthetic_01555,36,M,breast,IV,surgery,2025-10-13,yes,17.15,831.59
1556,Synthetic_01556,34,M,colon,IV,surgery,2022-01-11,yes,8.17,619.79
1557,Synthetic_01557,21,F,lung,IV,chemotherapy,2025-11-16,yes,11.42,155.62
1558,Synthetic_01558,78,M,lung,III,chemotherapy,2024-01-10,yes,12.56,462.85
1559,Synthetic_01559,45,M,breast,III,chemotherapy,2023-02-07,no,14.85,930.14
1560,Synthetic_01560,20,M,lung,I,surgery,2020-05-13,yes,6.84,717.21
1561,Synthetic_01561,89,M,colon,IV,chemotherapy,2025-02-22,yes,13.81,676.13
1562,Synthetic_01562,79,F,prostate,III,surgery,2024-01-08,yes,19.75,904.18
1563,Synthetic_01563,64,F,breast,IV,chemotherapy,2023-03-02,yes,12.95,38.82
1564,Synthetic_01564,56,F,prostate,IV,surgery,2021-02-27,yes,4.74,60.55
1565,Synthetic_01565,86,F,colon,II,chemotherapy,2023-10-09,no,2.73,633.50
1566,Synthetic_01566,48,F,lung,III,radiotherapy,2023-04-17,yes,5.20,122.92
1567,Synthetic_01567,78,M,colon,III,surgery,2022-11-07,yes,14.94,787.96
1568,Synthetic_01568,36,M,lung,II,radiotherapy,2023-12-12,no,15.89,449.95
1569,Synthetic_01569,77,F,lung,II,surgery,2022-04-22,yes,5.44,34.34
1570,Synthetic_01570,90,F,prostate,III,surgery,2022-04-01,no,17.81,226.99
1571,Synthetic_01571,33,F,colon,IV,chemotherapy,2023-12-05,no,1.32,846.69
1572,Synthetic_01572,38,M,breast,IV,surgery,2025-05-28,no,7.69,26.63
1573,Synthetic_01573,86,M,colon,I,radiotherapy,2024-06-14,yes,13.20,320.48
1574,Synthetic_01574,42,M,colon,III,radiotherapy,2022-02-11,yes,13.33,530.32
1575,Synthetic_01575,70,F,breast,IV,chemotherapy,2021-05-03,no,13.48,474.03
1576,Synthetic_01576,44,M,lung,I,radiotherapy,2021-07-11,no,17.35,793.94
1577,Synthetic_01577,49,F,prostate,I,chemotherapy,2024-01-15,yes,2.87,544.16
1578,Synthetic_01578,56,F,colon,III,radiotherapy,2024-02-26,no,10.17,239.17
1579,Synthetic_01579,59,M,prostate,III,surgery,2021-01-18,no,6.81,35.81
1580,Synthetic_01580,21,M,breast,IV,radiotherapy,2023-10-16,no,4.72,466.64
1581,Synthetic_01581,43,F,prostate,III,radiotherapy,2024-10-06,yes,9.59,890.55
1582,Synthetic_01582,53,M,breast,III,chemotherapy,2025-01-14,yes,15.39,830.46
1583,Synthetic_01583,34,M,breast,II,surgery,2025-06-14,yes,2.00,290.57
1584,Synthetic_01584,30,M,colon,IV,radiotherapy,2025-07-18,no,13.11,494.12
1585,Synthetic_01585,74,F,prostate,III,surgery,2021-06-23,no,15.58,672.41
1586,Synthetic_01586,64,M,prostate,IV,surgery,2022-04-01,yes,5.26,931.45
1587,Synthetic_01587,52,F,breast,III,chemotherapy,2020-12-17,yes,5.72,275.27
1588,Synthetic_01588,18,M,colon,IV,chemotherapy,2024-01-11,no,4.63,780.60
1589,Synthetic_01589,52,M,lung,I,chemotherapy,2022-02-04,yes,7.49,905.41
1590,Synthetic_01590,19,M,breast,II,surgery,2021-09-21,yes,2.26,188.82
1591,Synthetic_01591,48,M,prostate,II,radiotherapy,2022-12-10,no,10.14,788.31
1592,Synthetic_01592,63,F,breast,IV,chemotherapy,2020-09-07,yes,11.52,718.23
1593,Synthetic_01593,53,F,prostate,II,surgery,2023-01-02,no,15.47,693.56
1594,Synthetic_01594,34,F,colon,IV,surgery,2021-08-21,yes,19.37,663.19
1595,Synthetic_01595,62,M,colon,II,surgery,2022-01-09,no,19.43,4.93
1596,Synthetic_01596,32,F,colon,III,chemotherapy,2022-01-25,no,2.51,549.89
1597,Synthetic_01597,64,F,lung,IV,radiotherapy,2025-01-28,yes,1.97,84.85
1598,Synthetic_01598,85,M,colon,I,chemotherapy,2025-10-07,yes,3.84,575.39
1599,Synthetic_01599,60,M,breast,IV,radiotherapy,2020-12-23,yes,17.05,752.21
1600,Synthetic_01600,62,F,breast,III,surgery,2022-08-14,yes,15.68,921.76
1601,Synthetic_01601,82,M,colon,II,radiotherapy,2020-12-25,no,12.08,412.70
1602,Synthetic_01602,27,F,colon,IV,surgery,2022-03-15,yes,9.41,576.83
1603,Synthetic_01603,65,M,breast,IV,surgery,2023-02-27,yes,13.84,957.65
1604,Synthetic_01604,43,F,prostate,I,radiotherapy,2021-08-14,no,11.69,493.90
1605,Synthetic_01605,26,F,colon,III,surgery,2024-06-12,no,5.26,908.19
1606,Synthetic_01606,28,M,prostate,II,radiotherapy,2020-02-19,no,13.32,236.34
1607,Synthetic_01607,75,M,breast,II,surgery,2024-11-24,yes,18.11,596.65
1608,Synthetic_01608,79,F,lung,II,chemotherapy,2022-09-11,no,6.44,638.84
1609,Synthetic_01609,47,F,lung,IV,radiotherapy,2025-11-16,yes,9.63,584.40
1610,Synthetic_01610,24,M,colon,IV,chemotherapy,2020-04-23,yes,19.38,831.45
1611,Synthetic_01611,70,F,lung,III,chemotherapy,2024-12-08,no,15.11,840.57
1612,Synthetic_01612,67,M,colon,IV,chemotherapy,2022-11-16,no,6.85,350.27
1613,Synthetic_01613,46,M,colon,I,radiotherapy,2021-03-01,yes,5.38,520.94
1614,Synthetic_01614,73,M,colon,I,chemotherapy,2023-04-12,yes,2.33,801.52
1615,Synthetic_01615,61,M,breast,I,chemotherapy,2022-07-05,no,18.82,567.75
1616,Synthetic_01616,79,M,breast,IV,chemotherapy,2022-03-16,no,7.83,646.04
1617,Synthetic_01617,20,F,lung,III,radiotherapy,2023-08-26,no,2.95,468.69
1618,Synthetic_01618,37,M,colon,IV,radiotherapy,2020-12-03,yes,9.40,302.09
1619,Synthetic_01619,32,F,lung,IV,radiotherapy,2022-03-16,no,3.96,830.96
1620,Synthetic_01620,30,F,breast,IV,surgery,2024-06-17,no,17.49,859.00
1621,Synthetic_01621,79,M,colon,I,surgery,2024-07-26,no,5.86,167.22
1622,Synthetic_01622,74,F,breast,I,chemotherapy,2024-07-08,yes,12.06,404.08
1623,Synthetic_01623,24,M,prostate,III,radiotherapy,2024-10-15,no,5.60,347.34
1624,Synthetic_01624,52,F,breast,III,surgery,2021-01-28,no,10.35,145.50
1625,Synthetic_01625,62,M,breast,IV,surgery,2025-08-19,no,18.37,988.36
1626,Synthetic_01626,87,M,lung,II,chemotherapy,2021-09-22,no,18.97,785.97
1627,Synthetic_01627,64,F,colon,II,chemotherapy,2021-05-09,yes,18.14,20.56
1628,Synthetic_01628,35,M,lung,IV,radiotherapy,2025-12-11,yes,8.06,571.84
1629,Synthetic_01629,24,M,lung,III,chemotherapy,2024-06-21,no,11.54,752.21
1630,Synthetic_01630,66,F,colon,III,chemotherapy,2021-09-19,yes,8.00,954.58
1631,Synthetic_01631,18,F,breast,I,chemotherapy,2023-02-19,yes,2.38,140.60
1632,Synthetic_01632,42,M,colon,IV,radiotherapy,2025-02-11,no,6.50,524.26
1633,Synthetic_01633,55,F,breast,III,surgery,2024-08-23,yes,10.80,107.63
1634,Synthetic_01634,88,F,lung,II,radiotherapy,2021-01-23,no,6.44,925.38
1635,Synthetic_01635,77,M,prostate,II,chemotherapy,2025-02-14,no,6.26,760.41
1636,Synthetic_01636,75,F,prostate,IV,radiotherapy,2020-07-10,no,14.75,479.03
1637,Synthetic_01637,19,F,colon,I,chemotherapy,2025-07-18,yes,19.63,367.49
1638,Synthetic_01638,38,F,prostate,II,radiotherapy,2022-05-18,yes,7.08,840.16
1639,Synthetic_01639,89,M,breast,III,radiotherapy,2025-05-13,no,1.61,960.61
1640,Synthetic_01640,22,F,lung,I,surgery,2025-05-25,no,13.90,246.84
1641,Synthetic_01641,47,F,prostate,II,chemotherapy,2022-04-12,yes,13.23,541.71
1642,Synthetic_01642,49,M,colon,I,radiotherapy,2025-04-06,yes,10.88,867.41
1643,Synthetic_01643,42,F,colon,III,chemotherapy,2022-02-25,yes,7.65,977.49
1644,Synthetic_01644,82,F,breast,IV,radiotherapy,2023-08-18,yes,3.39,908.67
1645,Synthetic_01645,65,F,lung,III,surgery,2022-03-27,no,6.58,882.74
1646,Synthetic_01646,76,F,breast,II,surgery,2020-05-04,no,7.37,476.34
1647,Synthetic_01647,20,M,lung,I,surgery,2020-09-25,yes,14.32,212.18
1648,Synthetic_01648,84,M,lung,III,surgery,2024-01-14,no,9.66,672.17
1649,Synthetic_01649,34,F,breast,III,surgery,2020-09-03,yes,14.09,663.45
1650,Synthetic_01650,25,M,lung,III,chemotherapy,2021-11-04,no,19.50,251.91
1651,Synthetic_01651,83,F,prostate,III,radiotherapy,2023-05-20,yes,11.96,525.61
1652,Synthetic_01652,39,M,prostate,IV,surgery,2022-09-16,no,11.78,188.72
1653,Synthetic_01653,70,M,lung,III,chemotherapy,2021-05-05,no,15.27,795.32
1654,Synthetic_01654,52,M,lung,II,radiotherapy,2022-06-12,yes,7.98,659.63
1655,Synthetic_01655,31,M,prostate,II,radiotherapy,2020-06-05,no,16.84,40.38
1656,Synthetic_01656,64,F,breast,II,chemotherapy,2024-03-13,no,15.42,841.23
1657,Synthetic_01657,29,F,lung,II,chemotherapy,2021-03-09,no,6.41,144.39
1658,Synthetic_01658,24,M,breast,IV,chemotherapy,2025-02-03,no,19.58,970.35
1659,Synthetic_01659,61,M,breast,I,chemotherapy,2023-09-07,no,3.93,149.22
1660,Synthetic_01660,47,F,lung,III,chemotherapy,2023-08-25,no,3.55,922.57
1661,Synthetic_01661,84,M,colon,I,chemotherapy,2025-03-09,yes,16.29,268.97
1662,Synthetic_01662,40,M,lung,II,chemotherapy,2025-01-02,no,10.23,287.08
1663,Synthetic_01663,54,F,colon,II,chemotherapy,2020-04-21,yes,15.02,439.40
1664,Synthetic_01664,24,M,lung,I,chemotherapy,2025-10-07,yes,5.62,547.59
1665,Synthetic_01665,26,F,breast,II,chemotherapy,2024-09-16,no,15.01,559.28
1666,Synthetic_01666,53,F,breast,IV,surgery,2022-01-27,yes,4.51,953.36
1667,Synthetic_01667,55,F,breast,II,surgery,2021-11-05,no,19.01,447.35
1668,Synthetic_01668,41,F,colon,III,radiotherapy,2022-02-02,yes,11.33,93.97
1669,Synthetic_01669,72,F,prostate,I,radiotherapy,2023-08-24,no,5.53,537.30
1670,Synthetic_01670,71,M,colon,III,surgery,2020-07-02,yes,18.07,426.54
1671,Synthetic_01671,33,M,breast,I,radiotherapy,2020-02-14,no,6.27,697.06
1672,Synthetic_01672,74,F,colon,II,surgery,2024-12-26,no,2.58,905.98
1673,Synthetic_01673,83,F,lung,II,chemotherapy,2024-03-02,yes,16.09,330.45
1674,Synthetic_01674,29,F,prostate,IV,chemotherapy,2025-06-11,yes,10.03,839.67
1675,Synthetic_01675,70,M,lung,I,surgery,2022-09-10,yes,9.57,455.52
1676,Synthetic_01676,25,M,lung,I,chemotherapy,2023-12-17,yes,1.31,965.18
1677,Synthetic_01677,85,M,colon,IV,chemotherapy,2024-12-06,yes,2.12,469.29
1678,Synthetic_01678,44,F,lung,III,chemotherapy,2022-10-26,no,9.23,551.42
1679,Synthetic_01679,18,F,colon,I,radiotherapy,2023-01-21,yes,19.31,951.17
1680,Synthetic_01680,22,F,breast,I,chemotherapy,2021-07-27,yes,10.52,882.29
1681,Synthetic_01681,52,M,lung,II,radiotherapy,2025-05-26,no,17.60,237.90
1682,Synthetic_01682,72,M,colon,III,radiotherapy,2024-02-27,yes,6.07,893.72
1683,Synthetic_01683,90,F,prostate,IV,chemotherapy,2021-01-04,no,8.43,552.72
1684,Synthetic_01684,30,M,colon,II,radiotherapy,2021-06-10,no,15.40,896.42
1685,Synthetic_01685,55,F,prostate,III,chemotherapy,2025-04-19,yes,16.00,265.01
1686,Synthetic_01686,90,F,lung,III,radiotherapy,2023-12-23,yes,12.02,811.44
1687,Synthetic_01687,20,F,prostate,II,chemotherapy,2020-10-04,yes,6.23,308.95
1688,Synthetic_01688,65,F,breast,II,radiotherapy,2023-10-01,yes,18.26,158.79
1689,Synthetic_01689,60,M,breast,IV,chemotherapy,2022-12-19,yes,15.99,252.48
1690,Synthetic_01690,24,M,lung,III,radiotherapy,2024-01-01,yes,11.07,381.90
1691,Synthetic_01691,22,F,colon,III,surgery,2023-08-15,yes,14.71,356.03
1692,Synthetic_01692,33,F,lung,III,surgery,2024-11-10,yes,7.61,511.50
1693,Synthetic_01693,82,F,prostate,I,surgery,2023-12-23,no,2.24,16.98
1694,Synthetic_01694,41,F,lung,II,radiotherapy,2021-12-26,yes,16.93,530.48
1695,Synthetic_01695,78,M,colon,IV,surgery,2023-07-23,no,16.29,635.90
1696,Synthetic_01696,20,M,prostate,I,surgery,2024-04-06,yes,14.48,804.34
1697,Synthetic_01697,20,M,colon,I,surgery,2020-08-01,no,9.21,108.03
1698,Synthetic_01698,76,F,breast,IV,chemotherapy,2023-06-17,yes,4.26,806.36
1699,Synthetic_01699,55,M,lung,I,chemotherapy,2024-05-17,yes,2.67,860.33
1700,Synthetic_01700,23,M,prostate,II,radiotherapy,2024-02-03,no,6.42,630.70
1701,Synthetic_01701,25,F,breast,IV,surgery,2021-04-17,no,9.98,3.68
1702,Synthetic_01702,66,F,colon,I,surgery,2023-06-14,yes,1.32,372.82
1703,Synthetic_01703,44,M,colon,I,surgery,2022-10-14,yes,11.08,753.59
1704,Synthetic_01704,41,F,lung,IV,chemotherapy,2021-09-25,yes,2.36,173.20
1705,Synthetic_01705,81,M,breast,I,radiotherapy,2023-01-28,no,11.59,478.67
1706,Synthetic_01706,51,M,breast,III,radiotherapy,2022-12-24,no,5.32,652.98
1707,Synthetic_01707,58,M,breast,III,chemotherapy,2020-04-26,no,13.08,700.45
1708,Synthetic_01708,20,M,colon,II,radiotherapy,2021-08-13,no,13.78,656.57
1709,Synthetic_01709,69,F,prostate,IV,radiotherapy,2020-05-08,yes,17.78,407.47
1710,Synthetic_01710,61,M,lung,II,radiotherapy,2021-11-22,yes,6.34,979.07
1711,Synthetic_01711,83,F,lung,II,radiotherapy,2025-09-16,no,11.57,655.33
1712,Synthetic_01712,73,M,breast,IV,radiotherapy,2025-02-06,no,8.98,395.67
1713,Synthetic_01713,74,F,colon,IV,chemotherapy,2025-10-27,no,5.05,376.18
1714,Synthetic_01714,77,M,lung,IV,chemotherapy,2023-02-12,no,6.93,296.57
1715,Synthetic_01715,58,M,colon,III,surgery,2021-11-04,no,11.55,206.04
1716,Synthetic_01716,77,M,breast,I,surgery,2024-10-04,yes,19.56,295.69
1717,Synthetic_01717,31,M,colon,I,radiotherapy,2022-01-12,yes,19.95,434.10
1718,Synthetic_01718,68,M,prostate,III,surgery,2023-07-11,yes,18.69,769.65
1719,Synthetic_01719,73,F,colon,II,surgery,2024-09-21,no,5.32,840.30
1720,Synthetic_01720,43,F,colon,I,radiotherapy,2023-04-07,yes,6.77,346.76
1721,Synthetic_01721,64,M,breast,III,surgery,2025-07-06,yes,6.00,902.17
1722,Synthetic_01722,65,M,lung,III,radiotherapy,2020-06-06,no,19.04,254.06
1723,Synthetic_01723,66,F,colon,II,chemotherapy,2024-08-04,yes,13.51,972.27
1724,Synthetic_01724,21,F,breast,III,surgery,2024-06-25,no,15.58,995.72
1725,Synthetic_01725,61,F,lung,IV,radiotherapy,2023-07-14,no,4.54,553.97
1726,Synthetic_01726,63,M,colon,IV,radiotherapy,2024-09-23,yes,6.56,265.45
1727,Synthetic_01727,67,M,lung,IV,chemotherapy,2021-06-18,yes,5.07,677.03
1728,Synthetic_01728,63,M,lung,IV,radiotherapy,2021-08-13,yes,9.20,685.17
1729,Synthetic_01729,81,M,prostate,II,chemotherapy,2020-11-26,no,6.74,404.22
1730,Synthetic_01730,59,M,lung,I,surgery,2022-08-26,yes,7.47,914.86
1731,Synthetic_01731,43,M,breast,III,radiotherapy,2020-12-14,yes,5.57,810.99
1732,Synthetic_01732,75,M,prostate,II,surgery,2023-02-07,yes,6.88,670.63
1733,Synthetic_01733,32,F,breast,I,radiotherapy,2025-10-28,no,11.10,624.76
1734,Synthetic_01734,70,F,breast,I,surgery,2020-03-25,no,16.58,768.38
1735,Synthetic_01735,68,F,colon,I,surgery,2024-03-25,no,9.55,695.05
1736,Synthetic_01736,29,F,breast,II,surgery,2020-01-15,yes,12.79,555.78
1737,Synthetic_01737,84,F,colon,IV,surgery,2023-08-02,no,4.38,667.16
1738,Synthetic_01738,76,M,colon,IV,chemotherapy,2021-10-27,yes,18.76,463.82
1739,Synthetic_01739,20,F,lung,I,chemotherapy,2020-02-14,yes,12.94,795.58
1740,Synthetic_01740,35,F,colon,IV,surgery,2024-12-10,yes,18.63,399.41
1741,Synthetic_01741,66,M,prostate,IV,surgery,2022-12-19,yes,19.22,156.13
1742,Synthetic_01742,61,M,prostate,III,radiotherapy,2021-08-12,yes,9.30,893.48
1743,Synthetic_01743,66,F,prostate,II,radiotherapy,2023-06-02,yes,13.72,308.26
1744,Synthetic_01744,22,F,breast,IV,surgery,2022-10-27,no,6.81,439.43
1745,Synthetic_01745,22,M,colon,IV,radiotherapy,2020-11-20,yes,6.43,161.46
1746,Synthetic_01746,79,M,breast,I,surgery,2023-11-26,no,1.29,55.52
1747,Synthetic_01747,50,F,colon,II,chemotherapy,2024-09-11,no,4.37,783.80
1748,Synthetic_01748,22,F,lung,IV,chemotherapy,2021-09-27,yes,7.45,440.50
1749,Synthetic_01749,74,F,lung,I,radiotherapy,2022-04-10,yes,1.02,285.29
1750,Synthetic_01750,51,M,lung,I,radiotherapy,2024-09-24,no,15.55,351.56
1751,Synthetic_01751,33,M,breast,III,chemotherapy,2021-04-16,yes,2.83,177.51
1752,Synthetic_01752,49,M,prostate,I,chemotherapy,2024-11-26,no,5.87,605.92
1753,Synthetic_01753,41,M,prostate,III,radiotherapy,2020-12-04,no,1.73,635.48
1754,Synthetic_01754,75,M,breast,IV,radiotherapy,2024-01-24,no,3.98,286.38
1755,Synthetic_01755,73,M,prostate,I,surgery,2020-11-05,no,4.95,173.70
1756,Synthetic_01756,57,M,prostate,I,surgery,2022-12-19,yes,18.36,492.72
1757,Synthetic_01757,18,M,colon,III,chemotherapy,2024-04-25,yes,8.60,427.91
1758,Synthetic_01758,80,M,prostate,IV,radiotherapy,2025-02-03,yes,3.11,529.40
1759,Synthetic_01759,49,F,colon,IV,surgery,2025-11-14,yes,16.97,614.47
1760,Synthetic_01760,43,F,breast,IV,radiotherapy,2025-07-13,yes,12.47,464.07
1761,Synthetic_01761,23,F,lung,IV,radiotherapy,2025-07-01,yes,2.99,700.05
1762,Synthetic_01762,60,F,colon,IV,radiotherapy,2023-12-01,yes,16.98,596.23
1763,Synthetic_01763,62,F,breast,IV,surgery,2022-05-21,yes,1.40,173.49
1764,Synthetic_01764,55,F,colon,II,surgery,2022-02-01,no,5.76,425.86
1765,Synthetic_01765,20,F,colon,I,radiotherapy,2024-03-17,no,9.60,333.79
1766,Synthetic_01766,69,F,breast,IV,chemotherapy,2025-01-15,yes,6.46,396.56
1767,Synthetic_01767,66,F,lung,IV,surgery,2024-11-14,no,2.18,791.60
1768,Synthetic_01768,39,M,breast,I,radiotherapy,2022-03-15,yes,18.57,483.33
1769,Synthetic_01769,29,M,colon,IV,chemotherapy,2022-08-15,yes,3.67,426.97
1770,Synthetic_01770,36,M,lung,IV,chemotherapy,2025-10-12,yes,14.38,337.43
1771,Synthetic_01771,88,F,prostate,I,chemotherapy,2020-04-15,yes,14.19,781.78
1772,Synthetic_01772,41,M,breast,I,radiotherapy,2023-04-20,no,4.95,623.83
1773,Synthetic_01773,90,M,prostate,III,surgery,2024-02-02,no,5.17,546.92
1774,Synthetic_01774,23,F,colon,II,surgery,2024-11-02,no,13.20,105.18
1775,Synthetic_01775,40,M,prostate,IV,surgery,2021-01-04,yes,19.01,70.31
1776,Synthetic_01776,70,F,prostate,II,chemotherapy,2023-10-01,yes,13.84,248.50
1777,Synthetic_01777,47,M,colon,II,surgery,2020-04-03,yes,17.89,250.28
1778,Synthetic_01778,72,M,breast,IV,surgery,2024-10-05,no,2.10,742.79
1779,Synthetic_01779,19,F,lung,IV,radiotherapy,2023-06-27,yes,7.05,557.01
1780,Synthetic_01780,53,M,prostate,III,surgery,2024-08-24,yes,6.30,557.21
1781,Synthetic_01781,29,M,lung,IV,radiotherapy,2025-02-22,yes,7.60,877.37
1782,Synthetic_01782,80,F,prostate,IV,radiotherapy,2022-04-15,no,10.39,334.55
1783,Synthetic_01783,61,F,breast,I,radiotherapy,2021-11-18,no,1.32,890.45
1784,Synthetic_01784,45,M,colon,II,radiotherapy,2023-12-22,no,2.64,842.07
1785,Synthetic_01785,35,M,prostate,IV,radiotherapy,2022-08-26,no,15.00,380.80
1786,Synthetic_01786,35,M,breast,I,chemotherapy,2021-04-27,yes,1.62,542.40
1787,Synthetic_01787,46,F,breast,I,chemotherapy,2023-08-20,no,12.26,842.97
1788,Synthetic_01788,45,F,breast,II,radiotherapy,2024-12-18,no,17.04,485.20
1789,Synthetic_01789,68,M,lung,IV,radiotherapy,2024-08-03,yes,5.68,807.29
1790,Synthetic_01790,25,M,prostate,IV,radiotherapy,2020-04-01,yes,15.02,280.48
1791,Synthetic_01791,20,F,breast,IV,radiotherapy,2020-10-18,no,4.18,64.23
1792,Synthetic_01792,42,F,breast,IV,surgery,2021-12-25,no,8.83,674.88
1793,Synthetic_01793,72,F,lung,IV,surgery,2023-02-01,yes,15.13,463.37
1794,Synthetic_01794,69,M,lung,III,chemotherapy,2024-05-05,yes,2.97,372.01
1795,Synthetic_01795,36,M,colon,I,chemotherapy,2023-07-03,no,3.49,254.49
1796,Synthetic_01796,44,F,colon,I,radiotherapy,2020-11-16,no,15.06,90.51
1797,Synthetic_01797,55,F,breast,IV,radiotherapy,2021-07-15,no,16.94,790.37
1798,Synthetic_01798,48,F,lung,IV,radiotherapy,2023-03-21,no,11.03,409.78
1799,Synthetic_01799,32,M,lung,III,surgery,2021-11-16,no,2.07,306.50
1800,Synthetic_01800,69,F,breast,I,surgery,2024-02-22,no,12.94,884.75
1801,Synthetic_01801,37,M,colon,IV,surgery,2020-09-01,yes,16.81,430.85
1802,Synthetic_01802,77,M,breast,II,radiotherapy,2023-12-14,no,18.77,745.14
1803,Synthetic_01803,24,M,colon,III,surgery,2024-02-26,no,11.59,83.96
1804,Synthetic_01804,65,F,colon,IV,surgery,2023-12-28,yes,12.23,969.83
1805,Synthetic_01805,32,M,lung,IV,radiotherapy,2024-08-20,yes,9.02,814.69
1806,Synthetic_01806,79,M,breast,III,chemotherapy,2025-11-08,yes,3.96,430.05
1807,Synthetic_01807,43,M,prostate,III,surgery,2021-11-07,no,8.53,831.14
1808,Synthetic_01808,20,F,prostate,III,radiotherapy,2025-04-18,yes,1.68,143.95
1809,Synthetic_01809,64,F,lung,I,chemotherapy,2022-05-28,no,16.43,380.69
1810,Synthetic_01810,38,M,colon,I,chemotherapy,2024-09-17,no,7.43,373.15
1811,Synthetic_01811,33,M,prostate,IV,chemotherapy,2022-06-10,yes,12.94,998.15
1812,Synthetic_01812,49,F,colon,IV,surgery,2025-03-13,no,17.51,450.30
1813,Synthetic_01813,37,F,lung,II,chemotherapy,2024-04-18,yes,13.87,722.31
1814,Synthetic_01814,46,F,breast,II,chemotherapy,2023-02-01,yes,14.41,806.00
1815,Synthetic_01815,18,M,colon,I,surgery,2023-10-17,no,6.20,562.01
1816,Synthetic_01816,38,F,prostate,IV,chemotherapy,2025-10-04,no,16.38,897.79
1817,Synthetic_01817,33,M,lung,IV,surgery,2021-04-04,yes,13.73,668.56
1818,Synthetic_01818,79,M,colon,II,radiotherapy,2020-06-03,no,7.13,835.56
1819,Synthetic_01819,46,F,lung,I,chemotherapy,2023-10-08,no,19.02,548.75
1820,Synthetic_01820,20,M,breast,III,surgery,2020-11-08,no,10.77,34.62
1821,Synthetic_01821,41,M,prostate,I,chemotherapy,2020-11-07,yes,16.84,134.60
1822,Synthetic_01822,45,M,colon,IV,radiotherapy,2020-05-03,no,3.11,607.82
1823,Synthetic_01823,48,M,lung,IV,surgery,2025-11-07,no,16.28,362.25
1824,Synthetic_01824,49,M,lung,I,radiotherapy,2024-04-25,yes,18.80,237.74
1825,Synthetic_01825,83,F,lung,III,surgery,2023-06-04,no,7.96,682.98
1826,Synthetic_01826,23,M,prostate,II,surgery,2020-01-23,yes,13.88,124.08
1827,Synthetic_01827,26,F,colon,IV,chemotherapy,2025-10-06,no,14.60,600.93
1828,Synthetic_01828,29,F,lung,I,chemotherapy,2025-06-05,yes,9.38,256.67
1829,Synthetic_01829,50,M,prostate,II,surgery,2023-11-19,no,13.29,111.76
1830,Synthetic_01830,27,M,prostate,II,surgery,2020-12-02,no,18.09,391.10
1831,Synthetic_01831,32,M,lung,III,radiotherapy,2020-10-24,yes,8.98,892.11
1832,Synthetic_01832,37,M,prostate,II,surgery,2020-10-03,no,10.87,100.89
1833,Synthetic_01833,50,M,lung,IV,surgery,2022-01-21,yes,3.66,270.11
1834,Synthetic_01834,35,M,breast,IV,chemotherapy,2023-09-22,yes,11.85,146.41
1835,Synthetic_01835,34,F,colon,IV,radiotherapy,2025-04-10,no,19.09,65.47
1836,Synthetic_01836,68,M,colon,III,radiotherapy,2021-06-06,yes,14.65,932.88
1837,Synthetic_01837,77,M,colon,I,surgery,2021-12-06,no,15.44,33.39
1838,Synthetic_01838,37,F,prostate,IV,surgery,2024-10-17,yes,5.92,964.36
1839,Synthetic_01839,42,F,colon,I,chemotherapy,2020-09-20,no,17.33,872.99
1840,Synthetic_01840,25,F,prostate,I,radiotherapy,2022-07-12,yes,13.74,359.14
1841,Synthetic_01841,49,M,lung,IV,radiotherapy,2020-08-22,no,10.50,631.72
1842,Synthetic_01842,87,M,lung,IV,surgery,2023-09-20,no,7.47,874.32
1843,Synthetic_01843,36,M,prostate,III,surgery,2023-02-23,yes,1.97,634.85
1844,Synthetic_01844,38,F,colon,III,radiotherapy,2022-02-14,yes,8.37,630.24
1845,Synthetic_01845,35,M,breast,IV,surgery,2021-09-05,yes,14.28,159.11
1846,Synthetic_01846,62,F,breast,III,chemotherapy,2025-10-09,no,3.20,65.87
1847,Synthetic_01847,24,M,prostate,I,surgery,2020-08-08,yes,8.88,425.26
1848,Synthetic_01848,28,F,colon,III,radiotherapy,2023-12-07,no,14.94,908.50
1849,Synthetic_01849,68,M,breast,II,chemotherapy,2024-01-10,yes,6.37,311.74
1850,Synthetic_01850,88,F,breast,IV,chemotherapy,2024-01-23,no,17.11,920.70
1851,Synthetic_01851,19,M,colon,IV,surgery,2022-08-18,no,8.56,136.09
1852,Synthetic_01852,61,F,lung,IV,chemotherapy,2024-04-07,yes,13.80,937.72
1853,Synthetic_01853,19,M,lung,IV,surgery,2022-04-12,yes,12.65,266.14
1854,Synthetic_01854,90,F,lung,IV,radiotherapy,2025-12-18,no,11.77,851.44
1855,Synthetic_01855,18,F,prostate,III,surgery,2020-08-23,yes,19.33,620.96
1856,Synthetic_01856,23,F,colon,III,chemotherapy,2024-02-01,no,10.70,227.77
1857,Synthetic_01857,71,M,breast,IV,surgery,2023-07-19,yes,12.47,685.16
1858,Synthetic_01858,51,F,lung,II,chemotherapy,2021-07-04,yes,7.20,78.94
1859,Synthetic_01859,45,M,breast,III,radiotherapy,2024-12-23,yes,2.76,597.40
1860,Synthetic_01860,39,M,breast,II,surgery,2025-04-15,yes,9.82,574.26
1861,Synthetic_01861,56,F,colon,I,surgery,2020-02-05,no,12.94,26.61
1862,Synthetic_01862,50,M,prostate,IV,chemotherapy,2024-05-27,yes,14.88,823.67
1863,Synthetic_01863,28,F,prostate,I,radiotherapy,2020-08-02,yes,12.15,876.62
1864,Synthetic_01864,80,F,colon,I,surgery,2023-03-08,no,18.95,372.82
1865,Synthetic_01865,43,F,breast,IV,radiotherapy,2023-10-10,yes,7.34,430.39
1866,Synthetic_01866,51,M,prostate,I,surgery,2023-02-12,no,17.63,482.31
1867,Synthetic_01867,33,F,prostate,I,chemotherapy,2020-05-12,no,3.55,707.35
1868,Synthetic_01868,83,F,breast,III,surgery,2021-12-25,yes,11.50,47.91
1869,Synthetic_01869,70,M,prostate,IV,surgery,2023-04-02,no,16.57,790.21
1870,Synthetic_01870,80,M,lung,I,chemotherapy,2023-04-20,no,19.64,671.74
1871,Synthetic_01871,69,M,breast,IV,surgery,2025-08-20,no,6.27,402.86
1872,Synthetic_01872,83,F,lung,I,chemotherapy,2021-08-10,no,3.79,917.35
1873,Synthetic_01873,25,M,breast,IV,chemotherapy,2021-08-02,yes,18.83,764.83
1874,Synthetic_01874,47,F,breast,I,surgery,2025-10-14,no,2.15,882.81
1875,Synthetic_01875,29,M,lung,IV,radiotherapy,2022-07-20,yes,8.91,850.79
1876,Synthetic_01876,76,M,lung,IV,chemotherapy,2020-02-12,no,4.06,458.51
1877,Synthetic_01877,66,M,breast,I,chemotherapy,2024-01-07,no,11.28,523.30
1878,Synthetic_01878,74,M,lung,II,radiotherapy,2021-02-28,no,14.82,539.17
1879,Synthetic_01879,59,F,prostate,I,chemotherapy,2020-06-07,yes,16.16,57.65
1880,Synthetic_01880,87,M,lung,I,chemotherapy,2020-10-22,no,7.31,265.79
1881,Synthetic_01881,21,M,prostate,I,surgery,2021-07-16,yes,12.15,24.54
1882,Synthetic_01882,39,F,lung,IV,radiotherapy,2022-04-14,no,7.89,36.94
1883,Synthetic_01883,59,F,lung,IV,radiotherapy,2024-06-26,yes,3.16,487.99
1884,Synthetic_01884,73,F,breast,II,radiotherapy,2021-08-02,no,14.83,404.89
1885,Synthetic_01885,85,M,colon,II,radiotherapy,2021-09-14,no,16.87,909.09
1886,Synthetic_01886,70,M,prostate,III,chemotherapy,2025-06-09,no,11.16,394.07
1887,Synthetic_01887,72,F,breast,IV,surgery,2021-11-01,no,17.36,869.49
1888,Synthetic_01888,80,F,prostate,II,surgery,2025-01-15,yes,6.23,478.86
1889,Synthetic_01889,80,M,breast,IV,chemotherapy,2023-02-25,yes,11.12,8.29
1890,Synthetic_01890,66,M,prostate,IV,surgery,2022-01-10,no,9.22,145.97
1891,Synthetic_01891,58,F,breast,IV,chemotherapy,2021-01-27,yes,10.81,666.35
1892,Synthetic_01892,27,M,breast,III,chemotherapy,2021-06-07,yes,5.22,262.59
1893,Synthetic_01893,85,M,prostate,II,radiotherapy,2024-04-19,yes,19.62,589.34
1894,Synthetic_01894,47,M,colon,III,surgery,2025-09-03,yes,6.42,777.35
1895,Synthetic_01895,34,M,colon,II,radiotherapy,2025-02-04,yes,16.43,191.82
1896,Synthetic_01896,26,F,prostate,III,radiotherapy,2022-05-04,no,17.08,193.22
1897,Synthetic_01897,36,F,breast,IV,chemotherapy,2022-12-04,yes,11.12,735.19
1898,Synthetic_01898,61,F,prostate,II,surgery,2023-01-23,no,10.19,190.94
1899,Synthetic_01899,76,F,colon,IV,surgery,2025-03-27,no,19.03,566.66
1900,Synthetic_01900,78,F,colon,II,radiotherapy,2022-03-01,no,14.79,83.61
1901,Synthetic_01901,27,F,prostate,II,surgery,2020-12-16,no,19.64,753.20
1902,Synthetic_01902,32,F,colon,III,surgery,2021-12-17,no,6.68,291.16
1903,Synthetic_01903,26,F,colon,IV,chemotherapy,2023-09-17,no,2.96,428.41
1904,Synthetic_01904,83,F,breast,IV,surgery,2021-10-22,yes,13.97,175.08
1905,Synthetic_01905,39,F,prostate,I,surgery,2025-12-25,yes,10.29,918.80
1906,Synthetic_01906,62,F,colon,II,radiotherapy,2022-06-13,no,14.43,321.87
1907,Synthetic_01907,29,F,colon,III,radiotherapy,2024-11-10,no,1.43,356.37
1908,Synthetic_01908,69,F,breast,II,radiotherapy,2023-09-28,no,9.69,200.58
1909,Synthetic_01909,31,M,prostate,II,chemotherapy,2020-04-05,no,12.33,652.89
1910,Synthetic_01910,66,M,breast,IV,surgery,2022-11-04,yes,16.96,148.54
1911,Synthetic_01911,55,F,colon,IV,surgery,2021-05-19,yes,16.95,845.58
1912,Synthetic_01912,27,M,colon,I,surgery,2020-04-10,yes,2.71,654.95
1913,Synthetic_01913,20,F,colon,I,radiotherapy,2025-12-28,yes,3.61,489.63
1914,Synthetic_01914,44,F,colon,II,surgery,2020-10-20,no,17.62,183.57
1915,Synthetic_01915,59,F,colon,I,chemotherapy,2023-07-21,yes,3.60,348.47
1916,Synthetic_01916,47,F,breast,IV,chemotherapy,2021-04-15,no,4.36,480.04
1917,Synthetic_01917,23,M,colon,III,chemotherapy,2024-03-09,no,14.28,607.26
1918,Synthetic_01918,79,F,lung,I,radiotherapy,2020-01-20,no,17.37,4.11
1919,Synthetic_01919,34,M,lung,III,radiotherapy,2021-11-02,yes,12.96,452.06
1920,Synthetic_01920,25,F,prostate,II,surgery,2022-11-06,yes,11.04,879.31
1921,Synthetic_01921,85,F,colon,I,surgery,2024-04-04,yes,11.76,869.55
1922,Synthetic_01922,28,F,colon,II,chemotherapy,2020-03-14,no,12.44,848.20
1923,Synthetic_01923,58,M,breast,III,surgery,2024-05-01,yes,6.67,999.61
1924,Synthetic_01924,63,F,lung,III,surgery,2024-03-22,no,2.51,84.76
1925,Synthetic_01925,60,F,lung,IV,surgery,2024-05-02,no,3.07,948.02
1926,Synthetic_01926,49,F,breast,II,surgery,2021-08-25,yes,2.51,758.16
1927,Synthetic_01927,28,M,colon,IV,surgery,2023-02-27,yes,18.51,830.27
1928,Synthetic_01928,35,M,prostate,I,surgery,2021-07-06,no,19.78,878.43
1929,Synthetic_01929,88,M,prostate,III,chemotherapy,2023-02-08,no,2.74,672.48
1930,Synthetic_01930,22,F,prostate,I,chemotherapy,2023-09-05,yes,12.27,369.81
1931,Synthetic_01931,80,F,colon,III,radiotherapy,2024-01-26,yes,13.83,484.76
1932,Synthetic_01932,77,F,colon,I,surgery,2020-10-11,yes,8.90,621.78
1933,Synthetic_01933,60,M,colon,II,chemotherapy,2024-04-07,yes,14.13,761.47
1934,Synthetic_01934,48,M,prostate,II,chemotherapy,2020-05-23,yes,13.67,764.96
1935,Synthetic_01935,21,F,colon,I,radiotherapy,2023-03-07,yes,6.04,854.89
1936,Synthetic_01936,60,M,colon,II,surgery,2022-12-16,yes,8.09,701.08
1937,Synthetic_01937,43,F,lung,IV,radiotherapy,2024-06-18,no,20.00,287.33
1938,Synthetic_01938,29,M,breast,IV,chemotherapy,2025-12-28,no,10.45,290.87
1939,Synthetic_01939,19,M,breast,II,radiotherapy,2024-09-08,no,7.71,26.65
1940,Synthetic_01940,51,F,prostate,III,chemotherapy,2020-12-17,yes,12.13,187.97
1941,Synthetic_01941,55,M,prostate,IV,chemotherapy,2021-01-07,yes,15.82,790.47
1942,Synthetic_01942,52,F,prostate,I,surgery,2022-02-04,yes,14.94,375.62
1943,Synthetic_01943,86,F,colon,IV,chemotherapy,2023-03-08,yes,6.17,744.79
1944,Synthetic_01944,56,M,colon,III,surgery,2020-11-28,yes,6.62,577.92
1945,Synthetic_01945,64,F,prostate,II,surgery,2025-10-18,yes,2.95,146.31
1946,Synthetic_01946,45,M,lung,II,surgery,2022-03-08,yes,2.57,715.18
1947,Synthetic_01947,55,F,breast,I,chemotherapy,2021-09-26,yes,11.45,594.48
1948,Synthetic_01948,88,F,colon,II,radiotherapy,2023-12-10,no,12.74,941.69
1949,Synthetic_01949,87,M,colon,I,surgery,2021-02-24,no,14.67,534.88
1950,Synthetic_01950,59,M,breast,III,radiotherapy,2024-10-02,yes,18.11,689.07
1951,Synthetic_01951,44,M,breast,I,surgery,2023-04-15,yes,13.37,428.36
1952,Synthetic_01952,68,F,colon,I,surgery,2022-04-02,yes,1.28,314.11
1953,Synthetic_01953,79,M,breast,III,surgery,2024-08-25,yes,8.33,760.69
1954,Synthetic_01954,50,F,prostate,II,radiotherapy,2024-08-16,no,18.57,632.15
1955,Synthetic_01955,81,F,lung,III,radiotherapy,2020-06-12,yes,6.66,252.95
1956,Synthetic_01956,66,M,breast,III,chemotherapy,2022-06-18,yes,15.72,242.85
1957,Synthetic_01957,47,M,breast,I,surgery,2020-05-02,yes,12.02,892.97
1958,Synthetic_01958,26,F,breast,III,chemotherapy,2025-09-28,no,10.46,390.06
1959,Synthetic_01959,89,F,prostate,III,chemotherapy,2023-07-17,yes,9.08,509.49
1960,Synthetic_01960,28,M,breast,IV,surgery,2023-11-06,no,14.51,382.67
1961,Synthetic_01961,61,F,prostate,III,chemotherapy,2025-09-13,yes,12.00,340.40
1962,Synthetic_01962,26,F,breast,III,radiotherapy,2021-04-20,no,11.24,923.57
1963,Synthetic_01963,58,F,lung,I,chemotherapy,2021-02-24,yes,5.54,474.66
1964,Synthetic_01964,50,M,lung,I,chemotherapy,2025-02-22,yes,3.36,120.25
1965,Synthetic_01965,63,M,prostate,IV,chemotherapy,2021-02-09,no,6.96,664.52
1966,Synthetic_01966,67,M,colon,III,radiotherapy,2022-09-28,yes,5.48,131.86
1967,Synthetic_01967,36,M,colon,IV,chemotherapy,2021-12-23,no,15.82,661.54
1968,Synthetic_01968,83,F,lung,IV,chemotherapy,2024-12-01,yes,2.41,470.34
1969,Synthetic_01969,70,M,prostate,IV,radiotherapy,2024-02-15,no,16.44,580.29
1970,Synthetic_01970,21,M,colon,III,surgery,2021-03-08,no,14.87,447.95
1971,Synthetic_01971,65,F,breast,II,chemotherapy,2021-09-03,yes,14.80,331.63
1972,Synthetic_01972,79,F,lung,I,radiotherapy,2020-06-13,no,12.90,331.34
1973,Synthetic_01973,25,M,prostate,I,chemotherapy,2022-09-03,yes,19.80,558.42
1974,Synthetic_01974,76,M,breast,IV,surgery,2025-03-28,no,5.14,318.07
1975,Synthetic_01975,54,M,colon,II,chemotherapy,2021-06-28,no,4.83,400.56
1976,Synthetic_01976,89,F,colon,I,radiotherapy,2021-10-01,no,14.56,863.91
1977,Synthetic_01977,50,M,colon,II,chemotherapy,2020-04-05,yes,7.25,847.56
1978,Synthetic_01978,47,M,colon,II,surgery,2024-10-09,yes,4.33,146.21
1979,Synthetic_01979,86,F,breast,II,chemotherapy,2022-06-04,no,18.75,129.20
1980,Synthetic_01980,79,F,breast,III,radiotherapy,2020-04-12,yes,11.44,177.87
1981,Synthetic_01981,31,M,colon,I,surgery,2023-05-01,yes,19.78,347.47
1982,Synthetic_01982,76,M,colon,III,chemotherapy,2020-10-07,yes,9.75,482.64
1983,Synthetic_01983,63,F,prostate,IV,surgery,2020-12-23,yes,10.63,752.16
1984,Synthetic_01984,72,F,breast,IV,chemotherapy,2025-03-18,yes,8.04,730.72
1985,Synthetic_01985,80,M,prostate,IV,surgery,2023-04-27,no,1.21,525.51
1986,Synthetic_01986,71,M,lung,III,surgery,2021-09-26,no,10.83,504.23
1987,Synthetic_01987,71,F,breast,II,radiotherapy,2021-05-12,no,8.00,733.34
1988,Synthetic_01988,47,F,lung,IV,chemotherapy,2024-01-15,no,19.67,897.69
1989,Synthetic_01989,58,M,lung,III,surgery,2020-05-08,no,2.78,443.09
1990,Synthetic_01990,79,F,lung,III,surgery,2025-05-22,no,18.77,725.68
1991,Synthetic_01991,23,F,breast,IV,surgery,2025-04-10,yes,7.26,558.80
1992,Synthetic_01992,90,F,lung,III,surgery,2020-07-20,yes,16.52,707.12
1993,Synthetic_01993,89,M,lung,III,surgery,2024-09-25,no,15.63,928.47
1994,Synthetic_01994,69,F,breast,II,surgery,2022-04-10,yes,9.57,449.78
1995,Synthetic_01995,32,M,lung,IV,chemotherapy,2020-02-01,no,18.67,413.75
1996,Synthetic_01996,59,F,colon,I,chemotherapy,2020-06-08,no,15.43,862.21
1997,Synthetic_01997,56,M,prostate,I,radiotherapy,2023-04-12,yes,3.98,653.31
1998,Synthetic_01998,45,M,prostate,II,radiotherapy,2024-11-10,yes,19.32,751.90
1999,Synthetic_01999,72,F,colon,III,surgery,2021-09-24,yes,12.20,365.14
2000,Synthetic_02000,65,F,breast,II,radiotherapy,2020-10-20,yes,14.94,724.51
2001,Synthetic_02001,38,F,lung,II,chemotherapy,2024-10-07,no,5.47,398.03
2002,Synthetic_02002,21,M,prostate,IV,chemotherapy,2024-01-07,yes,11.85,597.64
2003,Synthetic_02003,72,F,breast,II,radiotherapy,2020-12-01,no,4.41,100.91
2004,Synthetic_02004,45,F,lung,IV,surgery,2023-01-02,yes,9.97,55.39
2005,Synthetic_02005,71,F,colon,II,chemotherapy,2021-01-13,yes,4.61,563.62
2006,Synthetic_02006,81,F,prostate,IV,chemotherapy,2023-01-10,yes,19.23,513.39
2007,Synthetic_02007,76,F,prostate,II,radiotherapy,2024-11-17,no,1.55,476.50
2008,Synthetic_02008,26,F,breast,II,radiotherapy,2025-12-03,yes,2.91,295.51
2009,Synthetic_02009,82,M,colon,III,radiotherapy,2023-02-23,no,8.98,223.95
2010,Synthetic_02010,25,F,colon,I,radiotherapy,2025-05-11,no,19.14,895.79
2011,Synthetic_02011,85,F,prostate,II,radiotherapy,2022-03-08,no,1.87,290.92
2012,Synthetic_02012,45,M,colon,III,radiotherapy,2021-04-05,yes,1.46,979.53
2013,Synthetic_02013,20,F,breast,I,surgery,2023-09-28,yes,9.34,626.09
2014,Synthetic_02014,34,F,colon,III,chemotherapy,2024-07-24,no,14.95,91.10
2015,Synthetic_02015,22,F,lung,I,radiotherapy,2024-08-25,no,13.05,19.96
2016,Synthetic_02016,21,M,prostate,IV,surgery,2025-04-24,yes,18.27,679.44
2017,Synthetic_02017,68,F,lung,I,chemotherapy,2023-01-20,yes,18.98,696.88
2018,Synthetic_02018,23,F,colon,III,surgery,2023-10-18,yes,1.31,315.56
2019,Synthetic_02019,79,M,lung,III,radiotherapy,2024-11-28,no,19.45,516.75
2020,Synthetic_02020,31,M,prostate,II,surgery,2025-11-18,yes,3.89,662.89
2021,Synthetic_02021,53,M,breast,III,chemotherapy,2025-02-17,no,1.37,11.46
2022,Synthetic_02022,51,F,breast,IV,radiotherapy,2021-09-03,yes,2.00,192.35
2023,Synthetic_02023,30,F,breast,IV,chemotherapy,2025-03-21,yes,10.33,935.03
2024,Synthetic_02024,71,M,prostate,IV,radiotherapy,2024-07-02,yes,18.85,170.88
2025,Synthetic_02025,59,M,prostate,III,radiotherapy,2021-09-07,yes,11.54,640.85
2026,Synthetic_02026,21,F,breast,II,surgery,2021-10-25,yes,17.31,132.31
2027,Synthetic_02027,47,F,prostate,I,surgery,2025-12-24,yes,2.98,955.52
2028,Synthetic_02028,89,F,breast,II,chemotherapy,2020-12-04,no,4.09,82.50
2029,Synthetic_02029,60,F,breast,II,surgery,2023-02-27,no,2.88,305.80
2030,Synthetic_02030,53,F,breast,IV,radiotherapy,2020-04-28,no,12.54,511.96
2031,Synthetic_02031,49,F,prostate,II,radiotherapy,2022-05-07,no,5.84,478.22
2032,Synthetic_02032,90,F,colon,II,surgery,2020-05-11,yes,14.59,837.59
2033,Synthetic_02033,22,M,colon,IV,chemotherapy,2023-01-28,yes,2.95,260.48
2034,Synthetic_02034,39,F,breast,I,chemotherapy,2020-07-12,yes,16.09,38.38
2035,Synthetic_02035,53,F,breast,IV,chemotherapy,2020-06-19,yes,1.61,168.19
2036,Synthetic_02036,60,F,breast,III,radiotherapy,2025-09-03,no,16.96,840.97
2037,Synthetic_02037,37,M,prostate,IV,radiotherapy,2023-06-17,no,17.34,439.18
2038,Synthetic_02038,32,F,colon,II,radiotherapy,2024-09-26,no,1.20,291.37
2039,Synthetic_02039,66,M,lung,III,chemotherapy,2021-06-26,yes,3.77,963.09
2040,Synthetic_02040,87,M,breast,IV,radiotherapy,2025-02-17,yes,18.99,985.21
2041,Synthetic_02041,72,F,breast,I,chemotherapy,2025-12-08,yes,4.73,946.15
2042,Synthetic_02042,82,F,colon,IV,radiotherapy,2025-08-20,yes,5.09,990.83
2043,Synthetic_02043,41,M,prostate,II,radiotherapy,2024-06-21,yes,4.43,295.59
2044,Synthetic_02044,60,F,prostate,I,surgery,2020-06-27,yes,14.10,618.45
2045,Synthetic_02045,40,F,colon,I,chemotherapy,2021-09-26,no,1.40,287.92
2046,Synthetic_02046,53,F,lung,II,chemotherapy,2023-11-10,yes,14.20,212.82
2047,Synthetic_02047,61,M,breast,III,chemotherapy,2021-11-20,yes,3.24,215.99
2048,Synthetic_02048,40,F,breast,III,surgery,2021-03-28,yes,4.74,542.45
2049,Synthetic_02049,53,M,prostate,IV,chemotherapy,2021-06-13,yes,7.80,297.42
2050,Synthetic_02050,29,F,colon,I,radiotherapy,2023-08-03,yes,2.28,802.67
2051,Synthetic_02051,50,M,breast,I,chemotherapy,2023-08-14,yes,10.61,463.21
2052,Synthetic_02052,30,F,prostate,II,surgery,2025-07-02,no,1.58,422.05
2053,Synthetic_02053,41,M,prostate,I,surgery,2023-06-20,no,4.06,137.25
2054,Synthetic_02054,69,F,prostate,IV,radiotherapy,2021-07-19,no,11.32,583.87
2055,Synthetic_02055,31,F,breast,I,surgery,2021-08-04,yes,12.93,261.65
2056,Synthetic_02056,51,M,colon,I,chemotherapy,2024-02-28,yes,10.22,957.52
2057,Synthetic_02057,53,M,colon,I,surgery,2020-08-05,yes,11.09,610.46
2058,Synthetic_02058,46,M,prostate,III,radiotherapy,2024-01-05,yes,17.39,276.23
2059,Synthetic_02059,80,M,lung,III,radiotherapy,2021-03-06,no,2.33,263.03
2060,Synthetic_02060,72,F,colon,II,surgery,2025-08-02,yes,12.16,423.81
2061,Synthetic_02061,66,F,breast,I,chemotherapy,2025-09-05,yes,12.42,782.22
2062,Synthetic_02062,36,M,breast,II,surgery,2023-08-25,yes,19.19,525.88
2063,Synthetic_02063,65,M,colon,I,radiotherapy,2023-09-09,yes,8.11,312.04
2064,Synthetic_02064,72,F,lung,IV,surgery,2024-07-21,no,12.19,208.02
2065,Synthetic_02065,58,F,prostate,I,radiotherapy,2025-07-14,no,6.06,149.43
2066,Synthetic_02066,38,F,colon,IV,surgery,2022-10-26,no,14.19,480.06
2067,Synthetic_02067,70,M,prostate,IV,surgery,2023-01-21,yes,11.57,310.53
2068,Synthetic_02068,55,F,prostate,I,chemotherapy,2025-11-02,no,4.63,903.50
2069,Synthetic_02069,31,M,colon,IV,surgery,2021-01-04,yes,5.82,28.74
2070,Synthetic_02070,19,M,breast,II,radiotherapy,2024-01-08,no,5.49,882.40
2071,Synthetic_02071,41,M,breast,I,radiotherapy,2025-04-27,no,2.33,219.48
2072,Synthetic_02072,78,F,breast,IV,chemotherapy,2022-04-22,yes,18.87,255.06
2073,Synthetic_02073,50,F,breast,IV,surgery,2021-01-27,yes,19.22,984.76
2074,Synthetic_02074,28,F,prostate,IV,chemotherapy,2025-05-28,yes,16.42,768.96
2075,Synthetic_02075,18,M,colon,I,surgery,2022-04-19,no,1.34,457.42
2076,Synthetic_02076,86,F,lung,IV,radiotherapy,2022-10-23,no,19.48,441.79
2077,Synthetic_02077,64,M,colon,II,surgery,2021-09-17,no,13.38,412.12
2078,Synthetic_02078,86,F,lung,III,surgery,2023-03-27,no,19.72,752.73
2079,Synthetic_02079,40,M,breast,IV,surgery,2021-11-09,yes,4.87,60.73
2080,Synthetic_02080,21,F,colon,IV,radiotherapy,2025-07-21,yes,18.18,794.42
2081,Synthetic_02081,62,M,breast,I,radiotherapy,2022-07-23,yes,14.57,7.39
2082,Synthetic_02082,47,F,colon,II,radiotherapy,2022-04-11,no,6.52,144.99
2083,Synthetic_02083,52,F,lung,III,radiotherapy,2023-11-12,no,12.42,987.92
2084,Synthetic_02084,80,F,prostate,I,chemotherapy,2021-03-24,no,1.50,230.95
2085,Synthetic_02085,19,F,prostate,III,radiotherapy,2025-07-21,yes,11.73,93.21
2086,Synthetic_02086,28,M,prostate,II,surgery,2025-09-04,yes,16.47,773.06
2087,Synthetic_02087,25,F,lung,I,surgery,2020-03-21,no,8.37,137.27
2088,Synthetic_02088,25,F,breast,II,chemotherapy,2024-10-02,no,9.21,943.34
2089,Synthetic_02089,22,M,colon,II,chemotherapy,2020-06-13,no,19.02,8.32
2090,Synthetic_02090,88,M,colon,IV,radiotherapy,2022-03-28,no,1.97,622.84
2091,Synthetic_02091,78,M,lung,III,radiotherapy,2024-11-17,no,18.77,364.76
2092,Synthetic_02092,29,M,breast,II,radiotherapy,2022-06-19,no,4.15,620.04
2093,Synthetic_02093,26,F,lung,IV,radiotherapy,2025-12-04,yes,16.63,715.78
2094,Synthetic_02094,88,F,breast,III,chemotherapy,2021-05-26,yes,9.87,102.58
2095,Synthetic_02095,71,F,prostate,III,radiotherapy,2020-02-25,no,15.85,477.29
2096,Synthetic_02096,90,M,breast,III,surgery,2025-02-02,no,5.57,767.72
2097,Synthetic_02097,61,F,prostate,II,chemotherapy,2021-07-15,yes,14.45,250.14
2098,Synthetic_02098,87,F,colon,I,radiotherapy,2021-11-09,no,9.95,843.00
2099,Synthetic_02099,74,M,lung,III,surgery,2023-04-19,yes,9.54,823.27
2100,Synthetic_02100,28,M,lung,III,surgery,2020-11-17,no,8.37,795.39
2101,Synthetic_02101,30,M,lung,III,surgery,2023-04-03,no,18.73,180.26
2102,Synthetic_02102,84,F,lung,I,radiotherapy,2023-08-11,yes,16.20,211.91
2103,Synthetic_02103,23,F,colon,II,radiotherapy,2022-08-06,yes,12.78,743.51
2104,Synthetic_02104,32,F,colon,II,chemotherapy,2022-10-02,yes,19.31,945.34
2105,Synthetic_02105,89,F,colon,II,radiotherapy,2025-07-07,no,8.11,683.88
2106,Synthetic_02106,69,F,colon,IV,surgery,2020-05-17,no,18.23,371.33
2107,Synthetic_02107,85,M,lung,I,surgery,2022-02-21,yes,13.01,700.66
2108,Synthetic_02108,30,M,prostate,III,chemotherapy,2021-04-16,yes,12.15,978.70
2109,Synthetic_02109,21,F,lung,II,radiotherapy,2020-11-06,yes,6.67,991.83
2110,Synthetic_02110,76,M,lung,II,radiotherapy,2025-10-20,no,5.61,957.99
2111,Synthetic_02111,86,M,lung,I,chemotherapy,2023-04-01,yes,9.97,251.25
2112,Synthetic_02112,35,F,lung,IV,surgery,2024-09-12,no,2.12,783.66
2113,Synthetic_02113,26,F,prostate,IV,chemotherapy,2020-08-25,no,11.48,642.23
2114,Synthetic_02114,87,M,colon,III,surgery,2022-08-21,yes,14.59,439.16
2115,Synthetic_02115,78,F,lung,III,surgery,2025-03-20,yes,18.14,356.77
2116,Synthetic_02116,76,M,lung,III,chemotherapy,2020-12-01,no,18.51,699.91
2117,Synthetic_02117,69,M,breast,I,surgery,2024-05-18,no,13.36,47.91
2118,Synthetic_02118,19,M,breast,IV,chemotherapy,2023-12-13,no,16.86,767.75
2119,Synthetic_02119,39,F,breast,III,surgery,2025-06-27,no,9.28,904.64
2120,Synthetic_02120,46,M,lung,I,chemotherapy,2025-04-09,no,15.27,433.09
2121,Synthetic_02121,78,F,prostate,I,chemotherapy,2023-05-26,yes,10.55,657.52
2122,Synthetic_02122,37,F,lung,IV,chemotherapy,2024-12-10,no,12.52,233.86
2123,Synthetic_02123,59,M,breast,III,radiotherapy,2024-05-22,yes,2.94,360.73
2124,Synthetic_02124,85,M,lung,I,chemotherapy,2025-09-01,no,9.98,147.12
2125,Synthetic_02125,46,F,lung,I,chemotherapy,2020-04-09,no,15.14,246.04
2126,Synthetic_02126,51,F,colon,III,chemotherapy,2020-03-19,no,13.77,69.90
2127,Synthetic_02127,56,M,prostate,III,chemotherapy,2025-06-19,no,12.81,162.60
2128,Synthetic_02128,41,M,prostate,IV,surgery,2025-02-19,no,13.88,35.93
2129,Synthetic_02129,73,M,colon,I,chemotherapy,2023-08-27,yes,11.90,475.84
2130,Synthetic_02130,46,M,prostate,IV,surgery,2022-05-19,no,7.52,883.98
2131,Synthetic_02131,31,F,colon,II,chemotherapy,2023-10-26,no,18.31,954.07
2132,Synthetic_02132,26,F,lung,II,surgery,2021-07-27,no,8.42,799.47
2133,Synthetic_02133,23,F,prostate,I,radiotherapy,2020-05-14,yes,11.67,918.40
2134,Synthetic_02134,61,F,prostate,IV,surgery,2021-01-08,yes,7.85,418.36
2135,Synthetic_02135,56,F,breast,IV,chemotherapy,2024-03-05,yes,9.01,219.51
2136,Synthetic_02136,81,M,prostate,I,radiotherapy,2021-09-25,yes,13.45,497.94
2137,Synthetic_02137,57,F,breast,IV,surgery,2023-04-07,yes,7.38,621.98
2138,Synthetic_02138,25,M,colon,I,surgery,2024-07-11,yes,17.27,36.11
2139,Synthetic_02139,29,M,breast,I,chemotherapy,2025-01-21,no,17.84,128.92
2140,Synthetic_02140,25,F,lung,II,chemotherapy,2024-06-08,yes,12.77,809.22
2141,Synthetic_02141,56,F,lung,IV,radiotherapy,2024-10-19,no,16.79,458.82
2142,Synthetic_02142,64,M,prostate,III,radiotherapy,2024-04-25,yes,3.04,759.00
2143,Synthetic_02143,60,M,lung,IV,radiotherapy,2023-12-19,no,15.38,342.36
2144,Synthetic_02144,78,M,lung,II,chemotherapy,2021-06-15,no,16.89,532.60
2145,Synthetic_02145,52,F,prostate,I,chemotherapy,2021-08-19,yes,11.74,933.31
2146,Synthetic_02146,65,F,breast,III,radiotherapy,2025-04-12,yes,3.50,493.55
2147,Synthetic_02147,57,M,lung,IV,radiotherapy,2023-02-03,yes,6.23,786.38
2148,Synthetic_02148,65,F,lung,I,radiotherapy,2025-09-17,no,2.39,633.52
2149,Synthetic_02149,44,M,prostate,III,chemotherapy,2022-04-19,no,9.98,655.87
2150,Synthetic_02150,68,M,colon,III,surgery,2025-01-26,yes,11.53,584.08
2151,Synthetic_02151,87,F,colon,IV,chemotherapy,2023-01-19,yes,13.25,120.60
2152,Synthetic_02152,60,M,lung,IV,radiotherapy,2020-05-15,yes,19.79,515.60
2153,Synthetic_02153,70,M,breast,I,surgery,2023-03-05,yes,6.79,824.46
2154,Synthetic_02154,50,F,prostate,IV,chemotherapy,2023-12-07,no,15.51,550.79
2155,Synthetic_02155,33,F,breast,I,radiotherapy,2025-11-10,no,12.11,718.68
2156,Synthetic_02156,19,F,breast,I,radiotherapy,2024-03-16,no,5.36,788.68
2157,Synthetic_02157,18,F,colon,III,surgery,2021-10-13,yes,18.35,698.57
2158,Synthetic_02158,37,M,breast,II,radiotherapy,2024-02-23,yes,14.61,378.19
2159,Synthetic_02159,33,F,lung,III,chemotherapy,2024-06-09,no,2.69,392.74
2160,Synthetic_02160,34,M,colon,II,chemotherapy,2023-08-09,yes,12.89,924.72
2161,Synthetic_02161,53,F,colon,III,chemotherapy,2020-09-09,yes,8.38,743.96
2162,Synthetic_02162,71,F,breast,IV,chemotherapy,2021-06-22,no,10.45,950.89
2163,Synthetic_02163,88,M,breast,III,surgery,2022-02-27,yes,13.66,989.10
2164,Synthetic_02164,31,M,colon,IV,surgery,2025-03-25,yes,11.68,634.32
2165,Synthetic_02165,36,M,colon,IV,surgery,2020-08-26,yes,8.94,961.92
2166,Synthetic_02166,72,F,prostate,II,chemotherapy,2025-09-16,yes,16.87,773.31
2167,Synthetic_02167,69,M,colon,IV,chemotherapy,2021-02-08,no,7.86,611.67
2168,Synthetic_02168,74,F,colon,IV,radiotherapy,2021-11-07,no,19.71,145.56
2169,Synthetic_02169,18,M,prostate,II,radiotherapy,2023-11-04,yes,18.48,982.53
2170,Synthetic_02170,84,F,lung,II,radiotherapy,2024-12-10,yes,6.88,538.75
2171,Synthetic_02171,90,M,prostate,I,chemotherapy,2020-07-16,no,19.16,36.83
2172,Synthetic_02172,24,F,breast,II,chemotherapy,2024-04-19,yes,14.80,360.72
2173,Synthetic_02173,64,F,colon,II,surgery,2025-03-21,no,13.33,423.25
2174,Synthetic_02174,37,M,colon,I,radiotherapy,2021-03-21,no,7.67,367.96
2175,Synthetic_02175,36,M,lung,III,chemotherapy,2023-07-24,yes,1.94,156.82
2176,Synthetic_02176,50,M,breast,III,chemotherapy,2024-01-20,yes,15.81,801.44
2177,Synthetic_02177,72,F,prostate,I,surgery,2024-07-10,yes,5.96,429.44
2178,Synthetic_02178,30,F,prostate,III,radiotherapy,2020-04-01,no,12.14,815.69
2179,Synthetic_02179,38,F,prostate,II,surgery,2024-02-24,yes,14.34,869.24
2180,Synthetic_02180,50,F,breast,I,radiotherapy,2025-09-04,yes,7.52,438.29
2181,Synthetic_02181,58,F,breast,II,radiotherapy,2020-10-10,yes,17.64,393.41
2182,Synthetic_02182,60,F,prostate,I,surgery,2023-06-06,no,12.96,418.05
2183,Synthetic_02183,51,M,lung,III,chemotherapy,2024-08-21,yes,1.58,151.54
2184,Synthetic_02184,89,M,breast,IV,radiotherapy,2023-03-24,yes,2.28,470.87
2185,Synthetic_02185,24,M,prostate,IV,surgery,2024-01-24,no,20.00,445.93
2186,Synthetic_02186,30,F,breast,IV,radiotherapy,2023-02-11,yes,5.20,905.88
2187,Synthetic_02187,66,F,breast,III,surgery,2023-08-06,yes,7.51,563.54
2188,Synthetic_02188,45,M,colon,IV,surgery,2023-08-16,yes,18.55,433.86
2189,Synthetic_02189,35,M,prostate,IV,surgery,2023-04-01,no,10.50,268.46
2190,Synthetic_02190,44,M,lung,II,chemotherapy,2024-08-28,no,12.05,290.16
2191,Synthetic_02191,38,F,colon,III,surgery,2025-11-15,no,17.17,69.93
2192,Synthetic_02192,75,M,prostate,I,radiotherapy,2024-12-16,no,5.92,580.67
2193,Synthetic_02193,45,F,colon,II,radiotherapy,2024-08-10,yes,17.73,406.28
2194,Synthetic_02194,39,F,colon,II,chemotherapy,2022-04-09,no,1.50,730.20
2195,Synthetic_02195,59,M,prostate,II,chemotherapy,2022-06-24,yes,15.71,166.01
2196,Synthetic_02196,27,M,colon,I,radiotherapy,2023-02-05,no,5.70,925.19
2197,Synthetic_02197,32,M,lung,III,surgery,2025-05-19,yes,1.79,412.74
2198,Synthetic_02198,34,F,lung,IV,surgery,2021-11-16,no,5.94,481.90
2199,Synthetic_02199,85,M,breast,I,radiotherapy,2024-10-26,no,8.50,712.65
2200,Synthetic_02200,63,M,breast,II,surgery,2022-08-09,yes,9.77,887.65
2201,Synthetic_02201,52,F,lung,II,chemotherapy,2023-10-09,no,7.87,56.38
2202,Synthetic_02202,20,F,lung,I,surgery,2023-06-21,no,5.79,488.46
2203,Synthetic_02203,81,M,breast,I,surgery,2022-03-24,yes,2.34,432.82
2204,Synthetic_02204,31,M,breast,II,surgery,2020-04-27,yes,11.27,798.39
2205,Synthetic_02205,71,F,breast,II,radiotherapy,2021-02-05,no,5.14,718.24
2206,Synthetic_02206,37,M,lung,I,chemotherapy,2024-11-05,no,13.40,1.77
2207,Synthetic_02207,69,M,colon,I,chemotherapy,2022-02-18,no,16.97,361.34
2208,Synthetic_02208,40,F,prostate,III,radiotherapy,2021-04-26,no,2.27,406.32
2209,Synthetic_02209,75,F,breast,III,radiotherapy,2022-06-17,no,1.07,287.28
2210,Synthetic_02210,48,F,lung,III,surgery,2022-11-12,no,7.90,132.22
2211,Synthetic_02211,32,M,prostate,II,radiotherapy,2020-02-04,yes,16.79,370.39
2212,Synthetic_02212,29,F,breast,II,radiotherapy,2022-07-16,yes,14.16,77.13
2213,Synthetic_02213,27,F,prostate,III,radiotherapy,2020-03-07,no,12.96,459.57
2214,Synthetic_02214,68,M,breast,III,surgery,2022-12-18,yes,18.71,154.45
2215,Synthetic_02215,90,M,breast,I,chemotherapy,2021-11-13,no,18.21,63.10
2216,Synthetic_02216,45,F,breast,I,surgery,2023-06-06,no,12.39,418.77
2217,Synthetic_02217,37,M,breast,III,chemotherapy,2020-08-01,yes,17.18,323.50
2218,Synthetic_02218,33,M,breast,IV,radiotherapy,2024-12-11,no,15.79,897.97
2219,Synthetic_02219,84,M,prostate,IV,surgery,2024-06-27,no,6.41,45.01
2220,Synthetic_02220,60,M,prostate,I,chemotherapy,2023-10-20,no,17.47,713.77
2221,Synthetic_02221,28,F,colon,I,surgery,2021-04-24,no,11.38,692.96
2222,Synthetic_02222,78,M,breast,III,surgery,2022-06-09,no,3.89,896.08
2223,Synthetic_02223,70,F,prostate,IV,chemotherapy,2025-04-22,no,10.00,916.12
2224,Synthetic_02224,54,M,lung,II,surgery,2025-02-09,no,5.54,377.29
2225,Synthetic_02225,67,F,prostate,IV,chemotherapy,2024-11-24,yes,18.42,452.50
2226,Synthetic_02226,43,F,colon,II,surgery,2021-06-28,no,19.93,774.52
2227,Synthetic_02227,49,F,prostate,III,radiotherapy,2022-03-16,no,11.50,877.45
2228,Synthetic_02228,56,F,lung,III,chemotherapy,2023-03-07,no,13.66,194.32
2229,Synthetic_02229,75,F,breast,II,chemotherapy,2025-06-19,yes,3.13,653.04
2230,Synthetic_02230,60,M,breast,I,surgery,2021-09-07,no,8.58,727.52
2231,Synthetic_02231,82,M,lung,III,chemotherapy,2024-07-23,no,5.40,919.87
2232,Synthetic_02232,82,M,lung,I,chemotherapy,2023-02-26,no,3.32,733.39
2233,Synthetic_02233,53,F,prostate,I,chemotherapy,2024-11-12,no,11.51,550.02
2234,Synthetic_02234,21,F,lung,II,surgery,2023-04-27,no,4.10,465.93
2235,Synthetic_02235,30,M,colon,I,chemotherapy,2022-02-14,yes,2.40,5.54
2236,Synthetic_02236,57,F,lung,II,chemotherapy,2023-04-03,no,6.64,92.78
2237,Synthetic_02237,48,M,lung,IV,chemotherapy,2020-07-03,yes,12.42,918.03
2238,Synthetic_02238,62,F,lung,III,surgery,2020-06-06,no,2.84,34.06
2239,Synthetic_02239,55,M,colon,III,surgery,2025-03-07,yes,14.62,2.77
2240,Synthetic_02240,24,F,prostate,III,chemotherapy,2022-06-07,yes,2.58,910.81
2241,Synthetic_02241,78,M,breast,I,chemotherapy,2021-12-19,yes,17.31,301.76
2242,Synthetic_02242,30,M,prostate,IV,surgery,2023-09-27,yes,13.82,606.95
2243,Synthetic_02243,43,M,prostate,I,surgery,2024-11-13,no,9.47,477.40
2244,Synthetic_02244,44,M,colon,I,surgery,2023-01-09,yes,15.88,836.91
2245,Synthetic_02245,53,F,lung,II,surgery,2024-03-17,yes,12.21,795.61
2246,Synthetic_02246,83,M,breast,III,radiotherapy,2024-04-05,yes,5.10,486.24
2247,Synthetic_02247,63,F,lung,I,radiotherapy,2024-04-17,no,4.24,80.84
2248,Synthetic_02248,80,F,lung,III,surgery,2025-04-04,yes,8.16,633.06
2249,Synthetic_02249,69,M,breast,I,chemotherapy,2024-12-18,yes,7.66,604.41
2250,Synthetic_02250,54,F,prostate,I,chemotherapy,2024-05-12,yes,16.16,402.51
2251,Synthetic_02251,26,M,lung,II,radiotherapy,2024-01-19,no,13.66,556.50
2252,Synthetic_02252,60,M,breast,III,surgery,2022-05-22,no,19.81,903.49
2253,Synthetic_02253,40,F,prostate,I,surgery,2023-09-24,no,4.19,232.43
2254,Synthetic_02254,90,M,prostate,I,radiotherapy,2024-01-09,yes,1.07,349.91
2255,Synthetic_02255,58,M,breast,IV,radiotherapy,2023-12-19,no,7.65,407.28
2256,Synthetic_02256,87,M,lung,II,chemotherapy,2025-09-02,no,7.57,503.65
2257,Synthetic_02257,40,M,breast,I,radiotherapy,2020-11-01,yes,16.33,565.24
2258,Synthetic_02258,45,F,breast,IV,surgery,2021-07-02,yes,3.51,489.21
2259,Synthetic_02259,47,M,breast,IV,radiotherapy,2024-10-02,yes,6.01,192.48
2260,Synthetic_02260,47,F,prostate,IV,surgery,2024-06-04,no,7.80,515.75
2261,Synthetic_02261,82,F,breast,I,surgery,2021-11-12,yes,10.74,166.42
2262,Synthetic_02262,89,M,prostate,IV,radiotherapy,2025-09-20,no,8.63,504.66
2263,Synthetic_02263,49,M,lung,II,surgery,2022-03-05,no,9.24,463.61
2264,Synthetic_02264,31,M,lung,III,radiotherapy,2020-02-11,yes,7.62,210.81
2265,Synthetic_02265,33,F,lung,I,surgery,2022-02-05,yes,3.31,4.04
2266,Synthetic_02266,90,M,colon,II,surgery,2021-08-07,no,11.74,455.44
2267,Synthetic_02267,69,M,prostate,IV,radiotherapy,2021-08-04,no,8.63,899.69
2268,Synthetic_02268,35,M,colon,IV,chemotherapy,2023-11-04,no,4.56,246.85
2269,Synthetic_02269,29,M,colon,II,radiotherapy,2024-07-09,no,2.78,731.44
2270,Synthetic_02270,34,F,colon,II,chemotherapy,2022-10-23,yes,5.74,707.65
2271,Synthetic_02271,33,F,breast,II,radiotherapy,2021-06-26,yes,4.13,910.89
2272,Synthetic_02272,79,M,breast,IV,surgery,2023-08-26,no,16.02,319.14
2273,Synthetic_02273,22,F,lung,II,surgery,2020-08-23,no,18.58,779.29
2274,Synthetic_02274,50,F,lung,IV,radiotherapy,2024-01-26,yes,13.68,422.50
2275,Synthetic_02275,43,F,colon,I,surgery,2024-06-20,no,18.23,449.49
2276,Synthetic_02276,35,F,breast,IV,surgery,2024-02-28,no,17.95,867.99
2277,Synthetic_02277,61,F,breast,III,surgery,2023-07-17,no,11.31,480.87
2278,Synthetic_02278,77,F,prostate,III,radiotherapy,2025-10-03,yes,18.02,704.70
2279,Synthetic_02279,46,F,prostate,I,chemotherapy,2021-03-16,no,4.52,756.83
2280,Synthetic_02280,68,M,lung,III,radiotherapy,2022-10-24,yes,11.55,583.35
2281,Synthetic_02281,55,M,colon,I,chemotherapy,2023-02-13,no,13.11,144.88
2282,Synthetic_02282,27,F,breast,II,surgery,2020-05-22,yes,3.66,556.88
2283,Synthetic_02283,65,F,prostate,II,chemotherapy,2023-11-03,yes,15.13,199.95
2284,Synthetic_02284,49,M,colon,I,radiotherapy,2025-05-02,no,8.64,612.70
2285,Synthetic_02285,46,F,colon,I,radiotherapy,2020-12-11,yes,17.40,41.44
2286,Synthetic_02286,62,F,lung,I,surgery,2025-10-22,no,6.73,59.95
2287,Synthetic_02287,32,F,colon,IV,radiotherapy,2021-07-15,no,19.15,664.23
2288,Synthetic_02288,29,F,lung,I,surgery,2023-08-07,yes,9.59,23.22
2289,Synthetic_02289,88,F,prostate,IV,chemotherapy,2021-11-07,yes,9.68,45.99
2290,Synthetic_02290,37,F,lung,III,chemotherapy,2023-01-05,no,10.78,349.08
2291,Synthetic_02291,89,M,lung,III,surgery,2025-03-20,no,14.19,264.73
2292,Synthetic_02292,44,F,colon,I,surgery,2020-02-06,yes,3.96,483.88
2293,Synthetic_02293,23,F,prostate,II,surgery,2024-12-20,no,2.97,97.36
2294,Synthetic_02294,20,M,prostate,I,surgery,2025-09-25,no,11.17,389.48
2295,Synthetic_02295,67,M,lung,III,radiotherapy,2023-09-03,yes,17.33,293.13
2296,Synthetic_02296,72,F,colon,I,surgery,2020-12-08,no,12.27,380.30
2297,Synthetic_02297,18,F,prostate,III,chemotherapy,2025-02-09,no,14.27,730.87
2298,Synthetic_02298,40,F,colon,II,chemotherapy,2021-05-02,yes,6.97,413.15
2299,Synthetic_02299,42,M,prostate,IV,chemotherapy,2022-06-18,yes,12.94,384.37
2300,Synthetic_02300,83,M,lung,II,chemotherapy,2024-01-25,no,18.54,22.37
2301,Synthetic_02301,71,M,lung,I,surgery,2022-10-06,no,6.49,495.61
2302,Synthetic_02302,53,F,colon,II,radiotherapy,2024-07-18,no,9.44,280.25
2303,Synthetic_02303,72,M,colon,III,chemotherapy,2024-01-23,no,16.83,718.53
2304,Synthetic_02304,71,M,colon,III,surgery,2024-07-25,no,4.37,869.45
2305,Synthetic_02305,57,F,breast,IV,radiotherapy,2022-06-15,no,7.95,928.64
2306,Synthetic_02306,19,M,prostate,II,radiotherapy,2021-02-03,no,11.23,827.36
2307,Synthetic_02307,49,F,prostate,IV,radiotherapy,2020-04-19,no,3.59,731.90
2308,Synthetic_02308,25,F,lung,III,surgery,2024-10-27,no,5.15,591.33
2309,Synthetic_02309,58,M,colon,III,chemotherapy,2025-08-18,yes,17.37,494.41
2310,Synthetic_02310,77,M,colon,II,radiotherapy,2021-02-14,yes,6.32,265.45
2311,Synthetic_02311,60,F,prostate,IV,radiotherapy,2023-04-23,no,12.76,630.15
2312,Synthetic_02312,68,F,breast,III,chemotherapy,2025-01-15,yes,12.84,462.31
2313,Synthetic_02313,90,M,colon,II,radiotherapy,2025-05-26,no,19.25,702.70
2314,Synthetic_02314,58,F,breast,II,radiotherapy,2025-04-06,no,8.47,891.82
2315,Synthetic_02315,63,F,colon,II,chemotherapy,2020-11-16,no,13.89,716.93
2316,Synthetic_02316,30,M,colon,II,surgery,2025-12-03,no,9.37,684.85
2317,Synthetic_02317,38,M,lung,IV,chemotherapy,2022-09-21,no,13.25,651.22
2318,Synthetic_02318,30,M,colon,II,chemotherapy,2022-05-02,yes,9.82,296.81
2319,Synthetic_02319,53,F,colon,II,surgery,2021-02-06,yes,9.77,724.89
2320,Synthetic_02320,89,F,colon,IV,surgery,2020-08-27,yes,19.94,993.68
2321,Synthetic_02321,18,F,lung,IV,chemotherapy,2024-12-27,yes,7.99,702.64
2322,Synthetic_02322,33,F,prostate,III,radiotherapy,2024-04-01,no,18.34,339.95
2323,Synthetic_02323,56,F,prostate,IV,radiotherapy,2022-04-02,no,11.75,232.36
2324,Synthetic_02324,34,M,colon,II,radiotherapy,2023-09-28,yes,11.19,774.00
2325,Synthetic_02325,21,F,breast,I,radiotherapy,2025-09-04,yes,14.60,575.34
2326,Synthetic_02326,58,M,prostate,IV,surgery,2022-10-05,no,7.45,584.59
2327,Synthetic_02327,82,F,prostate,IV,surgery,2020-11-25,yes,18.47,440.83
2328,Synthetic_02328,35,M,prostate,IV,chemotherapy,2020-02-22,yes,16.44,460.62
2329,Synthetic_02329,72,F,lung,II,surgery,2023-10-11,yes,5.96,256.19
2330,Synthetic_02330,69,F,prostate,III,surgery,2025-04-08,yes,1.66,109.54
2331,Synthetic_02331,56,M,colon,IV,chemotherapy,2024-07-10,yes,2.94,795.39
2332,Synthetic_02332,45,F,prostate,IV,surgery,2024-12-12,yes,19.10,843.93
2333,Synthetic_02333,35,F,breast,III,surgery,2023-08-11,no,10.11,289.51
2334,Synthetic_02334,80,F,colon,II,chemotherapy,2022-04-01,yes,9.93,537.18
2335,Synthetic_02335,79,F,breast,I,radiotherapy,2021-10-12,yes,14.07,284.09
2336,Synthetic_02336,27,M,prostate,III,surgery,2025-08-04,no,12.51,353.45
2337,Synthetic_02337,30,M,prostate,II,radiotherapy,2024-12-01,yes,15.92,472.94
2338,Synthetic_02338,86,F,prostate,I,surgery,2024-03-26,no,15.05,885.29
2339,Synthetic_02339,37,F,lung,II,radiotherapy,2023-01-27,yes,18.61,21.52
2340,Synthetic_02340,68,M,colon,III,chemotherapy,2022-02-26,yes,3.13,773.34
2341,Synthetic_02341,24,F,colon,III,chemotherapy,2022-02-12,yes,14.83,636.75
2342,Synthetic_02342,60,F,colon,I,surgery,2022-02-07,no,5.52,803.14
2343,Synthetic_02343,72,M,colon,IV,radiotherapy,2025-02-04,yes,18.04,402.66
2344,Synthetic_02344,65,F,lung,I,radiotherapy,2022-12-07,no,1.57,729.92
2345,Synthetic_02345,20,F,lung,III,chemotherapy,2022-11-07,yes,9.81,655.52
2346,Synthetic_02346,71,M,lung,II,surgery,2024-11-08,no,13.87,226.12
2347,Synthetic_02347,76,M,lung,I,radiotherapy,2021-12-27,no,9.75,861.60
2348,Synthetic_02348,77,F,lung,IV,surgery,2021-04-04,no,14.62,183.34
2349,Synthetic_02349,44,F,breast,I,radiotherapy,2022-02-10,yes,13.72,600.71
2350,Synthetic_02350,55,M,prostate,IV,chemotherapy,2022-03-05,no,3.97,378.51
2351,Synthetic_02351,43,F,colon,I,chemotherapy,2024-04-03,no,5.46,626.85
2352,Synthetic_02352,77,M,lung,I,chemotherapy,2021-01-26,yes,9.89,689.65
2353,Synthetic_02353,62,M,breast,IV,chemotherapy,2025-05-28,no,4.58,182.77
2354,Synthetic_02354,28,F,lung,III,radiotherapy,2020-12-13,no,5.51,492.74
2355,Synthetic_02355,73,M,lung,IV,radiotherapy,2020-03-17,yes,7.37,538.59
2356,Synthetic_02356,41,M,colon,II,surgery,2022-12-21,no,4.18,724.48
2357,Synthetic_02357,23,F,prostate,III,chemotherapy,2020-01-08,yes,12.05,789.04
2358,Synthetic_02358,65,F,prostate,II,radiotherapy,2020-04-10,yes,16.84,458.98
2359,Synthetic_02359,26,M,prostate,I,surgery,2020-02-11,no,6.00,57.82
2360,Synthetic_02360,72,M,breast,III,radiotherapy,2024-11-03,no,6.50,968.31
2361,Synthetic_02361,34,F,lung,IV,chemotherapy,2022-10-25,no,2.31,118.39
2362,Synthetic_02362,21,M,breast,III,chemotherapy,2021-11-12,no,17.69,933.13
2363,Synthetic_02363,49,F,colon,III,chemotherapy,2022-04-15,yes,17.23,175.00
2364,Synthetic_02364,18,F,breast,III,chemotherapy,2024-10-11,no,1.18,707.22
2365,Synthetic_02365,58,M,prostate,II,surgery,2020-03-26,yes,5.35,674.35
2366,Synthetic_02366,24,M,lung,IV,radiotherapy,2023-09-19,no,4.14,755.73
2367,Synthetic_02367,56,M,lung,IV,surgery,2023-10-13,no,6.60,608.55
2368,Synthetic_02368,66,F,lung,III,surgery,2021-07-11,yes,7.69,108.74
2369,Synthetic_02369,58,M,prostate,III,chemotherapy,2024-05-07,yes,19.11,191.63
2370,Synthetic_02370,27,M,prostate,II,chemotherapy,2023-08-13,yes,12.24,304.52
2371,Synthetic_02371,81,M,prostate,II,chemotherapy,2022-10-27,no,9.32,649.74
2372,Synthetic_02372,67,F,prostate,II,surgery,2025-07-19,no,13.05,27.78
2373,Synthetic_02373,57,M,lung,II,chemotherapy,2023-11-26,no,19.20,612.63
2374,Synthetic_02374,56,F,prostate,II,surgery,2023-04-21,yes,10.63,789.70
2375,Synthetic_02375,33,F,colon,III,radiotherapy,2021-06-25,no,13.67,910.96
2376,Synthetic_02376,27,F,lung,IV,surgery,2021-07-14,yes,3.25,208.27
2377,Synthetic_02377,55,M,prostate,III,chemotherapy,2020-12-06,no,11.38,391.72
2378,Synthetic_02378,54,F,breast,III,radiotherapy,2021-04-12,no,17.13,329.80
2379,Synthetic_02379,35,F,colon,III,chemotherapy,2023-07-09,no,9.90,193.10
2380,Synthetic_02380,29,M,prostate,III,chemotherapy,2022-08-20,no,6.65,108.82
2381,Synthetic_02381,56,F,lung,II,chemotherapy,2025-05-16,no,13.08,978.48
2382,Synthetic_02382,33,F,lung,IV,surgery,2020-02-28,no,1.05,297.04
2383,Synthetic_02383,81,M,colon,IV,surgery,2025-09-28,no,6.07,560.61
2384,Synthetic_02384,66,F,prostate,I,surgery,2024-09-28,yes,10.48,318.18
2385,Synthetic_02385,44,M,lung,II,radiotherapy,2020-07-19,no,4.96,459.94
2386,Synthetic_02386,74,F,colon,I,chemotherapy,2024-01-03,no,17.85,280.14
2387,Synthetic_02387,60,M,prostate,II,surgery,2021-01-24,yes,10.53,255.86
2388,Synthetic_02388,56,M,lung,I,radiotherapy,2020-11-26,no,4.89,756.21
2389,Synthetic_02389,71,M,prostate,III,surgery,2020-01-07,yes,12.98,492.78
2390,Synthetic_02390,41,F,prostate,IV,surgery,2025-09-16,no,8.01,547.76
2391,Synthetic_02391,21,M,breast,I,radiotherapy,2023-09-09,yes,19.67,532.91
2392,Synthetic_02392,39,F,prostate,III,chemotherapy,2024-09-09,no,8.76,763.21
2393,Synthetic_02393,21,F,lung,II,radiotherapy,2022-12-06,yes,10.00,642.39
2394,Synthetic_02394,26,M,colon,I,surgery,2025-11-03,no,9.43,408.89
2395,Synthetic_02395,48,M,lung,IV,radiotherapy,2021-03-26,yes,12.15,983.93
2396,Synthetic_02396,70,F,prostate,I,radiotherapy,2025-06-21,no,8.84,298.51
2397,Synthetic_02397,28,F,lung,III,chemotherapy,2021-08-07,no,17.24,897.74
2398,Synthetic_02398,77,F,lung,I,surgery,2024-08-18,no,18.62,794.56
2399,Synthetic_02399,45,M,prostate,I,chemotherapy,2021-10-12,yes,9.01,963.09
2400,Synthetic_02400,63,F,breast,IV,radiotherapy,2022-06-17,yes,3.02,187.88
2401,Synthetic_02401,51,F,lung,I,surgery,2020-03-20,no,2.29,373.23
2402,Synthetic_02402,70,F,colon,I,radiotherapy,2021-08-23,yes,11.63,938.48
2403,Synthetic_02403,75,M,lung,II,surgery,2022-03-05,no,3.10,101.72
2404,Synthetic_02404,39,M,prostate,III,chemotherapy,2025-08-10,no,14.92,951.96
2405,Synthetic_02405,44,M,lung,IV,chemotherapy,2025-11-14,no,4.89,861.63
2406,Synthetic_02406,50,M,prostate,III,chemotherapy,2024-02-25,yes,2.08,506.86
2407,Synthetic_02407,72,F,prostate,IV,surgery,2020-07-02,no,7.08,419.24
2408,Synthetic_02408,41,F,breast,I,radiotherapy,2022-02-09,no,13.57,157.40
2409,Synthetic_02409,73,M,colon,II,radiotherapy,2020-12-13,yes,6.75,287.07
2410,Synthetic_02410,34,M,breast,III,surgery,2024-11-04,no,10.27,895.28
2411,Synthetic_02411,44,F,lung,III,chemotherapy,2023-07-10,no,7.85,860.72
2412,Synthetic_02412,68,M,colon,II,radiotherapy,2021-09-13,no,4.84,780.51
2413,Synthetic_02413,85,F,colon,II,radiotherapy,2023-03-17,no,12.64,327.47
2414,Synthetic_02414,73,F,prostate,II,surgery,2020-10-28,no,4.55,445.27
2415,Synthetic_02415,49,F,breast,IV,surgery,2020-05-16,no,5.92,363.31
2416,Synthetic_02416,85,M,lung,III,chemotherapy,2024-09-25,yes,10.66,92.32
2417,Synthetic_02417,71,M,colon,IV,radiotherapy,2021-06-21,no,16.86,762.35
2418,Synthetic_02418,61,F,lung,I,surgery,2025-05-03,no,10.76,545.61
2419,Synthetic_02419,29,M,prostate,IV,surgery,2021-02-28,yes,7.87,747.59
2420,Synthetic_02420,51,F,breast,II,surgery,2020-06-14,yes,7.15,130.25
2421,Synthetic_02421,35,F,lung,I,chemotherapy,2021-09-06,no,16.46,561.42
2422,Synthetic_02422,71,M,breast,IV,radiotherapy,2020-04-15,yes,6.39,165.29
2423,Synthetic_02423,70,F,prostate,IV,radiotherapy,2025-05-21,no,13.91,370.70
2424,Synthetic_02424,63,F,breast,I,radiotherapy,2022-04-24,yes,2.79,125.65
2425,Synthetic_02425,36,M,breast,IV,surgery,2021-10-10,yes,3.24,656.54
2426,Synthetic_02426,47,M,prostate,III,radiotherapy,2025-08-17,yes,11.52,556.62
2427,Synthetic_02427,41,M,lung,III,chemotherapy,2021-01-01,no,14.90,34.93
2428,Synthetic_02428,28,M,prostate,III,surgery,2021-07-28,yes,7.21,261.47
2429,Synthetic_02429,77,M,breast,IV,surgery,2023-04-07,yes,18.00,681.73
2430,Synthetic_02430,69,F,colon,II,radiotherapy,2023-08-18,yes,19.38,256.20
2431,Synthetic_02431,71,F,prostate,IV,surgery,2021-01-06,no,17.44,642.64
2432,Synthetic_02432,33,M,breast,II,chemotherapy,2025-09-25,no,10.75,272.80
2433,Synthetic_02433,50,M,lung,II,surgery,2025-05-08,yes,8.83,448.80
2434,Synthetic_02434,47,F,colon,III,radiotherapy,2024-10-18,yes,2.95,216.43
2435,Synthetic_02435,43,M,lung,III,chemotherapy,2024-08-18,yes,19.69,749.44
2436,Synthetic_02436,55,M,prostate,IV,chemotherapy,2024-04-23,yes,13.24,979.88
2437,Synthetic_02437,58,F,colon,II,radiotherapy,2020-11-22,no,13.64,851.34
2438,Synthetic_02438,65,M,colon,II,surgery,2020-06-14,no,3.84,987.53
2439,Synthetic_02439,88,M,breast,IV,surgery,2021-09-09,no,5.35,782.63
2440,Synthetic_02440,61,F,prostate,II,surgery,2024-09-25,yes,3.62,988.17
2441,Synthetic_02441,60,F,breast,II,radiotherapy,2023-06-08,yes,10.18,965.17
2442,Synthetic_02442,43,F,colon,II,radiotherapy,2023-08-21,yes,8.78,724.17
2443,Synthetic_02443,61,F,colon,III,radiotherapy,2025-05-13,yes,4.65,304.91
2444,Synthetic_02444,65,F,lung,II,surgery,2021-10-03,no,3.76,962.73
2445,Synthetic_02445,59,M,lung,IV,surgery,2024-10-05,no,18.35,797.09
2446,Synthetic_02446,22,M,colon,III,surgery,2025-10-02,no,17.72,996.44
2447,Synthetic_02447,78,F,breast,IV,chemotherapy,2023-08-04,no,9.84,725.96
2448,Synthetic_02448,63,F,colon,IV,surgery,2022-10-28,no,8.48,135.29
2449,Synthetic_02449,51,M,prostate,I,surgery,2022-05-23,yes,13.68,804.73
2450,Synthetic_02450,39,F,lung,IV,radiotherapy,2022-12-13,no,8.05,552.72
2451,Synthetic_02451,20,F,colon,I,surgery,2022-08-20,yes,5.09,548.76
2452,Synthetic_02452,45,F,prostate,IV,chemotherapy,2025-08-02,no,11.39,946.65
2453,Synthetic_02453,82,F,prostate,IV,radiotherapy,2024-11-27,yes,19.49,663.61
2454,Synthetic_02454,34,F,prostate,IV,chemotherapy,2021-11-04,no,13.28,59.43
2455,Synthetic_02455,43,F,breast,IV,surgery,2021-10-26,yes,15.42,281.68
2456,Synthetic_02456,69,M,prostate,IV,radiotherapy,2024-01-05,yes,18.84,622.63
2457,Synthetic_02457,19,M,colon,III,radiotherapy,2023-05-10,yes,17.87,528.77
2458,Synthetic_02458,86,F,lung,IV,radiotherapy,2020-06-06,yes,18.99,206.28
2459,Synthetic_02459,22,M,prostate,I,chemotherapy,2023-09-22,yes,1.39,477.83
2460,Synthetic_02460,83,F,breast,IV,radiotherapy,2021-09-20,yes,18.79,382.59
2461,Synthetic_02461,30,M,lung,III,radiotherapy,2025-06-21,no,5.81,493.28
2462,Synthetic_02462,44,M,lung,II,radiotherapy,2022-04-26,yes,15.33,411.78
2463,Synthetic_02463,40,F,lung,IV,surgery,2021-02-17,no,11.23,770.77
2464,Synthetic_02464,31,M,breast,I,radiotherapy,2025-05-21,yes,5.85,86.72
2465,Synthetic_02465,89,M,colon,III,radiotherapy,2022-09-16,no,10.62,849.69
2466,Synthetic_02466,40,F,lung,II,chemotherapy,2024-08-10,yes,10.50,300.72
2467,Synthetic_02467,80,M,lung,IV,surgery,2022-01-25,yes,3.87,407.34
2468,Synthetic_02468,51,F,lung,III,radiotherapy,2024-09-06,no,11.86,547.03
2469,Synthetic_02469,49,M,colon,II,surgery,2021-08-26,yes,6.29,978.05
2470,Synthetic_02470,84,F,breast,I,radiotherapy,2024-06-12,yes,1.20,182.15
2471,Synthetic_02471,22,M,lung,III,surgery,2023-02-19,no,18.95,55.29
2472,Synthetic_02472,47,M,lung,II,radiotherapy,2020-07-08,no,11.68,459.60
2473,Synthetic_02473,78,M,lung,IV,surgery,2020-05-07,no,14.18,124.98
2474,Synthetic_02474,88,M,colon,IV,chemotherapy,2024-08-10,yes,5.28,978.02
2475,Synthetic_02475,19,M,breast,II,radiotherapy,2021-02-08,yes,3.60,426.09
2476,Synthetic_02476,30,F,colon,IV,surgery,2020-07-25,yes,11.44,927.84
2477,Synthetic_02477,31,F,lung,I,chemotherapy,2025-07-01,no,16.16,711.91
2478,Synthetic_02478,44,M,breast,IV,chemotherapy,2024-09-21,yes,18.36,409.83
2479,Synthetic_02479,48,M,prostate,III,surgery,2022-09-10,no,19.78,963.85
2480,Synthetic_02480,54,F,prostate,III,surgery,2024-02-17,yes,6.03,61.48
2481,Synthetic_02481,66,M,breast,II,chemotherapy,2025-04-10,no,14.74,520.37
2482,Synthetic_02482,38,F,breast,IV,radiotherapy,2023-08-23,no,16.66,251.00
2483,Synthetic_02483,24,F,colon,I,radiotherapy,2022-01-14,yes,2.52,101.44
2484,Synthetic_02484,84,M,colon,IV,surgery,2022-11-25,no,13.06,615.78
2485,Synthetic_02485,23,M,lung,II,radiotherapy,2023-10-27,no,14.55,365.18
2486,Synthetic_02486,82,F,prostate,III,surgery,2022-04-25,no,15.85,630.99
2487,Synthetic_02487,41,M,lung,IV,chemotherapy,2025-05-12,no,16.34,978.01
2488,Synthetic_02488,24,M,lung,II,surgery,2021-04-17,yes,14.12,78.54
2489,Synthetic_02489,74,F,lung,III,radiotherapy,2021-01-01,no,8.83,431.55
2490,Synthetic_02490,87,M,colon,IV,radiotherapy,2024-07-27,no,6.57,308.19
2491,Synthetic_02491,33,F,lung,I,chemotherapy,2025-02-12,no,11.87,89.02
2492,Synthetic_02492,41,M,prostate,II,chemotherapy,2025-02-02,yes,14.41,580.76
2493,Synthetic_02493,65,F,breast,I,radiotherapy,2025-11-26,no,19.62,287.08
2494,Synthetic_02494,78,F,lung,II,chemotherapy,2023-03-04,yes,6.98,203.46
2495,Synthetic_02495,33,F,breast,III,radiotherapy,2025-01-08,no,19.97,635.99
2496,Synthetic_02496,58,M,prostate,II,surgery,2025-10-24,yes,4.71,656.20
2497,Synthetic_02497,49,M,breast,IV,surgery,2024-04-15,yes,13.63,170.07
2498,Synthetic_02498,76,M,colon,I,chemotherapy,2022-12-07,no,18.77,421.69
2499,Synthetic_02499,63,M,breast,IV,radiotherapy,2020-03-28,yes,7.04,797.40
2500,Synthetic_02500,24,F,lung,III,surgery,2021-04-13,no,4.09,62.39
2501,Synthetic_02501,42,F,colon,I,radiotherapy,2021-03-14,yes,15.83,245.93
2502,Synthetic_02502,65,F,prostate,III,radiotherapy,2020-05-04,yes,15.28,598.07
2503,Synthetic_02503,43,F,colon,II,surgery,2025-06-19,no,15.96,136.32
2504,Synthetic_02504,23,F,prostate,III,radiotherapy,2024-03-16,yes,14.76,168.37
2505,Synthetic_02505,44,M,lung,III,radiotherapy,2023-11-13,yes,18.93,664.11
2506,Synthetic_02506,47,F,lung,III,surgery,2021-09-05,no,3.63,664.62
2507,Synthetic_02507,27,F,breast,I,chemotherapy,2020-09-07,yes,3.61,690.88
2508,Synthetic_02508,35,M,lung,IV,radiotherapy,2025-01-21,yes,15.17,453.19
2509,Synthetic_02509,90,M,lung,III,surgery,2021-10-23,yes,14.72,348.31
2510,Synthetic_02510,36,F,lung,IV,chemotherapy,2020-07-11,no,9.11,518.29
2511,Synthetic_02511,55,F,prostate,III,radiotherapy,2022-03-07,no,1.61,192.14
2512,Synthetic_02512,80,F,colon,IV,chemotherapy,2021-10-20,yes,6.88,720.36
2513,Synthetic_02513,57,M,colon,I,chemotherapy,2022-09-10,no,16.71,726.04
2514,Synthetic_02514,34,M,prostate,III,surgery,2022-12-02,no,14.59,720.25
2515,Synthetic_02515,52,M,lung,III,surgery,2022-10-01,yes,2.21,295.59
2516,Synthetic_02516,28,M,breast,IV,radiotherapy,2024-03-19,yes,10.21,422.30
2517,Synthetic_02517,33,M,lung,II,surgery,2025-10-11,yes,14.99,752.28
2518,Synthetic_02518,57,M,lung,II,radiotherapy,2022-01-12,yes,8.16,426.38
2519,Synthetic_02519,36,M,breast,IV,radiotherapy,2023-07-09,no,14.98,439.44
2520,Synthetic_02520,25,F,prostate,I,surgery,2021-08-09,no,6.56,237.13
2521,Synthetic_02521,22,M,prostate,IV,surgery,2022-10-09,no,15.09,918.75
2522,Synthetic_02522,80,M,colon,IV,radiotherapy,2025-11-11,yes,12.65,248.66
2523,Synthetic_02523,84,M,colon,IV,surgery,2020-09-02,yes,13.74,364.51
2524,Synthetic_02524,35,M,lung,II,chemotherapy,2024-11-06,yes,10.06,132.71
2525,Synthetic_02525,45,F,colon,IV,chemotherapy,2025-09-06,no,17.46,684.76
2526,Synthetic_02526,90,F,lung,II,radiotherapy,2020-09-02,no,15.20,757.21
2527,Synthetic_02527,44,M,lung,IV,surgery,2024-01-11,yes,6.07,368.13
2528,Synthetic_02528,72,M,lung,I,chemotherapy,2020-12-13,no,8.68,64.90
2529,Synthetic_02529,84,F,prostate,I,radiotherapy,2022-07-20,yes,15.99,695.66
2530,Synthetic_02530,49,M,breast,III,surgery,2020-07-15,no,16.75,267.04
2531,Synthetic_02531,56,F,breast,I,surgery,2024-07-09,no,3.25,769.25
2532,Synthetic_02532,57,M,breast,IV,radiotherapy,2021-09-15,yes,6.58,477.44
2533,Synthetic_02533,63,M,prostate,III,radiotherapy,2020-02-16,yes,18.71,862.77
2534,Synthetic_02534,31,M,breast,II,chemotherapy,2025-12-10,yes,16.67,149.92
2535,Synthetic_02535,35,F,breast,IV,radiotherapy,2024-10-22,no,3.43,472.75
2536,Synthetic_02536,65,M,colon,IV,surgery,2020-07-25,no,14.78,247.13
2537,Synthetic_02537,54,M,lung,IV,chemotherapy,2023-04-21,no,12.93,82.10
2538,Synthetic_02538,26,M,lung,IV,chemotherapy,2022-07-10,no,5.12,440.62
2539,Synthetic_02539,77,M,breast,III,radiotherapy,2021-08-21,yes,5.48,648.60
2540,Synthetic_02540,62,M,prostate,IV,chemotherapy,2024-10-16,no,10.18,361.76
2541,Synthetic_02541,18,F,breast,III,surgery,2024-06-25,no,17.38,837.50
2542,Synthetic_02542,57,F,breast,IV,radiotherapy,2025-01-15,yes,18.82,548.85
2543,Synthetic_02543,86,M,lung,II,radiotherapy,2022-07-14,no,14.05,822.37
2544,Synthetic_02544,49,M,lung,III,chemotherapy,2022-04-10,no,19.53,159.84
2545,Synthetic_02545,59,M,lung,IV,chemotherapy,2024-09-11,yes,6.35,656.55
2546,Synthetic_02546,28,F,lung,I,radiotherapy,2022-05-05,no,14.09,821.56
2547,Synthetic_02547,42,M,lung,II,surgery,2024-10-10,no,16.69,782.87
2548,Synthetic_02548,29,M,prostate,II,radiotherapy,2025-11-27,no,10.39,136.78
2549,Synthetic_02549,84,M,lung,IV,chemotherapy,2022-04-05,yes,7.68,1.78
2550,Synthetic_02550,90,F,prostate,II,radiotherapy,2024-04-12,no,19.20,693.58
2551,Synthetic_02551,82,M,colon,II,radiotherapy,2025-06-28,yes,13.68,657.31
2552,Synthetic_02552,81,M,breast,I,chemotherapy,2024-10-13,yes,7.09,727.00
2553,Synthetic_02553,85,F,prostate,II,chemotherapy,2020-02-02,no,14.31,537.49
2554,Synthetic_02554,51,M,colon,II,surgery,2023-03-03,no,11.75,39.67
2555,Synthetic_02555,52,F,prostate,II,radiotherapy,2024-12-19,no,2.42,289.13
2556,Synthetic_02556,33,M,lung,III,surgery,2021-04-03,no,17.96,331.45
2557,Synthetic_02557,75,M,prostate,III,chemotherapy,2024-05-18,yes,17.23,18.59
2558,Synthetic_02558,74,M,breast,I,chemotherapy,2021-05-07,yes,13.56,758.30
2559,Synthetic_02559,72,F,lung,IV,surgery,2020-05-18,no,1.17,444.03
2560,Synthetic_02560,47,M,colon,I,chemotherapy,2022-12-10,no,13.04,169.52
2561,Synthetic_02561,65,M,lung,IV,chemotherapy,2025-08-15,yes,7.35,57.05
2562,Synthetic_02562,72,M,breast,II,chemotherapy,2023-11-27,yes,6.81,400.39
2563,Synthetic_02563,75,F,colon,I,chemotherapy,2021-05-18,no,8.37,987.19
2564,Synthetic_02564,53,M,colon,II,surgery,2025-02-15,yes,14.00,607.62
2565,Synthetic_02565,29,F,breast,IV,surgery,2022-08-12,yes,13.77,397.54
2566,Synthetic_02566,34,F,prostate,I,surgery,2023-09-05,yes,10.30,414.56
2567,Synthetic_02567,90,M,colon,IV,surgery,2022-12-03,yes,16.19,279.38
2568,Synthetic_02568,40,M,lung,II,radiotherapy,2021-08-22,yes,19.61,773.95
2569,Synthetic_02569,59,M,colon,IV,surgery,2024-02-26,no,6.40,976.94
2570,Synthetic_02570,76,M,prostate,IV,radiotherapy,2024-11-20,yes,14.30,647.80
2571,Synthetic_02571,29,F,colon,III,radiotherapy,2025-11-09,yes,8.18,34.27
2572,Synthetic_02572,28,M,prostate,I,radiotherapy,2025-05-11,no,15.09,73.27
2573,Synthetic_02573,65,F,colon,III,radiotherapy,2020-04-06,no,14.83,462.57
2574,Synthetic_02574,61,M,prostate,II,radiotherapy,2020-07-18,no,13.15,809.53
2575,Synthetic_02575,69,F,prostate,III,radiotherapy,2020-07-19,no,4.00,348.30
2576,Synthetic_02576,32,F,lung,IV,chemotherapy,2025-09-13,yes,11.50,58.81
2577,Synthetic_02577,31,M,breast,IV,radiotherapy,2021-01-17,yes,18.85,280.19
2578,Synthetic_02578,49,F,lung,II,radiotherapy,2024-05-08,no,1.02,67.90
2579,Synthetic_02579,64,F,prostate,I,radiotherapy,2020-11-06,yes,15.22,605.77
2580,Synthetic_02580,41,F,colon,II,surgery,2022-10-19,yes,7.60,965.21
2581,Synthetic_02581,34,M,prostate,II,surgery,2023-12-06,yes,5.71,562.41
2582,Synthetic_02582,35,F,colon,IV,surgery,2020-06-18,no,6.10,445.93
2583,Synthetic_02583,60,M,breast,II,radiotherapy,2020-04-02,no,8.07,195.66
2584,Synthetic_02584,71,F,lung,III,surgery,2020-05-08,no,1.16,947.10
2585,Synthetic_02585,27,M,colon,II,chemotherapy,2021-02-05,yes,11.83,831.72
2586,Synthetic_02586,85,F,breast,II,radiotherapy,2024-07-06,no,16.19,900.12
2587,Synthetic_02587,85,F,colon,II,radiotherapy,2025-07-07,yes,13.11,697.57
2588,Synthetic_02588,51,M,prostate,II,chemotherapy,2024-05-13,no,9.76,678.25
2589,Synthetic_02589,43,F,breast,IV,chemotherapy,2022-03-12,yes,1.69,265.89
2590,Synthetic_02590,18,F,lung,II,chemotherapy,2022-11-14,no,14.40,424.93
2591,Synthetic_02591,54,F,lung,III,chemotherapy,2020-02-17,no,19.33,854.00
2592,Synthetic_02592,49,M,lung,III,surgery,2023-03-01,yes,3.50,987.80
2593,Synthetic_02593,23,M,breast,I,surgery,2024-03-09,yes,1.56,240.05
2594,Synthetic_02594,78,F,breast,I,radiotherapy,2025-05-20,no,2.48,547.92
2595,Synthetic_02595,24,F,prostate,IV,surgery,2024-08-26,no,9.46,562.39
2596,Synthetic_02596,18,F,breast,II,chemotherapy,2023-01-14,yes,15.11,12.31
2597,Synthetic_02597,77,M,lung,III,radiotherapy,2021-08-19,no,4.93,97.55
2598,Synthetic_02598,46,M,lung,II,chemotherapy,2024-04-13,no,16.52,650.45
2599,Synthetic_02599,82,F,lung,IV,surgery,2022-09-15,no,10.06,668.48
2600,Synthetic_02600,55,M,colon,II,radiotherapy,2020-09-12,no,5.00,744.99
2601,Synthetic_02601,58,M,lung,II,surgery,2023-08-21,no,6.91,802.85
2602,Synthetic_02602,69,M,colon,II,radiotherapy,2023-03-11,yes,9.30,370.82
2603,Synthetic_02603,32,M,colon,I,radiotherapy,2024-02-21,yes,14.23,564.09
2604,Synthetic_02604,87,M,breast,III,radiotherapy,2021-07-23,no,4.99,473.11
2605,Synthetic_02605,53,F,breast,IV,surgery,2024-01-09,yes,4.89,149.38
2606,Synthetic_02606,89,M,colon,IV,radiotherapy,2023-02-12,yes,10.27,805.03
2607,Synthetic_02607,64,M,prostate,II,radiotherapy,2022-01-06,no,10.87,896.99
2608,Synthetic_02608,66,M,prostate,II,chemotherapy,2024-06-26,yes,13.44,992.85
2609,Synthetic_02609,73,F,lung,IV,surgery,2024-04-13,no,18.45,758.78
2610,Synthetic_02610,78,M,colon,IV,chemotherapy,2023-04-19,yes,6.54,375.21
2611,Synthetic_02611,62,M,lung,II,surgery,2023-10-22,no,13.92,833.96
2612,Synthetic_02612,35,M,lung,IV,chemotherapy,2020-05-16,yes,11.47,779.88
2613,Synthetic_02613,45,F,prostate,I,surgery,2021-02-19,yes,9.64,953.06
2614,Synthetic_02614,29,F,breast,I,chemotherapy,2021-10-26,yes,8.35,854.85
2615,Synthetic_02615,80,M,breast,IV,chemotherapy,2022-10-03,yes,15.22,440.95
2616,Synthetic_02616,33,F,colon,III,surgery,2024-06-04,yes,1.85,349.69
2617,Synthetic_02617,18,F,breast,III,radiotherapy,2022-02-11,no,15.78,258.41
2618,Synthetic_02618,22,M,prostate,III,radiotherapy,2025-07-01,yes,15.04,636.15
2619,Synthetic_02619,32,M,prostate,II,chemotherapy,2025-06-20,yes,4.29,878.95
2620,Synthetic_02620,28,F,lung,I,surgery,2024-03-21,yes,7.58,403.92
2621,Synthetic_02621,83,F,lung,II,surgery,2022-11-11,yes,1.52,758.53
2622,Synthetic_02622,78,M,lung,I,chemotherapy,2023-05-09,no,3.27,650.84
2623,Synthetic_02623,70,F,breast,I,surgery,2025-02-02,yes,3.86,644.89
2624,Synthetic_02624,21,F,breast,II,chemotherapy,2022-01-23,yes,10.55,476.52
2625,Synthetic_02625,82,F,colon,II,chemotherapy,2024-07-10,no,5.69,689.00
2626,Synthetic_02626,87,F,colon,IV,radiotherapy,2024-01-17,yes,5.64,112.82
2627,Synthetic_02627,83,M,lung,I,radiotherapy,2021-04-10,no,16.02,709.28
2628,Synthetic_02628,46,M,prostate,II,chemotherapy,2025-12-12,no,18.98,357.48
2629,Synthetic_02629,90,M,prostate,IV,radiotherapy,2023-09-28,yes,5.59,919.76
2630,Synthetic_02630,43,F,prostate,II,surgery,2020-11-04,no,18.35,372.63
2631,Synthetic_02631,46,F,breast,III,surgery,2023-05-07,yes,8.99,773.56
2632,Synthetic_02632,53,F,colon,III,chemotherapy,2020-09-22,no,1.94,530.06
2633,Synthetic_02633,66,F,breast,III,radiotherapy,2022-05-21,no,17.40,654.02
2634,Synthetic_02634,28,F,lung,I,radiotherapy,2023-05-08,no,1.80,427.18
2635,Synthetic_02635,56,F,lung,II,chemotherapy,2023-01-10,no,12.91,271.81
2636,Synthetic_02636,38,M,colon,III,radiotherapy,2025-05-10,yes,19.50,311.83
2637,Synthetic_02637,52,F,prostate,IV,surgery,2024-11-05,yes,15.32,510.06
2638,Synthetic_02638,51,M,prostate,II,chemotherapy,2021-11-03,yes,9.70,803.20
2639,Synthetic_02639,35,F,lung,I,radiotherapy,2021-10-24,yes,6.56,199.72
2640,Synthetic_02640,88,M,prostate,II,surgery,2023-03-19,yes,16.58,954.39
2641,Synthetic_02641,72,M,colon,II,chemotherapy,2021-12-03,no,12.00,853.06
2642,Synthetic_02642,69,F,breast,IV,surgery,2020-01-20,yes,16.16,934.61
2643,Synthetic_02643,26,F,lung,II,radiotherapy,2023-02-10,no,4.32,863.84
2644,Synthetic_02644,21,M,breast,IV,chemotherapy,2024-04-14,no,19.58,977.04
2645,Synthetic_02645,45,M,colon,II,chemotherapy,2022-11-23,no,5.55,295.29
2646,Synthetic_02646,78,F,breast,II,radiotherapy,2020-11-28,yes,15.24,312.90
2647,Synthetic_02647,27,F,breast,I,chemotherapy,2021-06-17,yes,18.89,671.15
2648,Synthetic_02648,29,F,breast,IV,chemotherapy,2025-08-19,yes,12.37,729.56
2649,Synthetic_02649,21,F,colon,III,radiotherapy,2023-07-23,yes,3.19,646.03
2650,Synthetic_02650,62,F,lung,I,chemotherapy,2024-03-03,no,8.76,440.24
2651,Synthetic_02651,89,F,lung,IV,surgery,2025-06-12,yes,13.04,851.48
2652,Synthetic_02652,34,M,colon,III,chemotherapy,2025-06-10,yes,15.00,651.49
2653,Synthetic_02653,71,F,colon,IV,radiotherapy,2022-03-09,yes,13.24,610.26
2654,Synthetic_02654,73,F,lung,IV,chemotherapy,2022-07-08,yes,12.50,56.71
2655,Synthetic_02655,70,F,lung,II,chemotherapy,2021-09-19,yes,4.99,414.65
2656,Synthetic_02656,19,F,colon,III,radiotherapy,2023-03-19,yes,8.44,439.25
2657,Synthetic_02657,82,F,lung,IV,surgery,2023-03-14,yes,15.44,698.34
2658,Synthetic_02658,38,F,prostate,I,radiotherapy,2021-11-09,yes,9.62,685.71
2659,Synthetic_02659,85,M,lung,II,chemotherapy,2024-02-11,no,13.12,712.88
2660,Synthetic_02660,61,M,lung,II,surgery,2022-07-26,no,6.96,112.06
2661,Synthetic_02661,72,M,breast,II,chemotherapy,2025-10-16,no,16.64,62.70
2662,Synthetic_02662,39,F,breast,II,chemotherapy,2022-06-15,yes,3.36,342.74
2663,Synthetic_02663,71,M,prostate,I,chemotherapy,2023-05-09,yes,10.18,751.92
2664,Synthetic_02664,34,M,breast,II,radiotherapy,2022-10-15,no,19.13,705.06
2665,Synthetic_02665,23,M,colon,II,surgery,2023-10-09,yes,14.03,761.77
2666,Synthetic_02666,53,M,colon,II,chemotherapy,2023-08-20,yes,7.41,929.74
2667,Synthetic_02667,45,F,breast,IV,radiotherapy,2023-06-08,no,9.21,480.66
2668,Synthetic_02668,70,F,colon,IV,chemotherapy,2022-11-21,yes,2.56,197.74
2669,Synthetic_02669,52,F,colon,III,chemotherapy,2024-05-07,yes,17.22,860.04
2670,Synthetic_02670,47,M,prostate,III,surgery,2025-05-20,yes,18.88,326.55
2671,Synthetic_02671,80,M,breast,III,radiotherapy,2023-10-23,yes,16.02,669.79
2672,Synthetic_02672,47,M,breast,IV,surgery,2023-10-10,no,9.70,376.09
2673,Synthetic_02673,83,M,lung,III,surgery,2020-04-08,yes,12.08,885.16
2674,Synthetic_02674,30,M,lung,IV,radiotherapy,2021-06-04,no,3.24,54.53
2675,Synthetic_02675,86,F,prostate,III,chemotherapy,2020-07-01,no,8.76,325.06
2676,Synthetic_02676,86,M,lung,IV,radiotherapy,2021-09-23,no,4.95,327.51
2677,Synthetic_02677,45,F,breast,IV,surgery,2024-05-03,yes,9.07,546.64
2678,Synthetic_02678,75,M,colon,III,surgery,2021-05-07,no,5.34,328.09
2679,Synthetic_02679,84,F,lung,IV,radiotherapy,2023-07-12,no,6.92,862.76
2680,Synthetic_02680,63,F,prostate,I,radiotherapy,2021-08-02,yes,1.86,871.06
2681,Synthetic_02681,36,M,prostate,IV,radiotherapy,2023-10-16,no,5.11,11.23
2682,Synthetic_02682,35,F,prostate,II,chemotherapy,2022-04-12,yes,17.87,706.78
2683,Synthetic_02683,26,M,colon,III,surgery,2025-03-12,yes,2.99,114.86
2684,Synthetic_02684,20,M,prostate,IV,surgery,2024-05-07,no,16.30,235.09
2685,Synthetic_02685,29,F,colon,I,surgery,2023-04-01,no,11.66,16.91
2686,Synthetic_02686,65,M,lung,III,radiotherapy,2023-06-01,no,3.13,638.98
2687,Synthetic_02687,73,M,breast,III,radiotherapy,2025-05-22,yes,15.87,285.42
2688,Synthetic_02688,29,M,breast,II,radiotherapy,2021-02-02,no,1.70,132.16
2689,Synthetic_02689,33,F,breast,IV,chemotherapy,2024-04-09,no,7.93,367.32
2690,Synthetic_02690,53,F,lung,I,radiotherapy,2024-04-02,yes,6.29,345.54
2691,Synthetic_02691,73,M,colon,III,chemotherapy,2025-03-01,yes,15.41,535.10
2692,Synthetic_02692,33,M,breast,II,surgery,2023-03-05,yes,14.14,127.08
2693,Synthetic_02693,45,F,colon,II,radiotherapy,2021-02-16,no,17.47,420.25
2694,Synthetic_02694,89,F,prostate,II,radiotherapy,2024-05-09,no,10.92,383.93
2695,Synthetic_02695,41,M,lung,IV,chemotherapy,2024-01-03,no,14.56,524.64
2696,Synthetic_02696,74,F,prostate,II,surgery,2025-04-19,yes,19.81,907.39
2697,Synthetic_02697,34,M,prostate,III,chemotherapy,2020-06-07,yes,13.57,569.53
2698,Synthetic_02698,74,M,lung,III,radiotherapy,2025-04-20,yes,1.18,226.65
2699,Synthetic_02699,88,F,prostate,IV,surgery,2023-08-07,yes,15.06,992.63
2700,Synthetic_02700,30,F,breast,II,surgery,2025-11-12,yes,18.66,908.98
2701,Synthetic_02701,36,M,colon,IV,radiotherapy,2022-12-22,no,19.40,578.28
2702,Synthetic_02702,59,M,breast,IV,surgery,2021-12-27,no,9.53,61.17
2703,Synthetic_02703,26,F,lung,I,radiotherapy,2025-04-16,no,19.40,611.12
2704,Synthetic_02704,39,F,prostate,I,surgery,2024-03-02,yes,1.45,676.36
2705,Synthetic_02705,32,F,colon,I,chemotherapy,2022-02-21,yes,11.63,765.75
2706,Synthetic_02706,27,M,colon,IV,chemotherapy,2023-07-18,no,18.66,718.69
2707,Synthetic_02707,57,F,prostate,I,radiotherapy,2022-07-27,no,8.52,955.92
2708,Synthetic_02708,76,M,breast,III,surgery,2023-08-04,no,17.46,659.66
2709,Synthetic_02709,42,M,colon,I,chemotherapy,2021-12-03,no,8.03,929.49
2710,Synthetic_02710,74,F,lung,I,chemotherapy,2020-04-07,yes,19.70,273.17
2711,Synthetic_02711,30,F,lung,I,surgery,2022-06-17,yes,7.53,940.90
2712,Synthetic_02712,41,F,prostate,I,surgery,2024-12-24,no,11.55,529.08
2713,Synthetic_02713,61,F,lung,IV,chemotherapy,2022-03-16,yes,3.27,12.69
2714,Synthetic_02714,48,F,prostate,I,surgery,2022-09-01,yes,9.57,819.48
2715,Synthetic_02715,69,F,colon,I,chemotherapy,2025-10-18,yes,16.86,827.15
2716,Synthetic_02716,65,F,lung,II,surgery,2024-05-20,no,4.58,163.43
2717,Synthetic_02717,61,M,breast,II,radiotherapy,2023-12-08,yes,2.64,332.40
2718,Synthetic_02718,31,F,prostate,III,radiotherapy,2021-06-21,no,1.46,346.46
2719,Synthetic_02719,64,F,colon,IV,surgery,2022-08-12,no,15.01,276.26
2720,Synthetic_02720,75,F,prostate,IV,surgery,2025-04-02,yes,16.14,424.04
2721,Synthetic_02721,76,M,lung,IV,surgery,2022-09-02,no,8.85,193.44
2722,Synthetic_02722,64,F,lung,II,chemotherapy,2022-11-16,yes,6.40,916.57
2723,Synthetic_02723,50,M,lung,I,chemotherapy,2022-11-16,no,17.30,683.96
2724,Synthetic_02724,51,M,lung,IV,radiotherapy,2022-12-26,no,18.68,388.35
2725,Synthetic_02725,46,F,prostate,IV,chemotherapy,2020-12-11,yes,12.73,563.44
2726,Synthetic_02726,30,M,prostate,IV,radiotherapy,2025-07-20,yes,3.97,798.79
2727,Synthetic_02727,75,M,lung,I,surgery,2024-12-07,yes,17.57,316.56
2728,Synthetic_02728,82,F,colon,IV,chemotherapy,2024-08-08,yes,14.44,662.35
2729,Synthetic_02729,88,M,colon,IV,chemotherapy,2025-02-13,yes,11.12,738.16
2730,Synthetic_02730,41,M,prostate,III,chemotherapy,2021-11-08,no,2.14,655.95
2731,Synthetic_02731,65,M,prostate,IV,radiotherapy,2022-08-03,no,19.28,584.05
2732,Synthetic_02732,54,M,breast,II,radiotherapy,2024-01-19,no,3.65,254.24
2733,Synthetic_02733,73,M,prostate,III,chemotherapy,2024-08-07,no,2.12,748.76
2734,Synthetic_02734,90,M,breast,III,surgery,2024-01-25,yes,17.01,988.46
2735,Synthetic_02735,67,F,lung,I,chemotherapy,2025-10-01,no,14.96,42.81
2736,Synthetic_02736,74,F,prostate,III,surgery,2022-05-12,yes,17.96,45.08
2737,Synthetic_02737,59,M,lung,I,chemotherapy,2025-07-26,yes,6.25,353.55
2738,Synthetic_02738,48,F,colon,II,chemotherapy,2023-01-02,yes,3.22,611.52
2739,Synthetic_02739,25,F,lung,III,surgery,2024-09-21,no,15.48,816.44
2740,Synthetic_02740,36,M,breast,I,radiotherapy,2025-07-02,yes,8.98,195.26
2741,Synthetic_02741,72,M,prostate,II,surgery,2025-02-24,no,15.78,237.69
2742,Synthetic_02742,63,M,breast,III,surgery,2022-01-14,no,8.87,604.47
2743,Synthetic_02743,28,M,prostate,III,surgery,2021-09-06,no,2.03,488.19
2744,Synthetic_02744,84,M,lung,I,surgery,2025-06-19,yes,16.16,906.61
2745,Synthetic_02745,53,F,colon,I,chemotherapy,2024-04-26,no,4.14,40.43
2746,Synthetic_02746,73,F,breast,III,surgery,2023-04-07,no,6.05,92.96
2747,Synthetic_02747,46,M,lung,II,surgery,2023-10-18,yes,3.36,846.62
2748,Synthetic_02748,69,F,colon,III,chemotherapy,2023-02-22,no,11.59,430.47
2749,Synthetic_02749,69,F,lung,II,radiotherapy,2022-11-25,no,13.57,978.72
2750,Synthetic_02750,53,F,prostate,III,surgery,2020-07-13,no,1.44,652.83
2751,Synthetic_02751,84,F,breast,III,chemotherapy,2022-03-17,yes,16.68,155.26
2752,Synthetic_02752,52,M,lung,II,surgery,2021-09-06,no,4.24,172.48
2753,Synthetic_02753,74,F,lung,IV,radiotherapy,2023-08-20,yes,1.73,512.60
2754,Synthetic_02754,52,F,colon,III,surgery,2020-04-16,no,16.39,802.98
2755,Synthetic_02755,88,M,colon,II,surgery,2022-11-05,yes,5.44,282.39
2756,Synthetic_02756,81,M,prostate,IV,chemotherapy,2024-03-23,no,11.16,599.75
2757,Synthetic_02757,84,F,lung,IV,chemotherapy,2022-12-20,yes,14.41,102.71
2758,Synthetic_02758,58,M,colon,II,radiotherapy,2020-11-06,no,7.62,323.97
2759,Synthetic_02759,85,M,lung,I,radiotherapy,2020-10-21,no,4.95,318.55
2760,Synthetic_02760,67,M,breast,III,surgery,2023-03-21,no,2.31,990.84
2761,Synthetic_02761,64,F,lung,II,chemotherapy,2021-11-21,yes,10.54,335.24
2762,Synthetic_02762,22,F,prostate,III,surgery,2021-01-24,yes,15.83,23.90
2763,Synthetic_02763,79,F,prostate,I,radiotherapy,2020-04-13,no,5.71,244.07
2764,Synthetic_02764,73,F,colon,II,surgery,2020-11-23,yes,14.71,877.16
2765,Synthetic_02765,78,F,colon,IV,radiotherapy,2020-02-17,yes,8.43,539.21
2766,Synthetic_02766,59,F,breast,I,surgery,2023-04-26,no,16.09,537.55
2767,Synthetic_02767,52,M,breast,II,surgery,2024-10-13,no,9.77,315.91
2768,Synthetic_02768,66,F,lung,IV,radiotherapy,2020-11-16,no,5.10,607.19
2769,Synthetic_02769,24,F,prostate,I,radiotherapy,2025-07-13,yes,2.64,166.24
2770,Synthetic_02770,88,M,colon,IV,radiotherapy,2021-02-09,no,5.04,377.57
2771,Synthetic_02771,57,M,prostate,III,surgery,2023-07-15,yes,5.68,817.49
2772,Synthetic_02772,57,F,breast,IV,surgery,2024-10-01,yes,2.61,124.47
2773,Synthetic_02773,18,M,lung,IV,chemotherapy,2023-04-05,no,18.53,432.06
2774,Synthetic_02774,37,M,prostate,IV,radiotherapy,2022-05-05,no,7.46,830.17
2775,Synthetic_02775,58,F,breast,IV,chemotherapy,2024-06-03,yes,9.71,492.98
2776,Synthetic_02776,61,F,lung,III,surgery,2023-04-26,yes,19.86,841.21
2777,Synthetic_02777,47,F,prostate,I,radiotherapy,2022-11-11,yes,13.47,800.95
2778,Synthetic_02778,47,F,lung,II,chemotherapy,2025-05-13,yes,6.92,313.98
2779,Synthetic_02779,35,M,lung,IV,surgery,2024-04-10,no,15.05,680.77
2780,Synthetic_02780,47,F,breast,I,surgery,2021-07-08,yes,13.56,828.01
2781,Synthetic_02781,24,F,lung,II,surgery,2021-02-21,no,15.70,118.40
2782,Synthetic_02782,80,M,breast,IV,surgery,2025-12-02,no,4.48,2.81
2783,Synthetic_02783,54,F,lung,I,chemotherapy,2023-09-11,yes,18.09,627.21
2784,Synthetic_02784,41,M,colon,I,surgery,2022-09-15,no,2.21,664.83
2785,Synthetic_02785,50,M,lung,IV,surgery,2024-04-25,yes,16.70,157.08
2786,Synthetic_02786,47,M,prostate,III,radiotherapy,2024-05-15,yes,5.18,332.89
2787,Synthetic_02787,70,F,lung,III,chemotherapy,2021-01-09,no,7.58,668.05
2788,Synthetic_02788,68,F,breast,III,radiotherapy,2024-12-25,yes,16.24,31.90
2789,Synthetic_02789,45,F,breast,I,surgery,2021-12-16,no,12.16,258.49
2790,Synthetic_02790,60,M,prostate,IV,chemotherapy,2024-12-04,yes,5.65,870.11
2791,Synthetic_02791,58,M,colon,I,chemotherapy,2024-09-23,yes,5.54,340.06
2792,Synthetic_02792,30,M,colon,III,surgery,2023-11-12,yes,11.60,658.70
2793,Synthetic_02793,72,F,breast,I,surgery,2020-02-16,no,13.70,537.28
2794,Synthetic_02794,64,M,breast,IV,radiotherapy,2022-09-02,yes,16.34,480.77
2795,Synthetic_02795,32,F,lung,IV,chemotherapy,2020-11-13,no,7.87,704.51
2796,Synthetic_02796,71,M,breast,I,chemotherapy,2021-01-24,yes,15.70,151.67
2797,Synthetic_02797,18,M,prostate,III,chemotherapy,2023-05-18,yes,16.18,610.58
2798,Synthetic_02798,85,F,breast,II,surgery,2022-06-15,yes,5.81,288.81
2799,Synthetic_02799,90,M,breast,III,chemotherapy,2022-05-17,no,18.21,92.63
2800,Synthetic_02800,43,F,prostate,III,radiotherapy,2020-01-10,no,8.15,131.51
2801,Synthetic_02801,87,F,breast,I,surgery,2025-02-04,no,19.89,305.86
2802,Synthetic_02802,31,F,colon,I,surgery,2023-03-10,no,6.16,11.11
2803,Synthetic_02803,87,F,colon,II,surgery,2021-04-03,yes,6.36,306.73
2804,Synthetic_02804,77,F,breast,I,radiotherapy,2025-03-26,no,13.21,190.16
2805,Synthetic_02805,61,M,lung,IV,surgery,2021-12-05,no,15.34,687.04
2806,Synthetic_02806,73,F,prostate,II,surgery,2023-07-07,yes,4.72,364.41
2807,Synthetic_02807,60,F,breast,IV,radiotherapy,2021-02-24,no,10.22,182.54
2808,Synthetic_02808,44,F,colon,IV,radiotherapy,2023-04-03,yes,12.61,227.31
2809,Synthetic_02809,51,F,lung,I,surgery,2023-05-26,no,15.59,311.09
2810,Synthetic_02810,26,F,breast,II,surgery,2024-12-23,yes,17.94,390.21
2811,Synthetic_02811,67,M,prostate,II,surgery,2025-10-26,yes,17.41,18.63
2812,Synthetic_02812,54,M,lung,IV,radiotherapy,2022-08-19,no,10.32,641.65
2813,Synthetic_02813,40,F,lung,I,radiotherapy,2022-07-03,yes,18.50,834.07
2814,Synthetic_02814,37,F,breast,IV,radiotherapy,2023-06-27,yes,9.84,792.46
2815,Synthetic_02815,61,M,prostate,I,surgery,2020-08-22,yes,7.22,123.34
2816,Synthetic_02816,45,M,colon,III,radiotherapy,2025-11-10,no,15.59,687.61
2817,Synthetic_02817,87,M,lung,I,chemotherapy,2023-11-04,no,14.74,773.13
2818,Synthetic_02818,23,M,lung,III,surgery,2023-02-24,no,1.58,597.76
2819,Synthetic_02819,27,F,breast,II,radiotherapy,2020-07-12,yes,14.17,993.78
2820,Synthetic_02820,33,M,colon,IV,radiotherapy,2021-05-22,yes,9.47,250.59
2821,Synthetic_02821,89,F,prostate,IV,radiotherapy,2023-11-10,yes,6.89,351.38
2822,Synthetic_02822,82,M,breast,III,radiotherapy,2025-10-18,yes,6.44,870.02
2823,Synthetic_02823,44,M,lung,I,surgery,2020-12-01,no,2.45,354.74
2824,Synthetic_02824,58,M,lung,I,surgery,2023-12-11,yes,5.59,511.51
2825,Synthetic_02825,55,M,lung,III,radiotherapy,2024-05-22,no,1.04,147.98
2826,Synthetic_02826,89,F,prostate,I,radiotherapy,2023-09-14,yes,2.59,314.46
2827,Synthetic_02827,38,M,lung,III,radiotherapy,2023-10-25,yes,12.69,562.69
2828,Synthetic_02828,90,F,breast,III,chemotherapy,2020-11-14,no,4.16,554.86
2829,Synthetic_02829,21,M,lung,II,radiotherapy,2024-05-13,yes,10.85,578.23
2830,Synthetic_02830,81,F,colon,IV,radiotherapy,2021-03-27,yes,4.54,968.48
2831,Synthetic_02831,27,F,breast,II,chemotherapy,2022-04-01,yes,4.69,471.79
2832,Synthetic_02832,85,M,lung,III,surgery,2024-07-12,no,1.69,256.88
2833,Synthetic_02833,30,M,colon,I,chemotherapy,2024-10-15,yes,12.91,907.17
2834,Synthetic_02834,60,F,lung,I,chemotherapy,2025-10-02,yes,6.95,669.51
2835,Synthetic_02835,31,M,breast,IV,chemotherapy,2023-07-27,yes,13.90,309.95
2836,Synthetic_02836,63,F,breast,II,radiotherapy,2021-06-19,no,11.43,321.14
2837,Synthetic_02837,25,F,colon,III,radiotherapy,2021-05-02,yes,14.11,691.34
2838,Synthetic_02838,43,M,colon,IV,radiotherapy,2022-06-16,yes,6.79,984.17
2839,Synthetic_02839,58,F,colon,III,chemotherapy,2020-09-10,no,19.25,851.65
2840,Synthetic_02840,47,F,colon,IV,surgery,2021-07-09,yes,14.43,584.05
2841,Synthetic_02841,58,M,prostate,IV,chemotherapy,2022-07-21,no,17.31,595.99
2842,Synthetic_02842,31,F,lung,I,surgery,2025-07-16,yes,6.29,922.60
2843,Synthetic_02843,82,M,prostate,I,surgery,2022-09-12,yes,7.19,372.07
2844,Synthetic_02844,69,F,prostate,II,radiotherapy,2024-09-21,yes,10.35,450.45
2845,Synthetic_02845,54,F,colon,III,radiotherapy,2022-03-21,no,6.34,570.26
2846,Synthetic_02846,56,F,colon,IV,chemotherapy,2021-12-21,no,9.18,876.00
2847,Synthetic_02847,70,M,breast,III,chemotherapy,2025-10-24,no,5.42,375.12
2848,Synthetic_02848,84,F,breast,II,chemotherapy,2023-11-27,yes,9.59,541.52
2849,Synthetic_02849,52,M,breast,IV,radiotherapy,2024-08-04,no,14.60,602.75
2850,Synthetic_02850,39,F,breast,I,radiotherapy,2021-01-12,yes,19.93,3.80
2851,Synthetic_02851,66,M,prostate,I,chemotherapy,2025-11-05,no,7.63,429.59
2852,Synthetic_02852,86,M,breast,III,chemotherapy,2024-04-27,no,3.88,826.04
2853,Synthetic_02853,22,F,lung,III,radiotherapy,2021-10-10,yes,15.99,969.74
2854,Synthetic_02854,65,M,lung,IV,surgery,2022-05-08,yes,5.50,398.96
2855,Synthetic_02855,64,M,colon,II,radiotherapy,2022-06-16,no,8.49,711.37
2856,Synthetic_02856,20,M,lung,I,radiotherapy,2020-09-18,no,12.08,143.04
2857,Synthetic_02857,59,F,breast,II,chemotherapy,2023-05-12,no,3.09,718.05
2858,Synthetic_02858,47,F,breast,IV,surgery,2023-10-24,no,12.48,495.56
2859,Synthetic_02859,38,F,prostate,II,surgery,2024-02-11,no,15.76,77.35
2860,Synthetic_02860,50,M,prostate,IV,chemotherapy,2021-05-20,no,6.52,555.22
2861,Synthetic_02861,69,F,colon,III,radiotherapy,2022-06-10,no,9.99,476.74
2862,Synthetic_02862,74,M,lung,III,surgery,2020-04-23,no,15.81,351.68
2863,Synthetic_02863,38,F,colon,I,radiotherapy,2023-08-05,yes,3.62,400.07
2864,Synthetic_02864,76,M,prostate,II,surgery,2021-12-09,yes,4.35,149.35
2865,Synthetic_02865,88,F,lung,II,radiotherapy,2024-03-04,no,9.33,912.54
2866,Synthetic_02866,32,M,prostate,I,surgery,2021-02-20,no,19.17,313.70
2867,Synthetic_02867,18,F,lung,IV,surgery,2022-03-01,no,19.80,660.37
2868,Synthetic_02868,40,F,breast,I,surgery,2023-12-17,yes,3.53,737.33
2869,Synthetic_02869,56,F,prostate,I,radiotherapy,2023-10-11,no,6.64,591.52
2870,Synthetic_02870,74,F,breast,I,surgery,2024-03-09,no,7.26,668.83
2871,Synthetic_02871,23,F,colon,IV,surgery,2024-02-09,yes,13.73,452.89
2872,Synthetic_02872,72,F,colon,III,chemotherapy,2021-03-11,yes,18.59,56.97
2873,Synthetic_02873,50,M,lung,II,surgery,2024-12-25,yes,4.77,375.55
2874,Synthetic_02874,83,F,breast,IV,chemotherapy,2025-03-24,no,1.75,279.12
2875,Synthetic_02875,81,F,prostate,III,surgery,2024-09-25,yes,1.17,166.41
2876,Synthetic_02876,44,M,breast,III,radiotherapy,2023-05-16,no,9.58,325.35
2877,Synthetic_02877,90,M,lung,I,surgery,2020-08-11,no,7.26,375.97
2878,Synthetic_02878,50,M,lung,II,surgery,2025-08-11,no,13.11,345.62
2879,Synthetic_02879,46,M,colon,I,chemotherapy,2020-08-20,no,12.87,743.59
2880,Synthetic_02880,78,F,breast,I,surgery,2022-01-20,no,6.72,961.93
2881,Synthetic_02881,66,F,colon,III,surgery,2023-06-17,no,16.38,876.64
2882,Synthetic_02882,24,M,prostate,I,chemotherapy,2023-04-13,no,9.74,840.42
2883,Synthetic_02883,26,F,colon,I,radiotherapy,2020-02-16,no,18.47,466.10
2884,Synthetic_02884,69,F,colon,IV,radiotherapy,2021-07-24,no,3.63,222.25
2885,Synthetic_02885,68,M,colon,III,radiotherapy,2024-08-10,no,7.19,380.75
2886,Synthetic_02886,46,F,colon,II,radiotherapy,2022-12-01,yes,4.94,918.34
2887,Synthetic_02887,78,F,prostate,II,surgery,2023-11-27,no,13.50,332.80
2888,Synthetic_02888,75,F,prostate,IV,surgery,2022-02-18,yes,12.25,493.77
2889,Synthetic_02889,25,M,breast,IV,surgery,2024-04-04,no,16.82,626.40
2890,Synthetic_02890,58,F,colon,II,chemotherapy,2020-01-06,yes,6.74,267.38
2891,Synthetic_02891,37,F,colon,I,surgery,2025-12-01,no,3.66,294.45
2892,Synthetic_02892,33,M,colon,IV,surgery,2020-12-16,no,18.27,420.51
2893,Synthetic_02893,47,F,prostate,III,surgery,2023-04-05,yes,12.47,752.33
2894,Synthetic_02894,26,F,prostate,I,chemotherapy,2024-06-14,no,8.40,129.10
2895,Synthetic_02895,61,F,colon,II,chemotherapy,2020-01-01,yes,11.96,746.26
2896,Synthetic_02896,65,M,colon,I,radiotherapy,2022-10-19,no,17.13,953.89
2897,Synthetic_02897,58,M,breast,II,chemotherapy,2025-10-06,yes,1.20,510.33
2898,Synthetic_02898,30,M,prostate,III,radiotherapy,2024-12-15,no,1.71,649.89
2899,Synthetic_02899,74,M,prostate,IV,radiotherapy,2024-08-18,yes,19.60,890.66
2900,Synthetic_02900,52,M,prostate,I,radiotherapy,2023-01-09,yes,10.55,436.24
2901,Synthetic_02901,46,M,colon,III,radiotherapy,2025-05-18,no,9.56,616.94
2902,Synthetic_02902,74,F,colon,III,radiotherapy,2023-04-06,no,8.10,741.32
2903,Synthetic_02903,59,M,breast,III,surgery,2021-05-09,no,7.73,891.85
2904,Synthetic_02904,77,M,colon,III,surgery,2020-08-01,yes,5.38,260.78
2905,Synthetic_02905,64,F,lung,II,radiotherapy,2020-12-21,yes,9.63,947.88
2906,Synthetic_02906,69,M,prostate,I,radiotherapy,2025-07-18,no,1.70,390.28
2907,Synthetic_02907,72,F,prostate,I,radiotherapy,2025-05-17,yes,15.15,729.52
2908,Synthetic_02908,81,M,lung,II,surgery,2024-12-21,no,16.74,708.48
2909,Synthetic_02909,48,F,prostate,I,chemotherapy,2020-06-21,no,15.22,326.25
2910,Synthetic_02910,88,F,breast,I,radiotherapy,2024-10-27,no,7.42,523.35
2911,Synthetic_02911,85,F,breast,III,chemotherapy,2023-07-20,no,12.65,572.58
2912,Synthetic_02912,51,F,colon,III,chemotherapy,2025-04-10,no,6.43,514.28
2913,Synthetic_02913,64,M,breast,IV,chemotherapy,2020-04-27,yes,7.77,467.44
2914,Synthetic_02914,40,M,breast,II,surgery,2024-03-17,yes,10.66,445.18
2915,Synthetic_02915,81,M,colon,II,surgery,2024-09-03,yes,7.24,936.96
2916,Synthetic_02916,52,M,prostate,II,radiotherapy,2022-12-01,no,10.80,240.11
2917,Synthetic_02917,23,F,lung,I,radiotherapy,2020-02-21,no,2.64,392.82
2918,Synthetic_02918,85,F,breast,I,chemotherapy,2020-03-10,no,13.52,527.43
2919,Synthetic_02919,47,M,lung,II,surgery,2024-12-19,no,15.27,794.76
2920,Synthetic_02920,65,M,colon,I,surgery,2022-08-28,yes,2.56,664.34
2921,Synthetic_02921,39,M,prostate,II,radiotherapy,2025-05-12,yes,6.37,428.58
2922,Synthetic_02922,26,M,breast,I,radiotherapy,2025-11-23,yes,8.61,64.97
2923,Synthetic_02923,84,F,breast,II,chemotherapy,2023-03-19,yes,10.82,874.84
2924,Synthetic_02924,83,M,lung,III,surgery,2022-06-01,yes,5.58,360.99
2925,Synthetic_02925,38,F,lung,I,surgery,2024-06-27,no,13.92,745.55
2926,Synthetic_02926,40,M,lung,IV,chemotherapy,2021-05-25,no,11.31,449.85
2927,Synthetic_02927,68,F,lung,I,surgery,2025-05-13,no,3.62,639.14
2928,Synthetic_02928,28,F,colon,I,chemotherapy,2021-11-21,yes,15.88,724.52
2929,Synthetic_02929,42,F,colon,III,radiotherapy,2020-12-10,yes,19.64,224.78
2930,Synthetic_02930,18,F,lung,IV,radiotherapy,2024-12-08,yes,17.02,35.49
2931,Synthetic_02931,86,F,colon,II,chemotherapy,2024-06-06,yes,6.37,349.72
2932,Synthetic_02932,61,M,prostate,I,chemotherapy,2023-03-14,no,10.81,122.51
2933,Synthetic_02933,62,M,prostate,II,chemotherapy,2021-09-26,yes,1.98,107.56
2934,Synthetic_02934,77,F,breast,I,radiotherapy,2022-09-13,yes,7.32,954.71
2935,Synthetic_02935,33,F,prostate,IV,radiotherapy,2025-12-21,yes,11.34,152.27
2936,Synthetic_02936,90,F,prostate,II,radiotherapy,2023-10-22,no,10.23,91.17
2937,Synthetic_02937,31,M,lung,IV,chemotherapy,2023-01-15,yes,18.38,500.76
2938,Synthetic_02938,51,M,colon,I,chemotherapy,2020-07-13,no,11.18,654.47
2939,Synthetic_02939,34,F,prostate,III,surgery,2021-03-11,yes,14.87,236.88
2940,Synthetic_02940,89,F,prostate,II,radiotherapy,2022-10-03,no,8.38,156.09
2941,Synthetic_02941,31,M,colon,II,radiotherapy,2022-11-16,no,3.57,276.69
2942,Synthetic_02942,45,F,prostate,III,surgery,2021-05-22,no,9.86,657.54
2943,Synthetic_02943,65,M,prostate,I,radiotherapy,2022-11-22,yes,12.97,75.50
2944,Synthetic_02944,67,M,prostate,IV,radiotherapy,2025-06-05,yes,15.48,229.10
2945,Synthetic_02945,72,F,prostate,II,chemotherapy,2021-08-16,yes,11.39,42.81
2946,Synthetic_02946,43,F,lung,IV,radiotherapy,2024-06-12,yes,17.77,721.21
2947,Synthetic_02947,77,F,prostate,III,surgery,2024-08-11,yes,14.39,159.39
2948,Synthetic_02948,41,F,prostate,II,chemotherapy,2025-08-23,no,4.22,675.07
2949,Synthetic_02949,67,M,breast,IV,surgery,2024-09-10,yes,5.57,206.31
2950,Synthetic_02950,38,M,prostate,II,surgery,2022-02-09,no,9.00,20.83
2951,Synthetic_02951,37,F,lung,III,surgery,2022-07-16,yes,17.21,653.28
2952,Synthetic_02952,36,F,breast,IV,surgery,2021-09-16,yes,18.65,434.10
2953,Synthetic_02953,36,M,colon,IV,surgery,2023-10-16,yes,5.52,355.59
2954,Synthetic_02954,36,M,colon,III,chemotherapy,2021-09-14,yes,7.42,926.84
2955,Synthetic_02955,58,F,breast,II,radiotherapy,2024-09-24,yes,1.03,889.52
2956,Synthetic_02956,65,M,colon,I,surgery,2021-12-16,yes,9.70,148.68
2957,Synthetic_02957,31,M,lung,I,chemotherapy,2022-07-05,yes,18.36,932.94
2958,Synthetic_02958,29,M,colon,II,surgery,2025-08-24,no,12.68,169.98
2959,Synthetic_02959,41,M,prostate,IV,radiotherapy,2023-01-08,yes,8.67,153.56
2960,Synthetic_02960,25,M,colon,II,chemotherapy,2023-07-27,no,19.98,771.42
2961,Synthetic_02961,70,M,prostate,II,chemotherapy,2025-11-20,no,2.19,459.94
2962,Synthetic_02962,89,M,prostate,IV,chemotherapy,2024-02-14,yes,19.44,790.08
2963,Synthetic_02963,42,M,lung,II,radiotherapy,2024-05-25,no,11.14,425.91
2964,Synthetic_02964,37,F,colon,III,surgery,2023-07-01,yes,14.12,183.43
2965,Synthetic_02965,21,F,breast,I,radiotherapy,2025-09-22,no,5.01,643.26
2966,Synthetic_02966,42,M,breast,II,surgery,2025-02-26,no,5.92,781.82
2967,Synthetic_02967,26,M,colon,III,radiotherapy,2021-11-07,yes,17.83,197.40
2968,Synthetic_02968,43,F,lung,II,surgery,2022-10-17,no,13.46,615.58
2969,Synthetic_02969,30,F,lung,IV,surgery,2020-02-02,yes,13.53,632.20
2970,Synthetic_02970,80,F,colon,IV,radiotherapy,2020-01-18,yes,10.33,94.16
2971,Synthetic_02971,56,M,lung,III,radiotherapy,2020-12-24,no,18.83,325.41
2972,Synthetic_02972,29,M,prostate,IV,radiotherapy,2021-11-10,yes,19.21,757.91
2973,Synthetic_02973,77,M,prostate,IV,radiotherapy,2023-12-04,no,6.88,765.63
2974,Synthetic_02974,66,F,lung,II,chemotherapy,2022-12-13,no,1.71,651.51
2975,Synthetic_02975,61,M,lung,IV,surgery,2024-02-21,yes,1.20,720.24
2976,Synthetic_02976,33,F,breast,II,radiotherapy,2020-08-27,yes,8.63,110.88
2977,Synthetic_02977,37,M,colon,II,chemotherapy,2022-10-09,yes,6.32,990.73
2978,Synthetic_02978,90,F,colon,III,chemotherapy,2022-11-01,no,11.41,369.07
2979,Synthetic_02979,47,M,lung,IV,radiotherapy,2023-03-18,no,6.08,781.32
2980,Synthetic_02980,54,M,prostate,I,chemotherapy,2024-04-14,no,12.92,999.19
2981,Synthetic_02981,49,M,prostate,IV,chemotherapy,2021-04-09,no,13.80,105.33
2982,Synthetic_02982,63,M,breast,I,chemotherapy,2020-05-06,yes,11.80,935.87
2983,Synthetic_02983,74,F,breast,II,radiotherapy,2021-06-22,no,5.50,525.14
2984,Synthetic_02984,69,M,prostate,III,surgery,2023-10-11,no,10.19,44.56
2985,Synthetic_02985,54,F,lung,I,radiotherapy,2021-05-13,yes,6.03,436.21
2986,Synthetic_02986,79,M,breast,I,radiotherapy,2025-03-19,yes,14.49,740.68
2987,Synthetic_02987,90,F,breast,II,surgery,2020-01-22,no,8.93,897.37
2988,Synthetic_02988,25,F,lung,I,chemotherapy,2024-11-07,yes,4.79,648.37
2989,Synthetic_02989,84,F,prostate,I,surgery,2024-08-08,yes,4.73,824.80
2990,Synthetic_02990,45,M,prostate,IV,surgery,2024-01-14,no,8.02,879.22
2991,Synthetic_02991,49,M,colon,IV,surgery,2021-12-26,no,2.61,571.51
2992,Synthetic_02992,75,M,colon,IV,radiotherapy,2024-08-11,no,3.71,634.80
2993,Synthetic_02993,71,M,colon,III,chemotherapy,2022-07-27,yes,14.80,668.28
2994,Synthetic_02994,42,M,colon,II,chemotherapy,2024-02-24,yes,17.28,472.34
2995,Synthetic_02995,38,F,prostate,III,surgery,2022-09-02,no,4.82,941.80
2996,Synthetic_02996,38,M,colon,IV,chemotherapy,2022-09-19,yes,3.13,699.87
2997,Synthetic_02997,40,M,lung,II,surgery,2024-08-24,no,5.46,677.86
2998,Synthetic_02998,38,M,colon,IV,surgery,2020-11-11,no,1.15,322.50
2999,Synthetic_02999,79,M,prostate,III,surgery,2025-06-09,no,6.05,325.09
3000,Synthetic_03000,62,M,colon,I,chemotherapy,2020-12-05,no,18.08,254.79
3001,Synthetic_03001,82,M,lung,III,radiotherapy,2025-02-19,yes,8.62,868.63
3002,Synthetic_03002,51,F,colon,II,surgery,2024-10-06,yes,18.20,984.56
3003,Synthetic_03003,59,F,prostate,I,chemotherapy,2021-11-14,no,4.66,648.42
3004,Synthetic_03004,49,M,breast,III,chemotherapy,2024-03-04,yes,9.98,562.98
3005,Synthetic_03005,77,F,breast,III,surgery,2021-02-15,no,13.11,713.79
3006,Synthetic_03006,52,M,colon,I,surgery,2020-06-08,yes,1.97,422.85
3007,Synthetic_03007,28,F,prostate,II,surgery,2020-12-02,yes,17.44,169.12
3008,Synthetic_03008,47,F,prostate,II,radiotherapy,2022-03-12,yes,19.41,783.93
3009,Synthetic_03009,36,F,breast,III,surgery,2020-05-04,no,3.36,739.75
3010,Synthetic_03010,31,M,lung,IV,chemotherapy,2021-08-19,no,12.01,146.79
3011,Synthetic_03011,77,F,breast,II,radiotherapy,2023-11-17,yes,2.15,160.52
3012,Synthetic_03012,27,F,lung,I,surgery,2020-11-07,no,3.76,778.09
3013,Synthetic_03013,35,M,lung,II,radiotherapy,2024-03-05,yes,9.74,469.57
3014,Synthetic_03014,84,M,breast,II,radiotherapy,2024-06-15,yes,13.82,96.28
3015,Synthetic_03015,63,M,prostate,II,surgery,2020-05-09,no,11.98,417.77
3016,Synthetic_03016,31,M,lung,I,chemotherapy,2025-07-21,no,18.93,376.54
3017,Synthetic_03017,24,F,lung,III,surgery,2024-08-23,no,16.96,843.34
3018,Synthetic_03018,83,M,colon,I,chemotherapy,2023-11-20,yes,2.68,565.37
3019,Synthetic_03019,62,M,breast,IV,radiotherapy,2025-04-18,no,14.16,729.06
3020,Synthetic_03020,86,F,lung,III,radiotherapy,2020-10-28,yes,10.87,759.44
3021,Synthetic_03021,65,M,breast,I,surgery,2025-09-14,no,3.16,661.28
3022,Synthetic_03022,37,M,breast,III,surgery,2021-03-03,yes,8.09,830.26
3023,Synthetic_03023,70,F,lung,IV,radiotherapy,2022-11-08,yes,6.29,677.94
3024,Synthetic_03024,62,M,lung,I,radiotherapy,2020-04-27,yes,19.02,359.00
3025,Synthetic_03025,33,M,lung,III,radiotherapy,2022-12-10,yes,5.30,775.33
3026,Synthetic_03026,72,F,prostate,III,radiotherapy,2025-09-23,yes,3.11,277.00
3027,Synthetic_03027,28,F,colon,II,surgery,2023-03-19,yes,3.13,313.81
3028,Synthetic_03028,53,F,colon,II,chemotherapy,2022-09-13,yes,1.40,147.15
3029,Synthetic_03029,53,F,lung,II,chemotherapy,2023-05-09,no,2.30,678.83
3030,Synthetic_03030,45,F,colon,III,chemotherapy,2023-03-12,no,15.98,707.02
3031,Synthetic_03031,27,F,lung,I,radiotherapy,2020-09-26,yes,7.04,519.65
3032,Synthetic_03032,26,M,lung,I,surgery,2025-01-02,yes,8.03,555.00
3033,Synthetic_03033,26,M,prostate,I,radiotherapy,2023-12-05,yes,11.62,802.23
3034,Synthetic_03034,28,F,prostate,IV,radiotherapy,2020-03-12,no,7.07,461.90
3035,Synthetic_03035,54,M,prostate,III,chemotherapy,2020-11-03,yes,13.95,329.35
3036,Synthetic_03036,26,M,colon,I,chemotherapy,2020-06-06,yes,2.27,150.93
3037,Synthetic_03037,69,M,prostate,I,chemotherapy,2025-08-13,yes,3.34,636.91
3038,Synthetic_03038,28,M,prostate,IV,radiotherapy,2020-04-10,no,12.30,993.48
3039,Synthetic_03039,89,F,breast,II,surgery,2025-08-04,no,4.83,235.28
3040,Synthetic_03040,90,F,prostate,II,chemotherapy,2020-05-23,no,16.51,889.25
3041,Synthetic_03041,25,M,lung,III,surgery,2025-03-09,yes,4.42,540.81
3042,Synthetic_03042,84,F,breast,IV,radiotherapy,2020-03-25,no,15.88,421.54
3043,Synthetic_03043,52,F,colon,I,radiotherapy,2020-04-18,yes,18.91,983.60
3044,Synthetic_03044,62,F,breast,I,radiotherapy,2022-11-11,yes,2.34,760.60
3045,Synthetic_03045,85,M,breast,III,chemotherapy,2023-04-12,yes,19.71,798.57
3046,Synthetic_03046,38,M,breast,IV,chemotherapy,2021-05-10,yes,9.50,39.92
3047,Synthetic_03047,42,M,breast,IV,surgery,2022-07-19,no,17.08,244.72
3048,Synthetic_03048,25,F,colon,III,radiotherapy,2025-07-06,yes,17.90,728.02
3049,Synthetic_03049,39,F,colon,I,surgery,2021-03-28,yes,3.20,840.78
3050,Synthetic_03050,25,F,lung,III,surgery,2020-04-08,no,11.72,627.28
3051,Synthetic_03051,90,F,lung,III,chemotherapy,2020-12-17,yes,8.94,146.87
3052,Synthetic_03052,21,M,prostate,IV,surgery,2023-05-25,no,2.29,228.96
3053,Synthetic_03053,78,M,breast,III,radiotherapy,2021-07-10,no,14.00,135.89
3054,Synthetic_03054,51,F,breast,III,surgery,2022-11-06,no,1.60,718.65
3055,Synthetic_03055,65,M,prostate,III,radiotherapy,2023-11-03,no,5.50,84.24
3056,Synthetic_03056,88,M,colon,IV,surgery,2021-12-02,no,17.27,646.33
3057,Synthetic_03057,20,F,colon,I,radiotherapy,2024-08-15,yes,2.08,518.18
3058,Synthetic_03058,53,F,breast,III,surgery,2022-08-17,no,5.04,77.15
3059,Synthetic_03059,85,M,breast,III,radiotherapy,2025-01-02,no,5.31,203.26
3060,Synthetic_03060,74,F,colon,II,radiotherapy,2020-11-27,no,7.16,540.19
3061,Synthetic_03061,52,F,colon,I,radiotherapy,2023-11-21,no,3.27,206.53
3062,Synthetic_03062,60,F,prostate,I,surgery,2024-02-05,no,12.47,834.51
3063,Synthetic_03063,35,M,prostate,II,radiotherapy,2024-07-27,no,4.95,953.14
3064,Synthetic_03064,39,M,prostate,III,surgery,2025-12-18,no,9.59,866.68
3065,Synthetic_03065,75,M,colon,III,surgery,2023-08-23,yes,19.55,573.36
3066,Synthetic_03066,24,F,lung,IV,chemotherapy,2025-09-09,yes,4.74,479.85
3067,Synthetic_03067,73,M,breast,IV,surgery,2023-01-16,no,6.93,581.06
3068,Synthetic_03068,68,F,prostate,III,surgery,2021-06-08,yes,9.23,728.41
3069,Synthetic_03069,39,F,colon,II,surgery,2020-07-05,yes,19.83,913.16
3070,Synthetic_03070,22,F,colon,IV,radiotherapy,2024-02-25,yes,11.01,141.85
3071,Synthetic_03071,26,F,lung,IV,radiotherapy,2023-04-09,no,5.64,65.12
3072,Synthetic_03072,25,F,colon,II,chemotherapy,2024-08-05,yes,1.18,820.37
3073,Synthetic_03073,73,F,breast,I,radiotherapy,2024-07-04,yes,3.78,700.56
3074,Synthetic_03074,72,M,colon,I,chemotherapy,2021-08-01,no,5.37,827.34
3075,Synthetic_03075,52,M,breast,II,chemotherapy,2023-09-06,yes,10.09,397.51
3076,Synthetic_03076,29,F,lung,II,surgery,2025-11-24,yes,16.97,702.46
3077,Synthetic_03077,38,F,lung,I,radiotherapy,2024-07-25,no,10.93,87.45
3078,Synthetic_03078,81,M,breast,IV,surgery,2021-09-06,yes,3.65,544.66
3079,Synthetic_03079,30,M,colon,I,chemotherapy,2021-09-09,no,8.22,977.80
3080,Synthetic_03080,43,F,lung,III,radiotherapy,2020-12-01,yes,13.86,693.02
3081,Synthetic_03081,27,M,breast,I,surgery,2022-12-05,yes,13.59,800.90
3082,Synthetic_03082,31,M,lung,III,chemotherapy,2024-06-02,no,12.72,260.32
3083,Synthetic_03083,36,F,colon,IV,chemotherapy,2023-08-13,no,12.53,418.63
3084,Synthetic_03084,70,F,breast,II,radiotherapy,2020-04-23,no,5.03,301.91
3085,Synthetic_03085,38,F,prostate,IV,radiotherapy,2024-09-11,yes,11.89,513.53
3086,Synthetic_03086,24,F,breast,IV,surgery,2022-12-05,yes,14.82,74.34
3087,Synthetic_03087,50,F,lung,III,chemotherapy,2020-05-16,no,1.51,960.32
3088,Synthetic_03088,23,M,prostate,IV,radiotherapy,2021-07-02,yes,10.74,925.48
3089,Synthetic_03089,24,F,lung,III,surgery,2025-10-11,no,16.59,91.22
3090,Synthetic_03090,18,F,lung,I,radiotherapy,2021-07-27,no,15.17,112.82
3091,Synthetic_03091,24,M,prostate,I,radiotherapy,2022-04-21,yes,9.72,459.98
3092,Synthetic_03092,19,F,colon,II,radiotherapy,2021-03-14,no,17.43,195.71
3093,Synthetic_03093,66,M,colon,II,radiotherapy,2020-05-10,no,13.08,194.25
3094,Synthetic_03094,81,F,lung,IV,radiotherapy,2021-03-21,no,8.60,405.69
3095,Synthetic_03095,61,F,lung,IV,radiotherapy,2023-03-01,no,1.94,975.50
3096,Synthetic_03096,55,M,lung,II,radiotherapy,2024-03-11,no,5.28,240.61
3097,Synthetic_03097,55,M,breast,III,surgery,2022-04-22,yes,10.68,287.32
3098,Synthetic_03098,32,M,colon,III,surgery,2022-05-26,yes,12.14,408.88
3099,Synthetic_03099,31,M,lung,II,surgery,2021-11-27,no,3.38,228.93
3100,Synthetic_03100,37,F,colon,II,surgery,2020-02-23,yes,6.93,332.58
3101,Synthetic_03101,52,F,colon,IV,chemotherapy,2023-01-21,yes,10.21,492.40
3102,Synthetic_03102,53,M,breast,III,chemotherapy,2024-02-23,no,13.67,282.00
3103,Synthetic_03103,34,M,breast,I,chemotherapy,2025-08-21,no,15.00,644.28
3104,Synthetic_03104,22,F,lung,III,radiotherapy,2025-07-24,yes,15.38,679.24
3105,Synthetic_03105,56,F,colon,III,radiotherapy,2022-08-10,yes,11.42,994.49
3106,Synthetic_03106,31,F,breast,III,radiotherapy,2025-03-11,no,16.70,716.22
3107,Synthetic_03107,47,F,lung,I,surgery,2025-03-04,yes,6.57,746.45
3108,Synthetic_03108,77,F,colon,III,surgery,2023-09-15,yes,3.01,102.50
3109,Synthetic_03109,58,M,lung,I,radiotherapy,2022-06-10,yes,9.95,807.07
3110,Synthetic_03110,31,M,prostate,IV,chemotherapy,2020-02-26,yes,4.27,828.93
3111,Synthetic_03111,27,F,breast,IV,surgery,2024-02-20,no,17.00,814.93
3112,Synthetic_03112,61,F,lung,IV,surgery,2022-08-12,yes,19.95,591.23
3113,Synthetic_03113,51,F,lung,III,chemotherapy,2023-08-10,yes,10.02,734.10
3114,Synthetic_03114,48,F,colon,I,chemotherapy,2020-11-05,no,4.68,230.37
3115,Synthetic_03115,66,M,breast,II,radiotherapy,2021-06-11,yes,6.62,177.12
3116,Synthetic_03116,38,M,prostate,I,chemotherapy,2021-04-02,yes,19.96,979.42
3117,Synthetic_03117,28,F,colon,IV,radiotherapy,2024-09-15,no,10.59,932.40
3118,Synthetic_03118,77,F,colon,III,radiotherapy,2020-12-10,yes,11.37,156.56
3119,Synthetic_03119,82,M,breast,I,surgery,2022-04-20,no,10.97,472.54
3120,Synthetic_03120,89,F,prostate,I,chemotherapy,2022-06-01,yes,12.50,680.50
3121,Synthetic_03121,71,F,breast,IV,surgery,2025-10-04,no,1.29,249.62
3122,Synthetic_03122,55,F,breast,III,radiotherapy,2024-02-25,yes,14.91,569.93
3123,Synthetic_03123,49,M,lung,III,chemotherapy,2022-03-06,no,5.29,161.23
3124,Synthetic_03124,40,M,lung,III,radiotherapy,2024-02-26,yes,8.78,953.21
3125,Synthetic_03125,57,M,lung,I,chemotherapy,2022-11-22,no,13.27,195.31
3126,Synthetic_03126,66,F,lung,I,chemotherapy,2023-03-19,no,5.10,312.50
3127,Synthetic_03127,65,F,lung,I,radiotherapy,2023-09-16,no,6.81,893.24
3128,Synthetic_03128,75,F,breast,III,chemotherapy,2024-08-10,no,12.42,443.92
3129,Synthetic_03129,18,M,colon,II,radiotherapy,2024-04-21,yes,4.39,907.19
3130,Synthetic_03130,39,M,colon,II,surgery,2023-12-17,yes,16.62,755.83
3131,Synthetic_03131,31,F,lung,III,radiotherapy,2024-04-17,yes,17.89,357.57
3132,Synthetic_03132,55,M,lung,I,surgery,2024-08-19,no,15.46,834.33
3133,Synthetic_03133,51,F,breast,III,chemotherapy,2022-06-13,yes,19.90,228.21
3134,Synthetic_03134,77,M,prostate,I,chemotherapy,2022-01-10,yes,10.34,294.45
3135,Synthetic_03135,35,M,lung,III,radiotherapy,2022-08-18,no,19.79,781.64
3136,Synthetic_03136,85,M,colon,I,surgery,2024-01-07,no,18.04,250.77
3137,Synthetic_03137,83,F,lung,II,chemotherapy,2022-05-06,yes,12.10,327.00
3138,Synthetic_03138,80,M,colon,I,chemotherapy,2022-12-14,no,3.53,962.85
3139,Synthetic_03139,26,F,prostate,IV,radiotherapy,2024-08-06,yes,13.66,184.82
3140,Synthetic_03140,44,M,breast,I,radiotherapy,2021-01-04,no,14.71,386.22
3141,Synthetic_03141,74,F,breast,IV,chemotherapy,2024-10-16,no,9.23,460.01
3142,Synthetic_03142,69,F,lung,I,chemotherapy,2024-06-04,no,10.54,787.00
3143,Synthetic_03143,49,F,prostate,III,radiotherapy,2025-04-17,yes,15.37,174.28
3144,Synthetic_03144,70,M,colon,IV,surgery,2020-05-06,no,18.29,259.11
3145,Synthetic_03145,57,F,prostate,II,radiotherapy,2020-09-04,no,15.10,952.17
3146,Synthetic_03146,52,F,prostate,I,surgery,2024-11-03,yes,4.97,787.70
3147,Synthetic_03147,81,M,colon,III,surgery,2023-02-19,no,9.30,678.23
3148,Synthetic_03148,22,F,breast,I,surgery,2021-08-24,yes,13.56,701.15
3149,Synthetic_03149,42,F,colon,III,chemotherapy,2021-06-23,no,16.06,990.17
3150,Synthetic_03150,32,F,prostate,I,surgery,2023-10-08,yes,3.32,539.84
3151,Synthetic_03151,84,F,lung,I,chemotherapy,2025-08-01,yes,13.34,741.97
3152,Synthetic_03152,18,F,lung,IV,radiotherapy,2021-09-27,yes,2.53,911.04
3153,Synthetic_03153,58,F,colon,II,chemotherapy,2025-09-27,yes,9.40,489.74
3154,Synthetic_03154,27,M,lung,III,surgery,2022-10-24,no,8.99,662.13
3155,Synthetic_03155,29,M,prostate,IV,radiotherapy,2021-09-23,no,2.62,64.21
3156,Synthetic_03156,38,F,lung,I,radiotherapy,2023-08-18,yes,10.26,232.38
3157,Synthetic_03157,81,F,breast,III,surgery,2025-05-27,yes,14.14,897.05
3158,Synthetic_03158,34,F,prostate,IV,radiotherapy,2024-03-16,no,15.38,160.62
3159,Synthetic_03159,72,F,prostate,I,radiotherapy,2022-09-01,no,8.43,842.97
3160,Synthetic_03160,41,M,lung,I,surgery,2022-05-21,no,16.33,143.83
3161,Synthetic_03161,80,M,prostate,IV,radiotherapy,2024-12-05,yes,10.72,58.00
3162,Synthetic_03162,20,F,colon,I,surgery,2022-05-18,yes,4.34,547.88
3163,Synthetic_03163,80,M,lung,II,chemotherapy,2021-11-12,yes,16.68,895.74
3164,Synthetic_03164,45,F,prostate,III,surgery,2020-01-01,yes,15.04,511.70
3165,Synthetic_03165,51,M,lung,IV,chemotherapy,2023-12-17,no,13.62,352.30
3166,Synthetic_03166,23,M,colon,IV,chemotherapy,2020-11-08,no,4.08,682.36
3167,Synthetic_03167,20,F,colon,I,chemotherapy,2022-04-16,yes,11.87,479.27
3168,Synthetic_03168,57,F,prostate,IV,radiotherapy,2020-01-07,yes,19.76,467.60
3169,Synthetic_03169,71,M,colon,III,chemotherapy,2021-11-28,no,3.52,876.63
3170,Synthetic_03170,80,M,breast,IV,chemotherapy,2020-12-28,no,9.51,540.60
3171,Synthetic_03171,27,F,colon,II,surgery,2025-12-07,no,15.73,24.69
3172,Synthetic_03172,31,M,breast,III,radiotherapy,2024-07-07,no,16.46,406.60
3173,Synthetic_03173,42,M,prostate,I,surgery,2025-04-10,yes,12.95,844.85
3174,Synthetic_03174,23,M,lung,III,chemotherapy,2025-07-02,yes,11.73,435.81
3175,Synthetic_03175,61,F,lung,III,chemotherapy,2023-07-14,no,4.58,919.56
3176,Synthetic_03176,50,M,breast,III,surgery,2021-09-25,no,10.81,96.17
3177,Synthetic_03177,71,F,colon,II,chemotherapy,2024-08-12,yes,6.78,691.30
3178,Synthetic_03178,81,M,colon,IV,surgery,2022-07-24,yes,17.16,670.29
3179,Synthetic_03179,58,F,colon,I,radiotherapy,2024-05-21,no,5.51,273.29
3180,Synthetic_03180,37,F,colon,IV,chemotherapy,2021-11-15,yes,8.89,389.03
3181,Synthetic_03181,53,F,breast,III,chemotherapy,2022-09-18,yes,14.60,36.04
3182,Synthetic_03182,28,F,colon,IV,surgery,2021-02-16,yes,17.97,828.97
3183,Synthetic_03183,46,F,lung,III,surgery,2025-01-25,no,18.49,703.78
3184,Synthetic_03184,31,M,colon,II,chemotherapy,2021-07-13,no,3.40,75.17
3185,Synthetic_03185,78,M,prostate,II,radiotherapy,2025-09-12,no,1.84,337.31
3186,Synthetic_03186,41,F,prostate,I,radiotherapy,2022-12-11,no,17.61,605.52
3187,Synthetic_03187,57,M,breast,IV,chemotherapy,2020-04-15,yes,5.65,302.05
3188,Synthetic_03188,47,M,lung,III,radiotherapy,2023-06-05,no,8.18,656.11
3189,Synthetic_03189,62,F,breast,I,radiotherapy,2023-12-06,no,15.84,280.23
3190,Synthetic_03190,24,F,prostate,III,chemotherapy,2024-02-06,no,13.08,501.69
3191,Synthetic_03191,53,M,lung,III,chemotherapy,2022-02-08,no,4.93,820.66
3192,Synthetic_03192,47,F,prostate,III,surgery,2025-04-22,no,16.45,464.56
3193,Synthetic_03193,20,M,prostate,IV,surgery,2022-12-24,no,6.46,973.69
3194,Synthetic_03194,59,F,breast,III,radiotherapy,2021-11-25,no,3.47,615.95
3195,Synthetic_03195,79,M,breast,II,surgery,2021-04-06,no,6.92,127.63
3196,Synthetic_03196,37,M,colon,I,radiotherapy,2025-08-20,yes,6.99,207.56
3197,Synthetic_03197,39,F,colon,IV,surgery,2023-06-14,no,17.95,71.29
3198,Synthetic_03198,20,F,colon,II,chemotherapy,2020-03-11,no,15.54,983.27
3199,Synthetic_03199,38,F,colon,I,radiotherapy,2021-05-11,no,15.40,121.05
3200,Synthetic_03200,45,F,colon,IV,chemotherapy,2023-02-11,yes,19.31,468.90
3201,Synthetic_03201,20,M,prostate,II,radiotherapy,2021-07-20,no,11.08,867.65
3202,Synthetic_03202,57,M,lung,I,radiotherapy,2021-11-13,yes,15.78,863.29
3203,Synthetic_03203,74,M,breast,I,chemotherapy,2022-10-07,no,19.88,316.75
3204,Synthetic_03204,76,F,lung,I,radiotherapy,2022-09-24,yes,17.11,280.92
3205,Synthetic_03205,78,F,colon,III,surgery,2022-02-26,no,2.02,531.01
3206,Synthetic_03206,27,M,breast,I,radiotherapy,2022-08-17,yes,17.87,165.60
3207,Synthetic_03207,85,F,prostate,IV,radiotherapy,2025-09-19,yes,6.63,890.37
3208,Synthetic_03208,26,M,colon,IV,radiotherapy,2022-12-10,yes,8.15,35.72
3209,Synthetic_03209,80,F,colon,I,chemotherapy,2021-06-22,no,7.06,277.38
3210,Synthetic_03210,89,F,prostate,III,radiotherapy,2020-05-18,no,17.77,923.53
3211,Synthetic_03211,38,M,colon,IV,radiotherapy,2022-03-06,no,4.04,598.21
3212,Synthetic_03212,19,M,colon,IV,chemotherapy,2020-04-28,yes,10.92,830.86
3213,Synthetic_03213,76,F,prostate,I,chemotherapy,2025-12-22,yes,6.98,97.10
3214,Synthetic_03214,70,M,colon,III,radiotherapy,2021-12-15,no,7.08,117.70
3215,Synthetic_03215,23,F,breast,III,radiotherapy,2021-12-15,yes,4.41,244.53
3216,Synthetic_03216,58,F,breast,II,radiotherapy,2024-04-05,yes,8.09,470.74
3217,Synthetic_03217,46,F,lung,III,chemotherapy,2021-09-10,yes,7.05,651.76
3218,Synthetic_03218,18,M,lung,I,radiotherapy,2020-03-10,no,6.11,644.24
3219,Synthetic_03219,33,M,lung,IV,radiotherapy,2024-11-12,yes,4.90,346.35
3220,Synthetic_03220,26,M,colon,I,surgery,2022-01-18,yes,2.05,390.35
3221,Synthetic_03221,68,M,colon,IV,surgery,2021-08-24,yes,1.27,570.21
3222,Synthetic_03222,46,F,breast,I,surgery,2021-01-12,yes,19.15,881.41
3223,Synthetic_03223,39,F,breast,II,surgery,2023-11-27,yes,5.06,470.62
3224,Synthetic_03224,79,F,prostate,IV,chemotherapy,2022-07-24,yes,14.02,334.80
3225,Synthetic_03225,50,M,colon,IV,surgery,2023-08-17,no,19.34,616.29
3226,Synthetic_03226,33,M,colon,II,radiotherapy,2023-02-12,yes,12.82,734.19
3227,Synthetic_03227,57,M,colon,III,radiotherapy,2021-04-01,yes,10.27,46.68
3228,Synthetic_03228,42,M,lung,II,surgery,2024-08-08,no,6.95,318.51
3229,Synthetic_03229,73,M,lung,III,surgery,2021-12-11,yes,15.20,517.70
3230,Synthetic_03230,83,M,breast,IV,radiotherapy,2023-08-21,yes,14.36,94.36
3231,Synthetic_03231,43,F,prostate,III,surgery,2024-12-25,no,7.89,71.67
3232,Synthetic_03232,31,F,breast,II,surgery,2025-04-18,yes,15.05,210.53
3233,Synthetic_03233,40,M,prostate,II,radiotherapy,2025-04-22,yes,6.77,56.67
3234,Synthetic_03234,29,F,colon,II,radiotherapy,2024-09-16,yes,13.05,891.22
3235,Synthetic_03235,65,M,prostate,IV,chemotherapy,2020-02-01,yes,8.67,426.93
3236,Synthetic_03236,38,M,colon,IV,surgery,2024-06-11,yes,12.83,326.34
3237,Synthetic_03237,33,F,lung,II,chemotherapy,2022-02-13,yes,4.47,87.34
3238,Synthetic_03238,40,M,prostate,III,radiotherapy,2024-10-05,no,18.57,403.98
3239,Synthetic_03239,63,M,colon,III,chemotherapy,2021-03-02,yes,9.37,678.70
3240,Synthetic_03240,76,M,prostate,II,chemotherapy,2025-11-21,yes,11.85,841.67
3241,Synthetic_03241,38,F,prostate,IV,surgery,2024-01-04,no,9.46,468.88
3242,Synthetic_03242,39,F,breast,IV,surgery,2021-10-20,no,11.89,111.88
3243,Synthetic_03243,85,F,colon,I,radiotherapy,2020-10-13,no,13.09,533.01
3244,Synthetic_03244,62,M,colon,IV,radiotherapy,2024-02-16,no,17.36,180.77
3245,Synthetic_03245,75,F,colon,II,chemotherapy,2020-03-16,no,17.19,13.04
3246,Synthetic_03246,56,M,breast,II,chemotherapy,2025-07-12,no,17.19,255.11
3247,Synthetic_03247,42,F,prostate,IV,surgery,2024-10-28,yes,13.15,798.33
3248,Synthetic_03248,39,F,breast,IV,radiotherapy,2021-01-03,no,6.05,950.59
3249,Synthetic_03249,26,M,breast,II,chemotherapy,2025-03-12,yes,1.81,915.16
3250,Synthetic_03250,48,M,prostate,IV,radiotherapy,2021-10-18,yes,10.93,157.64
3251,Synthetic_03251,21,F,prostate,III,surgery,2023-12-25,no,11.36,294.50
3252,Synthetic_03252,69,M,breast,III,surgery,2024-05-01,yes,10.22,927.35
3253,Synthetic_03253,64,M,lung,I,radiotherapy,2025-05-26,no,4.11,506.24
3254,Synthetic_03254,33,M,colon,II,radiotherapy,2023-09-26,no,1.81,854.94
3255,Synthetic_03255,58,F,breast,I,radiotherapy,2021-03-12,no,8.92,100.87
3256,Synthetic_03256,90,F,prostate,II,surgery,2022-08-18,yes,8.86,179.75
3257,Synthetic_03257,86,M,lung,II,radiotherapy,2021-10-09,no,5.76,236.03
3258,Synthetic_03258,51,F,breast,IV,radiotherapy,2021-10-13,yes,8.25,549.89
3259,Synthetic_03259,60,F,breast,I,chemotherapy,2024-10-27,yes,14.58,95.17
3260,Synthetic_03260,49,F,prostate,I,radiotherapy,2020-08-07,yes,3.82,616.34
3261,Synthetic_03261,50,F,lung,I,radiotherapy,2025-11-18,yes,3.10,734.92
3262,Synthetic_03262,43,F,breast,IV,surgery,2025-07-19,no,6.47,680.83
3263,Synthetic_03263,86,F,colon,I,surgery,2021-10-17,yes,3.28,917.02
3264,Synthetic_03264,38,M,colon,I,radiotherapy,2020-08-10,no,18.12,779.28
3265,Synthetic_03265,34,M,colon,III,surgery,2023-12-24,yes,15.34,726.85
3266,Synthetic_03266,42,M,lung,I,chemotherapy,2020-08-17,yes,3.62,25.43
3267,Synthetic_03267,49,F,lung,III,chemotherapy,2021-08-10,yes,3.43,297.09
3268,Synthetic_03268,79,F,colon,II,surgery,2025-04-02,no,5.09,126.74
3269,Synthetic_03269,60,F,breast,II,radiotherapy,2025-12-09,no,9.78,7.00
3270,Synthetic_03270,89,F,breast,II,surgery,2021-08-23,no,4.38,366.06
3271,Synthetic_03271,33,M,lung,I,chemotherapy,2023-02-21,yes,3.24,841.32
3272,Synthetic_03272,65,F,breast,IV,chemotherapy,2020-06-22,no,13.58,967.90
3273,Synthetic_03273,43,F,lung,IV,chemotherapy,2021-04-25,yes,2.20,166.54
3274,Synthetic_03274,18,F,prostate,I,radiotherapy,2021-08-19,no,10.68,335.92
3275,Synthetic_03275,83,F,colon,III,radiotherapy,2025-01-18,no,7.04,855.65
3276,Synthetic_03276,39,F,lung,II,chemotherapy,2021-08-07,no,8.16,75.03
3277,Synthetic_03277,25,F,lung,IV,radiotherapy,2024-09-23,no,1.08,263.33
3278,Synthetic_03278,50,M,colon,IV,surgery,2021-01-28,no,14.69,555.70
3279,Synthetic_03279,74,F,prostate,I,chemotherapy,2021-10-06,yes,11.26,840.41
3280,Synthetic_03280,51,F,colon,III,surgery,2025-03-07,yes,12.60,831.60
3281,Synthetic_03281,60,M,colon,I,chemotherapy,2020-09-15,no,14.84,600.24
3282,Synthetic_03282,55,M,breast,II,radiotherapy,2021-01-08,yes,15.05,510.21
3283,Synthetic_03283,56,F,lung,I,chemotherapy,2020-04-02,no,1.04,576.55
3284,Synthetic_03284,50,F,prostate,IV,chemotherapy,2021-03-16,no,3.82,802.67
3285,Synthetic_03285,51,M,breast,III,chemotherapy,2020-10-25,no,6.83,574.24
3286,Synthetic_03286,80,M,lung,II,surgery,2021-12-14,no,10.59,648.36
3287,Synthetic_03287,64,F,lung,IV,surgery,2020-02-05,yes,1.29,377.31
3288,Synthetic_03288,77,M,colon,III,radiotherapy,2023-09-19,no,13.88,759.95
3289,Synthetic_03289,34,M,breast,II,radiotherapy,2024-12-28,yes,9.63,400.48
3290,Synthetic_03290,21,M,prostate,I,chemotherapy,2020-10-24,no,18.32,579.64
3291,Synthetic_03291,37,F,colon,II,chemotherapy,2024-09-16,yes,15.83,11.31
3292,Synthetic_03292,20,M,colon,III,surgery,2025-05-17,yes,16.21,997.69
3293,Synthetic_03293,36,M,colon,III,chemotherapy,2024-01-26,no,16.11,924.65
3294,Synthetic_03294,81,F,prostate,III,chemotherapy,2024-06-02,yes,11.35,953.36
3295,Synthetic_03295,81,M,breast,III,chemotherapy,2025-12-09,yes,1.33,984.91
3296,Synthetic_03296,40,M,breast,I,radiotherapy,2024-02-17,yes,5.50,495.73
3297,Synthetic_03297,73,M,lung,IV,chemotherapy,2023-03-15,yes,15.06,258.53
3298,Synthetic_03298,32,F,prostate,II,chemotherapy,2023-02-27,no,12.72,708.86
3299,Synthetic_03299,54,M,prostate,II,radiotherapy,2021-07-23,yes,16.28,531.86
3300,Synthetic_03300,27,F,breast,I,surgery,2023-12-20,no,19.97,683.93
3301,Synthetic_03301,23,F,breast,II,radiotherapy,2023-11-22,yes,7.49,827.08
3302,Synthetic_03302,76,M,prostate,I,surgery,2025-12-13,yes,7.25,182.73
3303,Synthetic_03303,83,M,breast,III,radiotherapy,2025-07-13,no,3.14,118.96
3304,Synthetic_03304,32,F,lung,I,surgery,2023-02-08,yes,10.73,96.64
3305,Synthetic_03305,80,M,prostate,I,surgery,2024-01-04,no,16.92,137.45
3306,Synthetic_03306,65,F,prostate,III,chemotherapy,2025-05-02,no,8.67,224.48
3307,Synthetic_03307,35,M,lung,II,radiotherapy,2020-08-26,yes,9.16,271.48
3308,Synthetic_03308,55,M,colon,IV,surgery,2022-09-08,no,17.03,330.14
3309,Synthetic_03309,19,M,lung,IV,chemotherapy,2020-08-24,yes,6.01,273.75
3310,Synthetic_03310,53,M,lung,I,chemotherapy,2022-01-03,no,11.93,293.81
3311,Synthetic_03311,45,M,breast,II,radiotherapy,2025-03-23,no,5.41,669.06
3312,Synthetic_03312,77,M,colon,III,surgery,2020-10-16,no,13.38,281.43
3313,Synthetic_03313,25,M,lung,I,radiotherapy,2025-09-23,no,18.00,230.02
3314,Synthetic_03314,89,M,prostate,I,radiotherapy,2021-05-15,no,19.02,91.81
3315,Synthetic_03315,82,M,prostate,III,surgery,2021-09-08,no,16.83,827.80
3316,Synthetic_03316,80,M,colon,IV,surgery,2025-05-02,yes,2.40,219.22
3317,Synthetic_03317,86,M,prostate,I,chemotherapy,2021-10-17,yes,1.73,371.98
3318,Synthetic_03318,30,F,colon,III,surgery,2025-03-15,yes,7.68,772.19
3319,Synthetic_03319,28,F,breast,II,chemotherapy,2023-04-08,no,16.83,559.14
3320,Synthetic_03320,50,M,lung,I,radiotherapy,2024-01-08,yes,1.22,247.47
3321,Synthetic_03321,34,M,prostate,I,surgery,2021-06-09,yes,14.88,488.31
3322,Synthetic_03322,65,M,breast,III,surgery,2021-03-14,no,5.25,553.11
3323,Synthetic_03323,79,M,breast,III,surgery,2025-10-08,yes,10.01,231.01
3324,Synthetic_03324,71,F,lung,IV,radiotherapy,2021-03-11,no,9.20,330.89
3325,Synthetic_03325,26,F,breast,II,chemotherapy,2024-10-07,yes,4.10,157.07
3326,Synthetic_03326,24,F,breast,III,radiotherapy,2022-02-13,yes,12.26,203.01
3327,Synthetic_03327,27,F,prostate,II,chemotherapy,2022-02-03,no,10.87,473.69
3328,Synthetic_03328,56,F,colon,II,chemotherapy,2021-06-17,yes,18.64,987.21
3329,Synthetic_03329,19,M,breast,III,radiotherapy,2020-03-02,no,9.00,331.78
3330,Synthetic_03330,64,F,colon,I,chemotherapy,2025-10-16,yes,12.20,416.66
3331,Synthetic_03331,89,M,colon,III,surgery,2024-02-01,yes,11.93,251.15
3332,Synthetic_03332,58,F,breast,III,chemotherapy,2021-10-27,no,19.87,984.05
3333,Synthetic_03333,18,F,breast,IV,chemotherapy,2024-06-13,no,2.66,681.91
3334,Synthetic_03334,38,M,lung,III,chemotherapy,2021-03-27,yes,12.27,521.02
3335,Synthetic_03335,66,F,colon,I,chemotherapy,2022-11-15,no,10.28,997.06
3336,Synthetic_03336,67,M,breast,I,surgery,2023-03-01,yes,11.41,818.03
3337,Synthetic_03337,25,F,breast,I,chemotherapy,2024-09-04,yes,9.12,273.33
3338,Synthetic_03338,35,M,prostate,II,radiotherapy,2020-09-14,yes,19.05,503.71
3339,Synthetic_03339,41,M,breast,I,surgery,2024-07-11,yes,13.28,495.79
3340,Synthetic_03340,36,F,breast,III,radiotherapy,2023-02-20,no,11.86,654.78
3341,Synthetic_03341,66,M,colon,IV,chemotherapy,2024-11-07,no,5.00,144.89
3342,Synthetic_03342,47,F,breast,III,chemotherapy,2021-05-28,no,14.63,235.50
3343,Synthetic_03343,51,M,colon,II,radiotherapy,2024-12-04,no,15.47,223.13
3344,Synthetic_03344,78,F,colon,IV,chemotherapy,2024-03-02,yes,6.32,81.85
3345,Synthetic_03345,58,F,prostate,II,radiotherapy,2025-11-14,yes,11.92,408.17
3346,Synthetic_03346,76,M,breast,IV,radiotherapy,2023-10-14,no,5.30,436.21
3347,Synthetic_03347,83,F,colon,I,chemotherapy,2025-04-26,yes,4.76,108.95
3348,Synthetic_03348,86,M,colon,IV,surgery,2020-11-17,no,12.75,164.97
3349,Synthetic_03349,77,M,prostate,I,chemotherapy,2023-04-24,no,12.83,710.76
3350,Synthetic_03350,83,M,prostate,IV,radiotherapy,2021-01-18,yes,3.48,3.53
3351,Synthetic_03351,50,F,lung,III,chemotherapy,2022-09-01,yes,15.32,240.38
3352,Synthetic_03352,81,M,breast,II,chemotherapy,2023-06-26,no,11.87,668.52
3353,Synthetic_03353,62,M,lung,II,surgery,2024-11-16,no,19.37,878.80
3354,Synthetic_03354,34,F,breast,I,chemotherapy,2020-09-24,no,6.75,366.73
3355,Synthetic_03355,22,M,lung,III,radiotherapy,2022-06-22,yes,16.21,978.39
3356,Synthetic_03356,33,F,lung,II,radiotherapy,2022-06-07,yes,17.76,857.28
3357,Synthetic_03357,69,M,prostate,IV,surgery,2020-07-01,yes,17.40,4.92
3358,Synthetic_03358,67,M,prostate,I,surgery,2020-01-09,no,4.07,265.00
3359,Synthetic_03359,52,M,colon,IV,radiotherapy,2025-01-13,no,14.14,453.46
3360,Synthetic_03360,88,M,lung,I,radiotherapy,2020-01-23,yes,15.76,375.18
3361,Synthetic_03361,62,F,prostate,II,surgery,2021-11-22,no,12.82,590.88
3362,Synthetic_03362,52,M,colon,II,surgery,2020-09-23,yes,5.60,467.15
3363,Synthetic_03363,77,F,prostate,II,surgery,2025-02-14,yes,19.61,429.41
3364,Synthetic_03364,67,F,prostate,I,radiotherapy,2021-11-16,no,6.17,947.85
3365,Synthetic_03365,44,F,lung,IV,chemotherapy,2023-12-06,no,16.98,134.40
3366,Synthetic_03366,88,M,lung,II,chemotherapy,2022-06-20,yes,10.53,952.22
3367,Synthetic_03367,40,M,colon,II,chemotherapy,2025-08-09,yes,19.02,815.23
3368,Synthetic_03368,64,F,prostate,III,chemotherapy,2022-05-09,no,15.83,287.87
3369,Synthetic_03369,40,F,colon,I,chemotherapy,2022-07-01,yes,14.76,454.35
3370,Synthetic_03370,27,F,prostate,II,radiotherapy,2021-03-26,yes,6.24,51.79
3371,Synthetic_03371,25,F,lung,III,surgery,2024-08-14,no,12.19,786.63
3372,Synthetic_03372,44,F,lung,II,chemotherapy,2021-03-20,yes,8.44,317.17
3373,Synthetic_03373,48,F,colon,I,surgery,2024-10-02,no,9.64,273.37
3374,Synthetic_03374,53,M,lung,II,chemotherapy,2023-02-26,no,19.08,167.58
3375,Synthetic_03375,72,M,breast,I,chemotherapy,2023-09-16,no,10.55,534.46
3376,Synthetic_03376,47,M,lung,II,surgery,2020-04-17,yes,4.97,882.57
3377,Synthetic_03377,61,M,colon,II,radiotherapy,2021-01-14,yes,8.85,836.50
3378,Synthetic_03378,55,M,lung,II,radiotherapy,2020-02-01,yes,9.59,195.53
3379,Synthetic_03379,38,M,breast,III,chemotherapy,2025-03-24,no,8.27,509.52
3380,Synthetic_03380,38,F,prostate,II,chemotherapy,2025-09-08,no,14.17,132.07
3381,Synthetic_03381,90,F,prostate,II,chemotherapy,2023-06-26,no,16.22,150.62
3382,Synthetic_03382,54,F,lung,IV,radiotherapy,2024-10-15,no,19.21,503.78
3383,Synthetic_03383,55,F,lung,IV,surgery,2021-03-08,no,9.26,549.36
3384,Synthetic_03384,64,F,lung,IV,surgery,2024-05-08,yes,9.54,742.28
3385,Synthetic_03385,70,F,colon,IV,radiotherapy,2025-03-12,yes,3.89,269.40
3386,Synthetic_03386,53,F,prostate,II,radiotherapy,2022-06-09,yes,14.90,556.64
3387,Synthetic_03387,39,M,breast,I,radiotherapy,2020-09-03,yes,4.89,561.60
3388,Synthetic_03388,89,M,breast,I,surgery,2021-03-13,yes,9.60,417.69
3389,Synthetic_03389,43,M,colon,III,chemotherapy,2025-09-28,yes,1.09,186.31
3390,Synthetic_03390,86,F,prostate,IV,radiotherapy,2021-07-07,no,2.25,195.75
3391,Synthetic_03391,23,F,colon,I,radiotherapy,2020-03-12,no,2.94,697.33
3392,Synthetic_03392,24,M,colon,IV,surgery,2022-05-21,no,1.35,249.06
3393,Synthetic_03393,72,F,prostate,I,radiotherapy,2020-12-28,yes,6.38,6.45
3394,Synthetic_03394,20,M,colon,I,radiotherapy,2022-09-05,yes,10.58,456.95
3395,Synthetic_03395,79,F,lung,II,radiotherapy,2022-05-14,no,11.09,554.99
3396,Synthetic_03396,44,F,breast,II,radiotherapy,2023-05-24,yes,18.07,415.06
3397,Synthetic_03397,28,M,lung,III,radiotherapy,2024-05-03,yes,19.54,340.48
3398,Synthetic_03398,41,M,lung,II,chemotherapy,2025-10-02,yes,4.02,715.84
3399,Synthetic_03399,27,M,prostate,I,surgery,2020-05-09,yes,19.46,35.25
3400,Synthetic_03400,21,M,prostate,I,surgery,2020-09-06,no,11.00,278.15
3401,Synthetic_03401,47,F,prostate,III,surgery,2023-11-14,no,14.57,129.25
3402,Synthetic_03402,51,F,breast,III,radiotherapy,2022-11-05,yes,2.28,454.02
3403,Synthetic_03403,79,M,colon,I,surgery,2020-05-05,no,18.70,594.48
3404,Synthetic_03404,37,M,lung,III,chemotherapy,2024-02-18,no,14.69,346.33
3405,Synthetic_03405,19,F,prostate,III,radiotherapy,2021-03-06,no,4.05,398.40
3406,Synthetic_03406,24,F,breast,III,surgery,2024-11-24,yes,18.12,341.32
3407,Synthetic_03407,21,M,prostate,IV,surgery,2020-03-20,yes,12.50,253.19
3408,Synthetic_03408,23,F,lung,III,surgery,2024-11-05,yes,5.22,113.93
3409,Synthetic_03409,63,F,breast,IV,chemotherapy,2024-09-06,no,12.24,886.18
3410,Synthetic_03410,77,M,colon,II,surgery,2021-10-19,yes,11.60,884.61
3411,Synthetic_03411,42,M,prostate,III,chemotherapy,2020-10-03,yes,9.93,11.90
3412,Synthetic_03412,35,M,lung,II,radiotherapy,2023-10-18,no,11.51,264.37
3413,Synthetic_03413,60,M,breast,I,chemotherapy,2025-04-03,yes,14.37,97.11
3414,Synthetic_03414,87,M,prostate,I,radiotherapy,2023-10-18,yes,5.21,875.32
3415,Synthetic_03415,79,M,prostate,IV,radiotherapy,2024-02-11,yes,9.59,176.90
3416,Synthetic_03416,86,F,colon,I,surgery,2023-02-11,yes,4.16,377.59
3417,Synthetic_03417,57,M,breast,IV,radiotherapy,2020-02-23,yes,18.04,681.39
3418,Synthetic_03418,64,F,colon,I,surgery,2023-04-08,no,2.02,597.48
3419,Synthetic_03419,55,F,breast,I,chemotherapy,2023-05-25,no,5.79,184.87
3420,Synthetic_03420,49,F,lung,IV,radiotherapy,2023-08-01,no,7.26,421.56
3421,Synthetic_03421,76,M,prostate,III,surgery,2021-04-11,no,8.70,64.98
3422,Synthetic_03422,76,M,colon,I,radiotherapy,2021-01-07,no,7.71,168.47
3423,Synthetic_03423,32,M,colon,I,radiotherapy,2020-09-02,yes,17.67,457.19
3424,Synthetic_03424,39,F,colon,II,radiotherapy,2024-05-22,yes,15.59,809.97
3425,Synthetic_03425,82,M,breast,I,radiotherapy,2024-09-13,no,15.92,697.65
3426,Synthetic_03426,23,F,breast,II,radiotherapy,2023-04-28,no,19.54,753.60
3427,Synthetic_03427,74,F,lung,III,chemotherapy,2025-11-17,yes,11.55,410.96
3428,Synthetic_03428,26,F,breast,II,surgery,2021-10-23,no,10.69,359.76
3429,Synthetic_03429,43,M,lung,II,surgery,2022-09-27,yes,3.92,965.23
3430,Synthetic_03430,76,F,colon,IV,chemotherapy,2025-11-26,yes,8.57,182.66
3431,Synthetic_03431,24,M,colon,III,radiotherapy,2022-02-03,no,11.14,109.67
3432,Synthetic_03432,18,M,breast,IV,chemotherapy,2024-04-13,yes,10.15,918.34
3433,Synthetic_03433,52,F,colon,III,radiotherapy,2022-03-26,yes,12.42,32.74
3434,Synthetic_03434,44,F,prostate,III,radiotherapy,2022-11-06,yes,1.89,366.68
3435,Synthetic_03435,46,M,lung,III,radiotherapy,2024-03-07,yes,18.64,742.45
3436,Synthetic_03436,89,F,lung,IV,radiotherapy,2022-12-10,no,9.89,876.85
3437,Synthetic_03437,56,M,breast,III,radiotherapy,2023-06-14,no,14.21,749.63
3438,Synthetic_03438,25,F,breast,II,surgery,2024-09-06,yes,19.14,865.38
3439,Synthetic_03439,77,F,breast,IV,chemotherapy,2021-01-28,yes,1.79,739.39
3440,Synthetic_03440,73,F,lung,IV,surgery,2023-04-05,yes,13.57,953.57
3441,Synthetic_03441,64,F,prostate,IV,chemotherapy,2025-03-25,yes,6.34,27.09
3442,Synthetic_03442,78,F,lung,II,chemotherapy,2020-12-20,yes,15.53,330.38
3443,Synthetic_03443,63,F,prostate,I,radiotherapy,2021-04-28,yes,19.20,820.82
3444,Synthetic_03444,57,F,breast,IV,chemotherapy,2022-12-28,no,9.09,750.95
3445,Synthetic_03445,55,F,lung,II,radiotherapy,2020-06-21,yes,6.57,290.64
3446,Synthetic_03446,46,F,colon,IV,radiotherapy,2024-02-02,yes,12.54,739.63
3447,Synthetic_03447,22,M,breast,III,radiotherapy,2022-03-14,no,8.83,805.06
3448,Synthetic_03448,63,M,breast,II,surgery,2023-02-15,no,11.32,472.92
3449,Synthetic_03449,62,M,prostate,I,chemotherapy,2021-07-06,yes,1.99,718.12
3450,Synthetic_03450,35,M,prostate,III,surgery,2022-10-14,yes,11.17,145.93
3451,Synthetic_03451,35,M,prostate,III,chemotherapy,2022-01-21,yes,4.80,619.33
3452,Synthetic_03452,45,M,prostate,IV,radiotherapy,2022-11-07,no,17.14,264.94
3453,Synthetic_03453,46,F,prostate,II,radiotherapy,2024-08-24,no,9.59,436.76
3454,Synthetic_03454,19,F,prostate,IV,surgery,2024-01-07,no,17.01,35.05
3455,Synthetic_03455,49,M,breast,I,radiotherapy,2023-03-15,yes,5.28,343.56
3456,Synthetic_03456,77,F,prostate,IV,surgery,2020-06-10,yes,5.83,595.94
3457,Synthetic_03457,28,F,colon,II,radiotherapy,2021-06-10,yes,12.86,62.62
3458,Synthetic_03458,56,F,breast,IV,chemotherapy,2024-07-01,yes,1.44,117.52
3459,Synthetic_03459,42,M,colon,III,radiotherapy,2021-05-09,yes,10.37,83.99
3460,Synthetic_03460,20,M,colon,II,surgery,2023-03-18,yes,14.86,491.06
3461,Synthetic_03461,77,F,prostate,II,chemotherapy,2023-09-23,no,2.17,202.48
3462,Synthetic_03462,24,F,colon,II,surgery,2020-12-15,no,6.57,697.01
3463,Synthetic_03463,45,M,lung,II,surgery,2022-12-20,no,10.50,558.51
3464,Synthetic_03464,79,F,breast,III,surgery,2023-02-27,no,12.73,519.01
3465,Synthetic_03465,70,M,colon,III,chemotherapy,2022-12-06,no,5.18,805.16
3466,Synthetic_03466,90,M,colon,I,surgery,2024-07-26,no,12.77,301.80
3467,Synthetic_03467,23,F,colon,III,radiotherapy,2023-11-05,no,4.44,545.35
3468,Synthetic_03468,85,F,prostate,I,radiotherapy,2022-12-04,yes,10.32,150.64
3469,Synthetic_03469,32,F,colon,II,surgery,2020-10-06,no,1.89,942.59
3470,Synthetic_03470,42,F,prostate,IV,chemotherapy,2023-11-20,no,18.57,410.01
3471,Synthetic_03471,57,F,breast,I,radiotherapy,2023-12-03,yes,7.01,771.67
3472,Synthetic_03472,85,F,lung,III,radiotherapy,2020-06-27,yes,9.70,230.00
3473,Synthetic_03473,81,F,colon,I,radiotherapy,2020-03-08,yes,10.18,239.80
3474,Synthetic_03474,43,M,colon,IV,radiotherapy,2020-12-28,yes,18.65,717.71
3475,Synthetic_03475,86,F,prostate,IV,surgery,2021-04-27,yes,1.54,545.28
3476,Synthetic_03476,58,M,breast,IV,radiotherapy,2022-06-09,yes,5.39,171.20
3477,Synthetic_03477,64,M,breast,IV,chemotherapy,2021-05-20,no,19.57,438.36
3478,Synthetic_03478,39,M,colon,I,radiotherapy,2020-04-02,no,10.88,331.05
3479,Synthetic_03479,43,M,lung,II,radiotherapy,2022-10-10,no,6.90,558.08
3480,Synthetic_03480,19,M,lung,II,chemotherapy,2024-12-07,yes,3.82,469.89
3481,Synthetic_03481,71,M,breast,IV,radiotherapy,2021-11-17,no,8.17,879.19
3482,Synthetic_03482,76,M,prostate,III,surgery,2020-12-18,yes,3.01,173.26
3483,Synthetic_03483,60,F,prostate,I,chemotherapy,2020-07-22,no,18.50,669.82
3484,Synthetic_03484,51,M,colon,IV,surgery,2023-02-09,no,9.30,397.74
3485,Synthetic_03485,89,F,prostate,I,surgery,2021-02-24,no,12.41,707.80
3486,Synthetic_03486,51,M,breast,I,radiotherapy,2023-01-16,yes,14.11,742.54
3487,Synthetic_03487,27,F,prostate,I,chemotherapy,2024-12-20,yes,3.71,820.22
3488,Synthetic_03488,24,M,lung,III,chemotherapy,2022-11-13,yes,13.69,442.59
3489,Synthetic_03489,68,F,prostate,I,chemotherapy,2020-04-24,no,11.58,866.47
3490,Synthetic_03490,18,F,colon,II,chemotherapy,2023-03-03,yes,14.08,80.01
3491,Synthetic_03491,40,F,breast,IV,surgery,2022-02-01,yes,18.30,864.96
3492,Synthetic_03492,28,M,lung,I,radiotherapy,2025-07-14,yes,18.02,649.97
3493,Synthetic_03493,22,F,breast,IV,chemotherapy,2025-10-17,yes,16.66,891.17
3494,Synthetic_03494,33,M,colon,I,radiotherapy,2021-02-23,yes,5.66,635.65
3495,Synthetic_03495,73,F,lung,IV,chemotherapy,2021-08-20,no,5.50,365.79
3496,Synthetic_03496,82,M,colon,II,chemotherapy,2024-05-12,yes,1.78,647.59
3497,Synthetic_03497,73,F,lung,I,chemotherapy,2023-06-02,no,19.55,95.39
3498,Synthetic_03498,50,M,prostate,IV,surgery,2021-06-27,yes,11.17,641.91
3499,Synthetic_03499,21,F,prostate,III,chemotherapy,2021-02-01,yes,18.58,443.38
3500,Synthetic_03500,20,F,colon,IV,surgery,2023-08-08,no,8.43,819.70
3501,Synthetic_03501,53,F,prostate,I,radiotherapy,2025-09-08,yes,9.72,550.25
3502,Synthetic_03502,47,M,breast,IV,surgery,2023-03-07,no,6.22,879.43
3503,Synthetic_03503,27,F,breast,II,radiotherapy,2020-11-10,no,8.82,314.45
3504,Synthetic_03504,42,M,colon,II,radiotherapy,2024-01-21,no,5.25,868.59
3505,Synthetic_03505,27,M,lung,IV,chemotherapy,2022-05-23,yes,4.83,901.33
3506,Synthetic_03506,77,M,lung,III,chemotherapy,2020-07-14,no,14.35,471.53
3507,Synthetic_03507,83,F,lung,IV,surgery,2025-02-04,no,2.10,37.10
3508,Synthetic_03508,26,M,lung,III,surgery,2023-05-06,yes,11.38,698.09
3509,Synthetic_03509,38,F,lung,III,surgery,2023-12-11,no,11.64,350.36
3510,Synthetic_03510,73,F,prostate,IV,radiotherapy,2022-04-10,yes,19.75,476.50
3511,Synthetic_03511,55,M,breast,II,radiotherapy,2021-04-02,yes,11.34,454.51
3512,Synthetic_03512,28,F,colon,III,surgery,2021-01-16,yes,19.60,647.20
3513,Synthetic_03513,90,F,lung,I,surgery,2020-03-02,yes,6.87,214.24
3514,Synthetic_03514,18,M,prostate,IV,chemotherapy,2023-12-12,no,18.47,904.25
3515,Synthetic_03515,22,M,colon,III,surgery,2020-10-09,no,1.80,353.71
3516,Synthetic_03516,82,M,prostate,I,radiotherapy,2021-07-25,no,14.69,432.76
3517,Synthetic_03517,26,F,breast,II,radiotherapy,2023-07-09,yes,9.96,373.91
3518,Synthetic_03518,24,F,prostate,III,surgery,2021-10-06,no,13.26,774.17
3519,Synthetic_03519,24,M,colon,II,surgery,2022-10-09,no,3.49,149.70
3520,Synthetic_03520,47,M,prostate,II,surgery,2023-06-09,yes,12.83,157.33
3521,Synthetic_03521,23,M,prostate,I,radiotherapy,2025-09-27,no,18.50,113.87
3522,Synthetic_03522,42,F,prostate,I,radiotherapy,2021-09-05,yes,2.31,346.61
3523,Synthetic_03523,65,F,breast,III,radiotherapy,2020-03-13,yes,12.79,492.35
3524,Synthetic_03524,54,M,colon,III,surgery,2025-10-02,no,10.97,222.96
3525,Synthetic_03525,41,M,colon,II,radiotherapy,2024-09-23,no,15.11,515.47
3526,Synthetic_03526,72,F,colon,III,chemotherapy,2020-02-16,no,7.48,229.11
3527,Synthetic_03527,67,F,colon,III,surgery,2021-07-09,yes,16.54,564.00
3528,Synthetic_03528,85,F,lung,III,radiotherapy,2020-03-15,yes,9.62,436.97
3529,Synthetic_03529,40,M,colon,III,chemotherapy,2025-07-24,no,14.15,38.51
3530,Synthetic_03530,82,M,prostate,I,surgery,2024-09-11,yes,14.20,705.02
3531,Synthetic_03531,51,F,colon,IV,surgery,2024-10-21,no,17.04,157.41
3532,Synthetic_03532,34,M,breast,II,radiotherapy,2024-10-12,yes,4.27,730.74
3533,Synthetic_03533,82,F,breast,III,radiotherapy,2020-02-10,yes,8.34,329.90
3534,Synthetic_03534,59,M,colon,II,surgery,2025-04-08,no,19.46,588.80
3535,Synthetic_03535,19,M,breast,IV,chemotherapy,2020-11-04,yes,8.32,451.23
3536,Synthetic_03536,25,M,colon,I,surgery,2025-06-06,no,17.44,694.55
3537,Synthetic_03537,77,M,prostate,I,chemotherapy,2021-04-09,yes,18.79,61.00
3538,Synthetic_03538,43,F,prostate,IV,chemotherapy,2023-01-26,no,12.29,694.12
3539,Synthetic_03539,89,M,prostate,II,radiotherapy,2025-03-05,no,15.17,182.64
3540,Synthetic_03540,52,F,lung,II,surgery,2022-05-19,yes,7.81,347.57
3541,Synthetic_03541,41,M,breast,III,chemotherapy,2020-08-15,yes,8.58,53.27
3542,Synthetic_03542,30,M,colon,I,chemotherapy,2023-09-28,no,12.70,774.52
3543,Synthetic_03543,39,F,lung,IV,radiotherapy,2025-07-10,yes,6.89,170.85
3544,Synthetic_03544,74,M,prostate,II,chemotherapy,2020-05-16,yes,16.07,940.82
3545,Synthetic_03545,89,F,lung,I,chemotherapy,2021-10-21,yes,5.10,602.88
3546,Synthetic_03546,47,F,lung,II,radiotherapy,2021-08-26,no,19.37,470.63
3547,Synthetic_03547,87,F,breast,I,surgery,2021-06-22,yes,1.50,492.70
3548,Synthetic_03548,59,M,prostate,IV,surgery,2020-12-13,no,19.25,583.27
3549,Synthetic_03549,39,F,breast,IV,radiotherapy,2020-01-26,no,15.03,888.84
3550,Synthetic_03550,55,M,breast,I,radiotherapy,2020-01-06,yes,16.83,590.37
3551,Synthetic_03551,74,M,prostate,IV,radiotherapy,2025-10-17,no,9.36,363.68
3552,Synthetic_03552,22,M,breast,II,chemotherapy,2025-06-19,yes,13.08,387.25
3553,Synthetic_03553,23,F,breast,I,radiotherapy,2022-09-06,no,4.86,426.29
3554,Synthetic_03554,50,M,prostate,IV,chemotherapy,2022-01-24,no,13.32,961.64
3555,Synthetic_03555,90,F,breast,I,chemotherapy,2022-08-10,yes,17.38,35.99
3556,Synthetic_03556,33,F,colon,IV,surgery,2024-09-03,no,15.11,270.33
3557,Synthetic_03557,35,F,breast,IV,radiotherapy,2021-01-06,no,1.26,12.69
3558,Synthetic_03558,80,F,colon,I,surgery,2020-05-17,yes,6.58,980.23
3559,Synthetic_03559,46,M,colon,II,radiotherapy,2020-04-17,no,17.12,234.83
3560,Synthetic_03560,21,M,breast,II,chemotherapy,2025-04-06,no,15.66,248.75
3561,Synthetic_03561,25,F,breast,IV,chemotherapy,2021-01-11,no,10.48,351.07
3562,Synthetic_03562,26,F,colon,II,chemotherapy,2021-09-18,no,13.65,132.96
3563,Synthetic_03563,77,M,colon,II,radiotherapy,2020-06-23,yes,13.65,601.33
3564,Synthetic_03564,54,M,prostate,II,surgery,2024-07-28,no,18.55,880.15
3565,Synthetic_03565,63,F,prostate,I,radiotherapy,2023-03-11,yes,8.71,360.16
3566,Synthetic_03566,87,F,colon,IV,chemotherapy,2021-02-26,yes,9.07,593.40
3567,Synthetic_03567,24,F,lung,II,radiotherapy,2022-04-16,no,18.17,230.55
3568,Synthetic_03568,71,M,prostate,II,surgery,2022-06-25,no,1.21,851.79
3569,Synthetic_03569,53,F,breast,I,surgery,2024-09-26,no,10.52,907.95
3570,Synthetic_03570,43,F,breast,I,radiotherapy,2020-05-20,yes,6.02,85.93
3571,Synthetic_03571,58,F,colon,III,radiotherapy,2021-03-17,yes,14.55,693.38
3572,Synthetic_03572,58,M,colon,II,chemotherapy,2020-08-20,yes,15.90,652.55
3573,Synthetic_03573,78,F,prostate,III,radiotherapy,2020-06-10,yes,4.53,491.78
3574,Synthetic_03574,42,F,colon,I,chemotherapy,2022-03-24,yes,4.76,184.47
3575,Synthetic_03575,46,F,breast,II,chemotherapy,2024-02-04,no,7.98,412.56
3576,Synthetic_03576,80,M,colon,IV,surgery,2021-09-07,no,7.79,800.12
3577,Synthetic_03577,32,M,prostate,IV,radiotherapy,2025-02-26,no,2.33,401.72
3578,Synthetic_03578,72,F,colon,II,chemotherapy,2021-12-21,yes,19.93,206.24
3579,Synthetic_03579,66,F,prostate,I,chemotherapy,2022-07-21,no,15.43,663.84
3580,Synthetic_03580,55,F,colon,I,radiotherapy,2024-06-08,yes,10.55,817.67
3581,Synthetic_03581,62,F,breast,I,radiotherapy,2024-08-14,yes,5.52,550.51
3582,Synthetic_03582,59,M,colon,IV,chemotherapy,2021-03-17,yes,17.13,946.57
3583,Synthetic_03583,32,M,prostate,II,surgery,2022-01-14,no,12.53,60.40
3584,Synthetic_03584,88,M,colon,IV,chemotherapy,2022-04-01,no,8.41,743.41
3585,Synthetic_03585,38,F,prostate,IV,radiotherapy,2022-06-22,yes,3.57,838.17
3586,Synthetic_03586,20,M,prostate,II,radiotherapy,2021-10-26,no,11.13,498.27
3587,Synthetic_03587,73,M,colon,II,chemotherapy,2023-05-27,no,18.79,757.19
3588,Synthetic_03588,42,F,breast,IV,chemotherapy,2022-05-04,no,17.50,659.89
3589,Synthetic_03589,48,F,lung,II,radiotherapy,2020-05-19,yes,17.61,85.18
3590,Synthetic_03590,66,F,breast,I,radiotherapy,2021-11-06,no,15.61,954.46
3591,Synthetic_03591,36,M,breast,II,radiotherapy,2021-04-17,no,15.70,651.50
3592,Synthetic_03592,57,M,breast,IV,surgery,2022-10-28,yes,8.16,528.38
3593,Synthetic_03593,18,F,prostate,I,chemotherapy,2023-04-07,no,13.27,220.40
3594,Synthetic_03594,86,M,colon,III,surgery,2024-09-10,yes,9.27,190.02
3595,Synthetic_03595,52,M,prostate,II,surgery,2024-06-26,yes,10.93,968.91
3596,Synthetic_03596,87,M,colon,III,radiotherapy,2023-03-20,no,4.82,435.51
3597,Synthetic_03597,82,F,breast,II,surgery,2021-08-04,no,2.15,828.29
3598,Synthetic_03598,86,F,prostate,I,radiotherapy,2025-11-13,yes,5.90,854.98
3599,Synthetic_03599,34,F,colon,I,chemotherapy,2021-02-12,yes,3.00,754.00
3600,Synthetic_03600,33,M,prostate,II,surgery,2022-07-07,yes,11.37,432.72
3601,Synthetic_03601,68,F,breast,II,radiotherapy,2024-11-13,no,7.07,572.47
3602,Synthetic_03602,50,M,breast,III,chemotherapy,2024-04-26,yes,5.85,543.40
3603,Synthetic_03603,73,F,prostate,II,surgery,2023-04-11,yes,18.23,621.18
3604,Synthetic_03604,20,F,lung,I,surgery,2022-05-17,yes,14.08,501.65
3605,Synthetic_03605,87,F,lung,III,surgery,2023-04-22,no,15.56,623.70
3606,Synthetic_03606,85,F,prostate,I,surgery,2020-03-24,no,17.12,75.68
3607,Synthetic_03607,23,F,breast,II,chemotherapy,2025-01-28,no,13.54,187.01
3608,Synthetic_03608,24,F,lung,III,chemotherapy,2021-10-16,no,3.19,522.84
3609,Synthetic_03609,59,F,breast,I,surgery,2020-12-28,no,15.48,411.94
3610,Synthetic_03610,64,M,prostate,IV,surgery,2023-12-24,yes,16.81,442.63
3611,Synthetic_03611,57,M,colon,III,chemotherapy,2020-01-03,no,7.96,717.02
3612,Synthetic_03612,47,F,breast,I,surgery,2023-02-02,no,16.30,566.73
3613,Synthetic_03613,41,F,colon,III,radiotherapy,2022-02-06,no,6.85,80.29
3614,Synthetic_03614,82,M,prostate,IV,chemotherapy,2022-05-16,no,6.86,390.48
3615,Synthetic_03615,37,F,colon,IV,surgery,2025-04-01,no,9.74,455.93
3616,Synthetic_03616,36,M,prostate,II,surgery,2023-06-26,no,17.33,845.78
3617,Synthetic_03617,85,F,lung,III,radiotherapy,2022-04-24,yes,9.96,786.25
3618,Synthetic_03618,59,M,breast,IV,surgery,2024-01-13,no,2.26,258.57
3619,Synthetic_03619,34,F,breast,IV,chemotherapy,2021-01-28,no,12.43,675.48
3620,Synthetic_03620,90,F,prostate,III,chemotherapy,2024-08-14,yes,6.79,366.00
3621,Synthetic_03621,57,M,colon,III,chemotherapy,2021-11-05,no,1.58,309.24
3622,Synthetic_03622,25,F,colon,IV,surgery,2020-03-21,yes,2.72,980.08
3623,Synthetic_03623,50,M,breast,IV,surgery,2025-03-05,yes,8.34,857.27
3624,Synthetic_03624,45,M,colon,IV,radiotherapy,2024-02-10,yes,1.77,528.56
3625,Synthetic_03625,82,F,breast,I,radiotherapy,2023-06-02,yes,1.24,930.23
3626,Synthetic_03626,73,M,lung,I,radiotherapy,2024-05-26,yes,14.46,663.99
3627,Synthetic_03627,37,M,lung,III,chemotherapy,2022-08-03,yes,5.40,371.94
3628,Synthetic_03628,67,M,breast,III,surgery,2020-07-09,yes,19.33,559.43
3629,Synthetic_03629,87,F,prostate,II,surgery,2024-03-03,no,10.99,732.93
3630,Synthetic_03630,61,F,colon,II,chemotherapy,2021-08-07,yes,8.92,319.70
3631,Synthetic_03631,56,M,colon,II,radiotherapy,2024-11-27,yes,6.13,124.48
3632,Synthetic_03632,19,F,colon,IV,surgery,2023-01-28,yes,2.82,509.16
3633,Synthetic_03633,32,M,colon,III,surgery,2022-03-27,yes,17.32,107.92
3634,Synthetic_03634,62,F,colon,IV,chemotherapy,2020-12-07,yes,2.09,758.82
3635,Synthetic_03635,84,F,breast,I,chemotherapy,2021-04-22,no,12.10,733.33
3636,Synthetic_03636,82,M,lung,IV,surgery,2025-06-13,yes,1.55,763.91
3637,Synthetic_03637,38,M,prostate,III,radiotherapy,2021-05-21,no,10.55,455.81
3638,Synthetic_03638,67,F,colon,I,chemotherapy,2025-08-09,no,11.29,855.58
3639,Synthetic_03639,67,F,prostate,II,radiotherapy,2022-05-22,yes,17.98,755.12
3640,Synthetic_03640,36,F,prostate,II,radiotherapy,2022-12-26,yes,5.17,554.09
3641,Synthetic_03641,77,F,breast,IV,radiotherapy,2021-09-22,no,2.37,351.18
3642,Synthetic_03642,24,F,lung,III,surgery,2020-05-21,no,8.20,473.46
3643,Synthetic_03643,29,F,lung,IV,chemotherapy,2021-09-21,yes,17.50,100.77
3644,Synthetic_03644,47,F,breast,III,chemotherapy,2022-02-14,yes,4.83,466.02
3645,Synthetic_03645,33,F,breast,IV,radiotherapy,2020-05-24,no,8.51,811.12
3646,Synthetic_03646,72,M,lung,I,chemotherapy,2022-10-20,no,13.03,511.82
3647,Synthetic_03647,42,M,breast,II,radiotherapy,2022-07-12,no,9.10,492.63
3648,Synthetic_03648,88,M,lung,IV,surgery,2024-03-26,yes,3.37,824.99
3649,Synthetic_03649,72,F,prostate,IV,radiotherapy,2020-10-09,yes,10.14,338.67
3650,Synthetic_03650,38,M,colon,IV,chemotherapy,2024-08-19,yes,12.96,80.02
3651,Synthetic_03651,48,F,lung,III,radiotherapy,2021-03-16,yes,19.34,764.39
3652,Synthetic_03652,23,F,lung,IV,chemotherapy,2024-04-23,no,1.36,18.50
3653,Synthetic_03653,38,F,breast,I,radiotherapy,2024-12-05,no,8.73,336.83
3654,Synthetic_03654,38,F,lung,I,chemotherapy,2025-09-17,no,2.91,165.26
3655,Synthetic_03655,82,F,colon,I,radiotherapy,2023-05-10,yes,2.87,488.58
3656,Synthetic_03656,36,F,colon,III,radiotherapy,2025-12-14,no,18.14,975.17
3657,Synthetic_03657,68,M,lung,I,chemotherapy,2024-01-25,no,10.74,500.78
3658,Synthetic_03658,34,M,lung,III,surgery,2021-02-11,no,18.49,717.83
3659,Synthetic_03659,26,F,lung,III,radiotherapy,2021-02-02,no,15.66,664.05
3660,Synthetic_03660,60,F,lung,IV,chemotherapy,2021-05-24,yes,2.88,330.26
3661,Synthetic_03661,88,F,lung,III,surgery,2022-10-10,yes,2.36,937.05
3662,Synthetic_03662,62,F,lung,I,surgery,2023-10-19,yes,16.24,943.01
3663,Synthetic_03663,81,F,breast,IV,surgery,2020-09-05,yes,19.50,555.99
3664,Synthetic_03664,57,M,colon,III,radiotherapy,2020-12-05,no,17.16,492.18
3665,Synthetic_03665,33,F,colon,IV,surgery,2021-10-01,no,1.16,932.78
3666,Synthetic_03666,83,F,colon,II,surgery,2023-12-27,yes,15.50,784.04
3667,Synthetic_03667,65,F,lung,II,chemotherapy,2025-10-19,no,6.50,273.71
3668,Synthetic_03668,62,F,breast,III,surgery,2023-12-05,no,13.62,890.71
3669,Synthetic_03669,71,M,prostate,IV,chemotherapy,2020-10-18,yes,2.21,207.38
3670,Synthetic_03670,74,F,breast,III,surgery,2023-08-07,no,16.83,708.09
3671,Synthetic_03671,54,M,colon,II,radiotherapy,2020-01-06,no,14.10,619.40
3672,Synthetic_03672,83,M,breast,IV,surgery,2024-02-02,no,6.96,179.18
3673,Synthetic_03673,43,F,lung,II,radiotherapy,2020-02-13,yes,12.80,671.20
3674,Synthetic_03674,44,M,breast,I,radiotherapy,2020-09-20,yes,16.42,337.81
3675,Synthetic_03675,28,F,lung,II,chemotherapy,2024-11-03,no,7.38,27.79
3676,Synthetic_03676,60,F,prostate,III,chemotherapy,2022-12-17,yes,1.19,384.43
3677,Synthetic_03677,49,F,breast,IV,surgery,2022-11-09,yes,8.44,507.05
3678,Synthetic_03678,54,M,prostate,IV,surgery,2022-11-09,yes,6.68,136.39
3679,Synthetic_03679,34,M,prostate,I,radiotherapy,2024-01-16,yes,17.65,169.16
3680,Synthetic_03680,72,F,breast,I,radiotherapy,2024-04-20,no,19.65,148.29
3681,Synthetic_03681,37,F,lung,II,radiotherapy,2025-04-07,no,15.98,719.58
3682,Synthetic_03682,31,F,breast,IV,chemotherapy,2021-07-04,yes,19.93,843.54
3683,Synthetic_03683,40,F,breast,II,chemotherapy,2024-06-25,no,12.68,919.10
3684,Synthetic_03684,18,F,lung,IV,chemotherapy,2023-09-19,yes,11.29,296.05
3685,Synthetic_03685,84,M,lung,II,radiotherapy,2024-09-11,no,13.94,295.28
3686,Synthetic_03686,34,M,colon,I,radiotherapy,2022-08-28,yes,13.82,190.47
3687,Synthetic_03687,90,M,prostate,II,chemotherapy,2021-12-12,no,7.02,626.01
3688,Synthetic_03688,44,M,colon,III,chemotherapy,2022-03-07,no,4.46,744.44
3689,Synthetic_03689,23,F,prostate,I,chemotherapy,2022-02-22,no,19.10,201.98
3690,Synthetic_03690,18,F,prostate,I,surgery,2020-07-26,yes,16.39,497.47
3691,Synthetic_03691,87,M,breast,IV,surgery,2023-02-25,yes,17.72,713.29
3692,Synthetic_03692,20,M,prostate,II,chemotherapy,2025-08-17,no,19.66,738.01
3693,Synthetic_03693,52,M,breast,I,surgery,2024-03-19,yes,5.31,807.26
3694,Synthetic_03694,74,M,lung,III,surgery,2025-04-20,no,19.75,287.51
3695,Synthetic_03695,66,F,colon,IV,chemotherapy,2024-12-18,yes,2.42,860.57
3696,Synthetic_03696,66,F,breast,IV,radiotherapy,2021-02-13,no,19.62,506.68
3697,Synthetic_03697,36,M,breast,I,surgery,2021-09-08,yes,8.32,51.71
3698,Synthetic_03698,77,M,breast,IV,chemotherapy,2021-07-21,no,15.39,518.14
3699,Synthetic_03699,39,F,breast,IV,radiotherapy,2024-07-18,yes,8.62,621.03
3700,Synthetic_03700,53,F,prostate,I,surgery,2021-04-27,no,16.29,828.14
3701,Synthetic_03701,73,M,prostate,III,radiotherapy,2020-06-08,no,9.45,788.61
3702,Synthetic_03702,86,F,colon,III,surgery,2023-02-14,yes,8.56,510.10
3703,Synthetic_03703,89,M,prostate,IV,chemotherapy,2023-10-02,yes,16.14,753.25
3704,Synthetic_03704,63,M,lung,I,chemotherapy,2024-11-27,no,15.48,789.88
3705,Synthetic_03705,75,M,prostate,III,radiotherapy,2024-06-18,no,3.27,639.31
3706,Synthetic_03706,58,M,colon,III,radiotherapy,2025-03-16,no,1.18,806.00
3707,Synthetic_03707,79,F,colon,I,radiotherapy,2024-02-28,no,9.68,81.80
3708,Synthetic_03708,67,M,colon,III,radiotherapy,2022-01-03,no,10.24,693.03
3709,Synthetic_03709,19,M,breast,II,chemotherapy,2023-04-04,yes,7.04,612.09
3710,Synthetic_03710,32,M,colon,II,surgery,2021-08-26,no,17.75,464.19
3711,Synthetic_03711,47,M,prostate,I,radiotherapy,2020-10-24,no,6.83,82.93
3712,Synthetic_03712,23,F,prostate,I,chemotherapy,2020-11-13,no,7.52,742.10
3713,Synthetic_03713,40,F,prostate,II,chemotherapy,2021-06-18,no,12.08,113.52
3714,Synthetic_03714,39,M,breast,II,radiotherapy,2021-07-21,no,16.30,387.62
3715,Synthetic_03715,86,M,prostate,I,radiotherapy,2025-07-06,yes,14.13,297.74
3716,Synthetic_03716,44,M,lung,I,radiotherapy,2020-07-12,no,6.77,708.22
3717,Synthetic_03717,64,M,colon,IV,radiotherapy,2023-12-19,no,8.26,972.55
3718,Synthetic_03718,41,F,prostate,II,chemotherapy,2025-01-20,yes,14.40,104.36
3719,Synthetic_03719,21,F,lung,III,radiotherapy,2023-10-02,yes,4.34,213.72
3720,Synthetic_03720,20,F,breast,III,radiotherapy,2021-06-01,no,19.49,854.57
3721,Synthetic_03721,73,M,lung,IV,surgery,2020-03-09,yes,2.26,335.52
3722,Synthetic_03722,79,F,colon,II,surgery,2020-12-06,yes,4.43,36.47
3723,Synthetic_03723,21,F,prostate,II,surgery,2025-11-11,no,17.69,218.24
3724,Synthetic_03724,81,M,prostate,I,radiotherapy,2023-06-12,no,10.37,641.86
3725,Synthetic_03725,77,M,breast,II,surgery,2023-05-02,no,2.58,990.43
3726,Synthetic_03726,88,F,prostate,III,chemotherapy,2025-10-16,no,2.46,910.83
3727,Synthetic_03727,80,M,colon,III,chemotherapy,2022-05-20,no,19.05,947.15
3728,Synthetic_03728,83,M,breast,IV,chemotherapy,2023-02-11,no,19.13,282.81
3729,Synthetic_03729,88,M,lung,II,surgery,2025-10-21,yes,5.91,227.25
3730,Synthetic_03730,74,F,lung,IV,radiotherapy,2023-06-10,no,5.16,669.83
3731,Synthetic_03731,65,F,prostate,IV,radiotherapy,2021-09-26,yes,11.30,899.54
3732,Synthetic_03732,37,F,lung,III,radiotherapy,2023-03-05,yes,18.65,322.65
3733,Synthetic_03733,68,F,lung,I,chemotherapy,2021-04-25,no,4.61,199.17
3734,Synthetic_03734,74,M,breast,III,radiotherapy,2025-11-01,yes,5.43,651.08
3735,Synthetic_03735,50,M,breast,III,chemotherapy,2023-04-15,no,12.32,363.59
3736,Synthetic_03736,39,F,breast,II,chemotherapy,2021-02-02,no,16.80,959.31
3737,Synthetic_03737,40,M,prostate,IV,radiotherapy,2020-06-28,yes,15.12,889.56
3738,Synthetic_03738,22,F,colon,III,radiotherapy,2024-10-27,yes,15.10,251.62
3739,Synthetic_03739,78,M,breast,IV,surgery,2021-05-28,no,9.95,392.16
3740,Synthetic_03740,34,M,lung,I,surgery,2025-04-11,yes,17.53,642.51
3741,Synthetic_03741,78,F,breast,IV,surgery,2024-10-13,no,5.77,209.67
3742,Synthetic_03742,84,M,prostate,IV,chemotherapy,2025-12-15,yes,8.27,671.43
3743,Synthetic_03743,80,M,breast,I,surgery,2023-06-19,yes,16.07,935.45
3744,Synthetic_03744,71,M,prostate,III,chemotherapy,2022-12-05,no,10.39,268.23
3745,Synthetic_03745,58,F,lung,I,surgery,2021-02-23,yes,11.44,833.93
3746,Synthetic_03746,66,M,breast,IV,chemotherapy,2023-05-22,yes,8.38,937.54
3747,Synthetic_03747,53,F,colon,IV,radiotherapy,2020-03-28,yes,5.01,33.16
3748,Synthetic_03748,22,M,breast,I,radiotherapy,2024-03-07,no,6.94,503.30
3749,Synthetic_03749,36,M,breast,I,chemotherapy,2023-12-14,no,12.81,958.98
3750,Synthetic_03750,53,F,colon,IV,surgery,2021-11-06,yes,1.48,33.24
3751,Synthetic_03751,88,F,lung,II,surgery,2024-01-08,no,6.55,953.17
3752,Synthetic_03752,45,M,prostate,III,surgery,2022-07-07,no,8.03,749.07
3753,Synthetic_03753,44,M,colon,III,radiotherapy,2021-03-19,no,19.50,575.85
3754,Synthetic_03754,58,F,lung,I,surgery,2021-07-06,no,11.63,170.97
3755,Synthetic_03755,62,F,lung,IV,chemotherapy,2025-12-24,no,13.89,328.78
3756,Synthetic_03756,18,F,colon,I,radiotherapy,2020-05-25,yes,18.93,497.16
3757,Synthetic_03757,56,F,prostate,III,radiotherapy,2020-04-04,no,7.53,926.79
3758,Synthetic_03758,76,M,colon,II,surgery,2020-02-22,no,11.53,463.71
3759,Synthetic_03759,60,F,breast,IV,chemotherapy,2024-05-22,no,5.74,173.97
3760,Synthetic_03760,22,F,colon,I,radiotherapy,2023-08-04,no,16.96,855.02
3761,Synthetic_03761,19,F,colon,IV,surgery,2020-12-02,no,13.55,938.04
3762,Synthetic_03762,37,M,breast,II,surgery,2021-11-06,no,15.43,630.82
3763,Synthetic_03763,38,F,lung,I,radiotherapy,2020-10-03,yes,5.48,825.61
3764,Synthetic_03764,55,M,lung,IV,surgery,2025-06-19,yes,6.17,319.09
3765,Synthetic_03765,65,M,prostate,I,surgery,2020-04-27,yes,13.24,791.59
3766,Synthetic_03766,83,F,breast,II,surgery,2024-03-07,no,9.12,175.26
3767,Synthetic_03767,32,M,colon,IV,surgery,2022-07-20,no,3.08,904.82
3768,Synthetic_03768,20,M,prostate,I,surgery,2022-10-03,no,12.70,649.29
3769,Synthetic_03769,47,F,lung,I,chemotherapy,2023-02-12,yes,8.71,824.56
3770,Synthetic_03770,18,F,prostate,II,chemotherapy,2023-09-21,yes,16.91,698.31
3771,Synthetic_03771,29,F,prostate,II,chemotherapy,2024-03-28,yes,3.57,722.72
3772,Synthetic_03772,40,M,colon,III,radiotherapy,2023-05-21,yes,18.56,207.34
3773,Synthetic_03773,21,F,lung,II,surgery,2022-02-16,yes,7.56,754.68
3774,Synthetic_03774,29,F,lung,IV,radiotherapy,2021-08-22,yes,10.40,207.39
3775,Synthetic_03775,79,F,lung,II,radiotherapy,2024-02-27,yes,9.78,949.04
3776,Synthetic_03776,71,M,breast,II,surgery,2020-12-19,no,19.80,813.53
3777,Synthetic_03777,46,M,lung,III,surgery,2023-09-10,no,11.05,191.39
3778,Synthetic_03778,47,F,colon,IV,surgery,2021-05-03,yes,13.09,857.46
3779,Synthetic_03779,28,F,colon,III,surgery,2022-07-20,yes,14.30,990.64
3780,Synthetic_03780,49,F,colon,IV,chemotherapy,2021-03-15,no,7.97,502.01
3781,Synthetic_03781,33,F,breast,IV,chemotherapy,2025-12-05,yes,10.29,232.87
3782,Synthetic_03782,49,M,colon,IV,chemotherapy,2024-12-27,yes,9.53,159.06
3783,Synthetic_03783,52,F,prostate,I,surgery,2022-10-18,no,13.04,299.31
3784,Synthetic_03784,21,M,lung,II,radiotherapy,2023-05-26,yes,15.31,776.89
3785,Synthetic_03785,40,M,prostate,IV,surgery,2023-07-06,yes,3.11,92.71
3786,Synthetic_03786,47,M,lung,IV,surgery,2020-01-18,no,9.49,736.69
3787,Synthetic_03787,55,M,prostate,IV,surgery,2024-06-01,no,1.68,46.42
3788,Synthetic_03788,33,F,prostate,III,chemotherapy,2023-06-23,no,15.48,795.24
3789,Synthetic_03789,30,F,colon,II,radiotherapy,2025-01-10,no,19.15,258.18
3790,Synthetic_03790,31,M,colon,II,radiotherapy,2021-06-16,yes,17.13,65.08
3791,Synthetic_03791,22,M,lung,II,surgery,2024-03-15,no,3.33,684.08
3792,Synthetic_03792,73,F,lung,III,surgery,2022-04-05,yes,10.68,498.33
3793,Synthetic_03793,54,M,prostate,III,radiotherapy,2021-04-01,no,13.17,478.19
3794,Synthetic_03794,79,F,colon,IV,surgery,2024-11-08,yes,8.14,730.31
3795,Synthetic_03795,30,M,colon,I,chemotherapy,2023-10-22,no,7.60,179.31
3796,Synthetic_03796,18,F,colon,I,radiotherapy,2025-07-13,yes,4.90,706.37
3797,Synthetic_03797,70,F,breast,III,chemotherapy,2022-01-02,yes,3.65,456.00
3798,Synthetic_03798,41,M,prostate,I,chemotherapy,2023-08-09,no,18.96,542.54
3799,Synthetic_03799,26,F,colon,III,radiotherapy,2020-01-18,no,11.91,969.27
3800,Synthetic_03800,40,M,lung,III,chemotherapy,2022-11-06,no,6.00,842.67
3801,Synthetic_03801,30,M,prostate,I,chemotherapy,2024-04-18,no,3.17,608.99
3802,Synthetic_03802,42,F,prostate,I,surgery,2024-05-16,no,8.48,574.11
3803,Synthetic_03803,56,M,colon,III,chemotherapy,2022-04-26,yes,17.55,361.16
3804,Synthetic_03804,41,M,colon,IV,radiotherapy,2021-12-17,no,18.50,30.07
3805,Synthetic_03805,75,M,breast,I,radiotherapy,2022-02-15,no,7.76,337.61
3806,Synthetic_03806,70,M,colon,II,surgery,2022-07-10,yes,17.57,117.59
3807,Synthetic_03807,81,F,prostate,IV,chemotherapy,2022-05-17,no,6.74,567.50
3808,Synthetic_03808,53,F,prostate,IV,chemotherapy,2021-04-27,no,14.12,314.94
3809,Synthetic_03809,23,M,breast,I,surgery,2023-04-11,no,18.76,282.05
3810,Synthetic_03810,21,M,prostate,I,chemotherapy,2025-01-10,no,18.69,106.86
3811,Synthetic_03811,63,M,lung,III,radiotherapy,2020-05-28,yes,2.10,860.44
3812,Synthetic_03812,74,F,breast,IV,surgery,2020-03-11,no,1.17,586.44
3813,Synthetic_03813,28,M,prostate,IV,chemotherapy,2022-05-03,yes,1.35,447.71
3814,Synthetic_03814,69,M,lung,II,surgery,2023-10-20,no,1.00,655.30
3815,Synthetic_03815,68,M,lung,I,radiotherapy,2021-12-24,yes,10.20,972.04
3816,Synthetic_03816,59,F,prostate,II,radiotherapy,2020-09-10,yes,12.99,276.12
3817,Synthetic_03817,39,M,breast,III,chemotherapy,2020-07-15,yes,3.94,937.97
3818,Synthetic_03818,25,M,breast,I,chemotherapy,2025-02-05,yes,13.29,132.61
3819,Synthetic_03819,76,M,prostate,III,chemotherapy,2022-02-14,yes,2.72,102.42
3820,Synthetic_03820,49,F,prostate,I,radiotherapy,2022-02-02,yes,16.13,160.82
3821,Synthetic_03821,80,F,lung,I,chemotherapy,2025-06-14,no,3.23,424.43
3822,Synthetic_03822,50,F,colon,I,chemotherapy,2020-06-19,yes,2.04,943.75
3823,Synthetic_03823,77,F,prostate,IV,chemotherapy,2024-12-15,no,6.65,908.47
3824,Synthetic_03824,65,F,prostate,IV,chemotherapy,2024-11-05,yes,7.76,380.24
3825,Synthetic_03825,31,F,prostate,II,surgery,2025-11-15,yes,9.76,402.13
3826,Synthetic_03826,66,M,breast,III,radiotherapy,2022-09-03,yes,11.44,950.98
3827,Synthetic_03827,45,F,prostate,I,surgery,2022-11-23,no,9.63,951.75
3828,Synthetic_03828,33,M,colon,I,chemotherapy,2025-02-27,no,6.98,475.91
3829,Synthetic_03829,19,F,prostate,III,surgery,2022-04-16,yes,13.37,154.87
3830,Synthetic_03830,47,M,colon,III,surgery,2024-11-01,yes,15.52,124.15
3831,Synthetic_03831,34,M,prostate,IV,chemotherapy,2022-08-24,yes,11.88,483.71
3832,Synthetic_03832,87,M,colon,IV,chemotherapy,2022-05-27,yes,18.85,160.48
3833,Synthetic_03833,25,M,breast,IV,surgery,2021-02-08,no,8.24,667.85
3834,Synthetic_03834,73,M,prostate,IV,chemotherapy,2024-05-25,yes,18.28,643.63
3835,Synthetic_03835,59,F,colon,I,chemotherapy,2024-08-14,yes,11.60,424.50
3836,Synthetic_03836,83,M,lung,II,radiotherapy,2024-05-28,no,11.83,720.63
3837,Synthetic_03837,56,F,colon,IV,chemotherapy,2023-02-06,yes,10.05,649.29
3838,Synthetic_03838,34,M,prostate,III,chemotherapy,2025-06-19,yes,14.08,886.28
3839,Synthetic_03839,28,M,lung,III,radiotherapy,2024-08-13,no,7.76,56.11
3840,Synthetic_03840,74,F,prostate,II,radiotherapy,2024-01-08,yes,8.49,923.40
3841,Synthetic_03841,25,F,breast,II,chemotherapy,2025-09-28,yes,8.00,214.43
3842,Synthetic_03842,48,F,colon,I,chemotherapy,2025-05-07,no,18.27,131.79
3843,Synthetic_03843,79,M,breast,IV,radiotherapy,2023-11-16,no,6.61,220.19
3844,Synthetic_03844,77,M,colon,III,chemotherapy,2022-03-04,yes,16.03,839.44
3845,Synthetic_03845,77,M,lung,I,surgery,2023-10-01,yes,11.36,54.48
3846,Synthetic_03846,62,F,lung,I,chemotherapy,2020-07-21,yes,12.88,366.53
3847,Synthetic_03847,24,F,prostate,II,surgery,2024-01-01,no,13.75,618.76
3848,Synthetic_03848,46,F,lung,III,radiotherapy,2022-01-22,no,4.43,384.83
3849,Synthetic_03849,18,F,lung,I,surgery,2022-08-12,yes,16.21,654.30
3850,Synthetic_03850,34,F,prostate,III,surgery,2021-05-15,yes,2.40,363.43
3851,Synthetic_03851,47,F,prostate,IV,chemotherapy,2024-03-12,yes,13.74,209.90
3852,Synthetic_03852,52,F,prostate,I,radiotherapy,2024-08-01,no,13.27,325.84
3853,Synthetic_03853,46,F,lung,I,surgery,2025-09-01,no,15.75,121.76
3854,Synthetic_03854,47,F,colon,II,chemotherapy,2025-09-21,no,11.93,268.39
3855,Synthetic_03855,86,F,prostate,II,surgery,2025-11-05,yes,7.08,246.70
3856,Synthetic_03856,48,M,colon,II,surgery,2024-05-15,yes,7.18,352.87
3857,Synthetic_03857,54,F,lung,IV,radiotherapy,2023-11-03,yes,18.67,62.12
3858,Synthetic_03858,77,M,lung,III,chemotherapy,2022-03-01,yes,10.43,961.13
3859,Synthetic_03859,66,F,colon,I,chemotherapy,2022-08-02,yes,11.12,719.24
3860,Synthetic_03860,78,F,colon,IV,radiotherapy,2023-08-08,yes,16.67,2.31
3861,Synthetic_03861,27,F,prostate,II,surgery,2023-10-12,no,16.85,470.95
3862,Synthetic_03862,30,M,prostate,III,radiotherapy,2022-01-18,no,14.50,90.28
3863,Synthetic_03863,74,F,breast,III,surgery,2022-11-07,yes,9.89,395.89
3864,Synthetic_03864,28,M,lung,III,surgery,2020-01-26,yes,15.87,580.74
3865,Synthetic_03865,25,F,colon,IV,surgery,2022-01-15,yes,17.19,946.34
3866,Synthetic_03866,46,F,colon,I,surgery,2020-01-01,no,7.72,834.83
3867,Synthetic_03867,40,M,breast,I,surgery,2025-12-07,no,6.90,678.84
3868,Synthetic_03868,66,M,colon,I,radiotherapy,2022-10-27,no,3.50,764.76
3869,Synthetic_03869,38,F,prostate,II,radiotherapy,2020-11-21,no,15.93,516.67
3870,Synthetic_03870,46,F,lung,IV,radiotherapy,2022-10-22,yes,19.04,972.99
3871,Synthetic_03871,53,M,prostate,I,surgery,2024-02-17,no,7.06,103.63
3872,Synthetic_03872,73,F,colon,IV,radiotherapy,2025-10-04,yes,8.83,384.75
3873,Synthetic_03873,63,M,colon,II,radiotherapy,2025-10-10,no,11.30,621.66
3874,Synthetic_03874,28,M,lung,II,chemotherapy,2023-12-10,no,1.70,328.34
3875,Synthetic_03875,81,M,prostate,IV,chemotherapy,2023-05-07,yes,3.16,12.66
3876,Synthetic_03876,45,M,breast,IV,chemotherapy,2022-11-24,no,2.64,897.04
3877,Synthetic_03877,25,M,colon,IV,surgery,2023-03-27,yes,17.19,471.02
3878,Synthetic_03878,40,M,colon,II,chemotherapy,2025-04-15,no,1.90,444.30
3879,Synthetic_03879,57,M,prostate,III,radiotherapy,2025-10-24,yes,10.61,303.39
3880,Synthetic_03880,78,F,prostate,I,radiotherapy,2023-07-10,yes,17.63,983.54
3881,Synthetic_03881,44,F,lung,III,chemotherapy,2020-05-05,yes,5.73,694.76
3882,Synthetic_03882,75,F,breast,III,surgery,2021-06-15,yes,18.29,481.30
3883,Synthetic_03883,88,F,lung,III,radiotherapy,2022-06-13,yes,10.51,328.32
3884,Synthetic_03884,63,M,colon,I,chemotherapy,2025-03-01,no,19.94,820.90
3885,Synthetic_03885,60,F,colon,II,surgery,2024-02-14,yes,19.66,407.73
3886,Synthetic_03886,28,F,lung,III,radiotherapy,2024-11-26,no,9.83,486.85
3887,Synthetic_03887,49,M,colon,IV,surgery,2022-04-20,yes,5.45,633.79
3888,Synthetic_03888,35,M,breast,II,surgery,2025-04-27,yes,18.20,255.35
3889,Synthetic_03889,21,F,prostate,IV,radiotherapy,2021-09-27,no,15.32,788.77
3890,Synthetic_03890,27,M,colon,III,surgery,2024-02-10,no,11.72,929.21
3891,Synthetic_03891,37,M,colon,III,radiotherapy,2023-03-12,yes,13.76,406.49
3892,Synthetic_03892,56,F,prostate,IV,surgery,2024-06-22,yes,15.38,245.01
3893,Synthetic_03893,64,F,breast,III,chemotherapy,2022-06-07,yes,13.89,797.99
3894,Synthetic_03894,74,F,prostate,III,chemotherapy,2025-04-07,yes,2.71,509.26
3895,Synthetic_03895,33,F,lung,III,radiotherapy,2020-09-22,yes,7.94,13.35
3896,Synthetic_03896,78,F,prostate,II,surgery,2023-11-22,yes,16.15,618.32
3897,Synthetic_03897,41,F,colon,III,surgery,2025-12-26,yes,19.39,20.27
3898,Synthetic_03898,34,M,lung,IV,chemotherapy,2023-06-16,yes,17.95,366.42
3899,Synthetic_03899,54,F,lung,I,surgery,2020-04-12,no,9.39,31.22
3900,Synthetic_03900,53,F,prostate,I,surgery,2023-09-28,no,15.29,171.81
3901,Synthetic_03901,86,M,lung,II,chemotherapy,2023-05-21,no,2.97,565.85
3902,Synthetic_03902,80,F,colon,IV,surgery,2020-05-10,yes,18.27,138.35
3903,Synthetic_03903,86,M,prostate,III,chemotherapy,2024-03-15,no,4.56,221.32
3904,Synthetic_03904,68,F,colon,I,chemotherapy,2023-04-24,no,4.97,912.70
3905,Synthetic_03905,40,F,prostate,IV,surgery,2022-10-24,yes,10.98,48.55
3906,Synthetic_03906,85,M,prostate,III,chemotherapy,2025-05-09,yes,14.80,376.29
3907,Synthetic_03907,82,M,breast,II,chemotherapy,2020-02-11,yes,19.34,76.86
3908,Synthetic_03908,45,F,colon,I,radiotherapy,2025-12-01,no,11.03,178.01
3909,Synthetic_03909,48,M,colon,I,surgery,2022-09-12,yes,16.60,360.50
3910,Synthetic_03910,19,M,lung,II,surgery,2021-04-18,no,13.46,175.63
3911,Synthetic_03911,56,F,breast,IV,chemotherapy,2021-08-23,yes,16.76,722.20
3912,Synthetic_03912,45,M,lung,II,radiotherapy,2020-08-11,yes,2.34,866.89
3913,Synthetic_03913,18,M,prostate,I,chemotherapy,2020-06-24,yes,6.48,761.68
3914,Synthetic_03914,28,F,lung,I,surgery,2020-07-06,no,18.22,259.05
3915,Synthetic_03915,26,F,breast,IV,radiotherapy,2021-06-01,no,7.53,493.20
3916,Synthetic_03916,45,M,prostate,IV,chemotherapy,2022-06-10,no,9.97,202.35
3917,Synthetic_03917,21,M,breast,I,surgery,2025-09-09,no,14.74,845.89
3918,Synthetic_03918,74,M,prostate,IV,surgery,2025-02-07,no,11.39,491.24
3919,Synthetic_03919,36,F,prostate,IV,surgery,2022-03-09,yes,3.66,814.68
3920,Synthetic_03920,44,M,lung,I,surgery,2020-04-16,no,6.78,552.42
3921,Synthetic_03921,86,F,prostate,III,radiotherapy,2020-01-26,no,16.32,948.91
3922,Synthetic_03922,78,M,colon,IV,radiotherapy,2020-09-04,no,14.58,77.96
3923,Synthetic_03923,42,F,colon,II,radiotherapy,2020-03-15,yes,17.56,296.01
3924,Synthetic_03924,35,F,prostate,III,surgery,2024-03-12,yes,11.38,702.98
3925,Synthetic_03925,26,M,prostate,II,chemotherapy,2023-11-10,yes,17.42,742.96
3926,Synthetic_03926,87,F,lung,II,surgery,2025-11-10,no,18.38,589.30
3927,Synthetic_03927,30,F,colon,III,surgery,2022-10-07,no,6.56,148.82
3928,Synthetic_03928,53,M,colon,II,chemotherapy,2022-05-11,no,14.47,691.01
3929,Synthetic_03929,58,M,lung,II,surgery,2022-02-10,no,12.27,134.75
3930,Synthetic_03930,74,F,colon,I,surgery,2023-04-09,yes,6.39,440.28
3931,Synthetic_03931,74,M,colon,I,radiotherapy,2024-07-23,no,16.70,528.76
3932,Synthetic_03932,87,M,breast,IV,chemotherapy,2023-04-03,no,11.59,453.81
3933,Synthetic_03933,44,F,breast,I,chemotherapy,2022-10-22,no,18.02,298.18
3934,Synthetic_03934,89,F,lung,IV,surgery,2025-10-21,no,16.76,284.90
3935,Synthetic_03935,31,M,prostate,II,radiotherapy,2020-06-14,yes,19.46,973.79
3936,Synthetic_03936,76,F,lung,IV,surgery,2025-10-02,no,10.17,795.16
3937,Synthetic_03937,42,M,colon,IV,surgery,2021-12-22,no,5.18,5.26
3938,Synthetic_03938,74,M,breast,II,radiotherapy,2025-05-12,no,19.32,705.11
3939,Synthetic_03939,29,F,lung,II,surgery,2020-08-05,yes,18.02,473.19
3940,Synthetic_03940,57,F,breast,III,surgery,2022-07-19,yes,19.83,70.73
3941,Synthetic_03941,56,F,lung,II,chemotherapy,2021-10-16,yes,13.58,36.75
3942,Synthetic_03942,31,M,colon,I,radiotherapy,2021-03-21,yes,4.69,736.71
3943,Synthetic_03943,35,F,colon,III,surgery,2020-11-04,yes,12.82,600.68
3944,Synthetic_03944,43,F,prostate,III,radiotherapy,2021-07-17,yes,13.36,386.58
3945,Synthetic_03945,90,M,colon,III,chemotherapy,2020-01-12,yes,10.37,790.38
3946,Synthetic_03946,18,M,prostate,IV,surgery,2024-03-05,yes,11.35,327.92
3947,Synthetic_03947,87,F,breast,II,chemotherapy,2024-05-10,yes,13.98,965.52
3948,Synthetic_03948,51,M,prostate,II,chemotherapy,2022-01-19,yes,6.24,308.92
3949,Synthetic_03949,44,M,lung,I,surgery,2020-02-10,yes,1.16,774.15
3950,Synthetic_03950,28,M,lung,III,chemotherapy,2025-11-06,yes,18.04,443.39
3951,Synthetic_03951,19,F,prostate,IV,radiotherapy,2022-08-19,no,3.77,160.45
3952,Synthetic_03952,40,F,colon,III,radiotherapy,2020-01-12,no,1.42,435.31
3953,Synthetic_03953,62,F,lung,II,chemotherapy,2020-02-20,no,16.24,468.69
3954,Synthetic_03954,74,M,lung,III,surgery,2021-12-24,no,19.24,164.54
3955,Synthetic_03955,46,M,colon,IV,radiotherapy,2022-12-24,yes,16.75,574.83
3956,Synthetic_03956,65,M,prostate,II,radiotherapy,2021-02-09,yes,14.24,311.10
3957,Synthetic_03957,45,M,lung,II,radiotherapy,2024-11-06,no,2.63,649.30
3958,Synthetic_03958,54,F,colon,III,chemotherapy,2021-04-11,no,10.18,431.02
3959,Synthetic_03959,83,F,colon,II,radiotherapy,2022-06-09,yes,11.35,441.68
3960,Synthetic_03960,58,F,colon,I,chemotherapy,2021-03-01,no,9.64,998.80
3961,Synthetic_03961,61,M,breast,II,chemotherapy,2022-08-03,yes,4.23,937.13
3962,Synthetic_03962,33,F,colon,III,radiotherapy,2020-07-14,yes,9.98,156.13
3963,Synthetic_03963,42,F,breast,II,chemotherapy,2023-08-02,no,19.70,840.95
3964,Synthetic_03964,79,M,prostate,IV,surgery,2021-06-11,yes,7.12,631.53
3965,Synthetic_03965,59,M,lung,IV,surgery,2021-04-13,yes,19.13,268.88
3966,Synthetic_03966,29,M,colon,I,radiotherapy,2020-11-01,yes,17.89,340.81
3967,Synthetic_03967,52,M,prostate,II,chemotherapy,2023-01-04,yes,8.67,716.82
3968,Synthetic_03968,23,M,breast,IV,radiotherapy,2022-08-20,yes,8.70,584.14
3969,Synthetic_03969,66,M,colon,II,surgery,2023-04-18,no,12.51,967.10
3970,Synthetic_03970,28,M,lung,IV,radiotherapy,2022-11-05,no,13.02,121.61
3971,Synthetic_03971,54,M,colon,I,surgery,2022-10-13,yes,17.87,945.29
3972,Synthetic_03972,55,M,colon,III,radiotherapy,2023-07-01,yes,4.26,869.64
3973,Synthetic_03973,73,M,colon,II,chemotherapy,2020-11-27,yes,2.87,60.87
3974,Synthetic_03974,35,F,prostate,II,surgery,2023-09-06,no,10.03,822.37
3975,Synthetic_03975,22,F,breast,II,chemotherapy,2025-09-16,yes,3.53,608.19
3976,Synthetic_03976,89,M,breast,IV,chemotherapy,2025-11-20,no,6.32,746.88
3977,Synthetic_03977,24,F,breast,I,chemotherapy,2023-10-09,yes,11.43,120.75
3978,Synthetic_03978,89,F,colon,IV,surgery,2024-11-18,yes,10.38,772.85
3979,Synthetic_03979,18,M,lung,II,surgery,2020-04-01,yes,3.51,928.29
3980,Synthetic_03980,34,F,breast,IV,chemotherapy,2021-02-17,no,6.24,353.86
3981,Synthetic_03981,65,F,colon,III,surgery,2025-07-13,no,19.43,333.87
3982,Synthetic_03982,78,M,breast,IV,radiotherapy,2023-03-23,yes,4.68,672.11
3983,Synthetic_03983,75,M,lung,III,surgery,2024-04-25,yes,7.20,811.50
3984,Synthetic_03984,50,M,prostate,II,surgery,2021-05-11,no,3.89,329.28
3985,Synthetic_03985,31,M,colon,I,radiotherapy,2024-06-21,yes,6.72,945.94
3986,Synthetic_03986,33,F,prostate,I,radiotherapy,2024-08-07,no,17.27,117.77
3987,Synthetic_03987,48,M,lung,II,radiotherapy,2023-09-18,yes,16.14,984.80
3988,Synthetic_03988,39,F,breast,II,chemotherapy,2020-02-22,yes,14.84,378.31
3989,Synthetic_03989,86,F,colon,I,surgery,2020-02-01,yes,1.73,989.02
3990,Synthetic_03990,89,M,breast,II,radiotherapy,2024-10-27,no,18.85,268.15
3991,Synthetic_03991,48,M,prostate,III,radiotherapy,2025-12-20,no,18.04,346.61
3992,Synthetic_03992,63,M,breast,I,chemotherapy,2025-02-21,yes,6.26,582.26
3993,Synthetic_03993,67,F,colon,II,radiotherapy,2025-05-05,yes,6.23,521.88
3994,Synthetic_03994,35,M,breast,II,chemotherapy,2024-10-06,yes,10.51,157.35
3995,Synthetic_03995,23,M,colon,IV,chemotherapy,2021-11-28,no,8.37,773.04
3996,Synthetic_03996,57,M,prostate,I,surgery,2023-03-20,no,18.65,735.78
3997,Synthetic_03997,34,F,colon,I,chemotherapy,2024-04-09,no,3.93,976.53
3998,Synthetic_03998,76,F,colon,III,surgery,2021-10-14,no,1.09,345.10
3999,Synthetic_03999,48,M,colon,IV,radiotherapy,2025-12-05,no,4.57,831.26
4000,Synthetic_04000,89,F,colon,II,radiotherapy,2020-08-05,yes,2.83,603.03
4001,Synthetic_04001,84,F,lung,I,surgery,2020-08-23,no,3.44,714.13
4002,Synthetic_04002,85,M,breast,I,chemotherapy,2024-06-26,yes,1.93,22.92
4003,Synthetic_04003,66,F,lung,I,surgery,2020-01-15,yes,19.15,753.24
4004,Synthetic_04004,34,M,colon,IV,chemotherapy,2021-05-27,yes,5.27,883.05
4005,Synthetic_04005,69,F,colon,II,radiotherapy,2023-02-19,yes,5.49,274.67
4006,Synthetic_04006,28,F,breast,II,surgery,2020-03-02,no,4.48,328.60
4007,Synthetic_04007,45,M,colon,III,chemotherapy,2021-06-17,yes,19.67,36.02
4008,Synthetic_04008,40,F,breast,IV,radiotherapy,2021-02-23,yes,14.59,172.22
4009,Synthetic_04009,60,F,lung,IV,chemotherapy,2024-05-04,yes,15.77,78.33
4010,Synthetic_04010,43,F,colon,II,chemotherapy,2021-05-19,yes,6.27,352.54
4011,Synthetic_04011,70,F,prostate,II,radiotherapy,2024-12-18,no,9.39,766.12
4012,Synthetic_04012,82,F,lung,III,surgery,2023-12-21,yes,14.49,652.02
4013,Synthetic_04013,80,M,breast,II,chemotherapy,2021-02-07,yes,15.34,218.99
4014,Synthetic_04014,45,F,prostate,II,surgery,2020-11-26,yes,19.68,717.50
4015,Synthetic_04015,49,F,breast,I,chemotherapy,2021-03-01,no,6.53,282.98
4016,Synthetic_04016,29,F,lung,II,surgery,2022-11-04,no,15.41,451.58
4017,Synthetic_04017,56,M,colon,III,chemotherapy,2020-06-02,yes,18.56,7.64
4018,Synthetic_04018,65,F,breast,III,radiotherapy,2022-07-12,yes,5.27,230.18
4019,Synthetic_04019,80,F,lung,II,chemotherapy,2022-09-27,yes,14.12,284.64
4020,Synthetic_04020,47,M,breast,II,surgery,2022-02-09,no,13.43,199.45
4021,Synthetic_04021,81,M,breast,IV,chemotherapy,2023-07-03,no,3.57,843.81
4022,Synthetic_04022,65,M,prostate,III,surgery,2023-06-13,yes,16.06,390.46
4023,Synthetic_04023,25,M,lung,IV,surgery,2022-03-20,yes,12.73,762.08
4024,Synthetic_04024,73,M,colon,III,chemotherapy,2025-09-09,no,4.96,372.54
4025,Synthetic_04025,76,F,lung,I,surgery,2021-01-22,yes,15.15,242.65
4026,Synthetic_04026,75,F,colon,III,chemotherapy,2023-08-13,no,3.62,707.61
4027,Synthetic_04027,25,M,colon,III,radiotherapy,2022-02-17,no,8.97,879.07
4028,Synthetic_04028,59,F,colon,I,radiotherapy,2022-06-01,yes,12.57,117.60
4029,Synthetic_04029,76,M,breast,II,radiotherapy,2020-06-26,yes,12.72,982.08
4030,Synthetic_04030,57,F,lung,II,surgery,2025-12-08,yes,3.64,178.81
4031,Synthetic_04031,51,F,colon,III,chemotherapy,2025-02-04,no,6.50,253.39
4032,Synthetic_04032,53,M,colon,II,surgery,2022-12-28,no,16.74,874.96
4033,Synthetic_04033,66,M,prostate,IV,surgery,2024-09-09,no,17.75,225.50
4034,Synthetic_04034,79,M,lung,I,chemotherapy,2024-01-14,yes,15.66,255.91
4035,Synthetic_04035,63,M,prostate,III,radiotherapy,2024-02-21,yes,1.14,16.15
4036,Synthetic_04036,77,F,prostate,II,chemotherapy,2020-08-11,yes,13.94,514.54
4037,Synthetic_04037,26,M,colon,III,radiotherapy,2021-09-04,no,19.34,471.73
4038,Synthetic_04038,18,F,prostate,IV,surgery,2021-08-23,yes,9.35,923.71
4039,Synthetic_04039,88,F,colon,IV,surgery,2021-05-13,no,14.91,208.93
4040,Synthetic_04040,87,F,colon,II,surgery,2025-03-19,no,1.28,406.10
4041,Synthetic_04041,53,F,colon,I,chemotherapy,2024-03-01,no,2.15,871.80
4042,Synthetic_04042,28,M,lung,III,surgery,2023-06-09,no,10.79,562.84
4043,Synthetic_04043,66,M,colon,I,chemotherapy,2021-03-02,yes,9.86,369.05
4044,Synthetic_04044,37,F,breast,I,surgery,2021-01-25,no,4.58,693.36
4045,Synthetic_04045,37,M,breast,IV,surgery,2025-12-23,yes,13.85,600.26
4046,Synthetic_04046,35,M,prostate,III,surgery,2022-03-10,yes,8.69,701.83
4047,Synthetic_04047,69,M,lung,III,radiotherapy,2024-01-01,yes,13.35,664.69
4048,Synthetic_04048,85,M,colon,III,chemotherapy,2022-02-14,yes,17.45,19.64
4049,Synthetic_04049,75,F,breast,II,radiotherapy,2025-03-19,no,6.01,774.83
4050,Synthetic_04050,50,F,prostate,IV,surgery,2021-05-01,yes,8.55,225.28
4051,Synthetic_04051,53,M,lung,III,radiotherapy,2020-03-11,no,3.95,294.76
4052,Synthetic_04052,73,M,breast,IV,surgery,2024-01-02,no,16.61,488.97
4053,Synthetic_04053,28,M,breast,IV,radiotherapy,2023-07-26,yes,4.07,85.54
4054,Synthetic_04054,81,F,breast,I,surgery,2020-01-19,no,18.57,8.76
4055,Synthetic_04055,70,M,lung,I,chemotherapy,2021-07-26,no,19.12,189.67
4056,Synthetic_04056,19,M,prostate,III,chemotherapy,2023-11-01,yes,2.83,217.68
4057,Synthetic_04057,24,F,prostate,III,surgery,2022-02-19,yes,11.33,539.14
4058,Synthetic_04058,90,M,breast,III,surgery,2023-01-03,no,4.99,655.27
4059,Synthetic_04059,18,F,breast,IV,chemotherapy,2024-01-13,no,18.53,745.68
4060,Synthetic_04060,50,F,colon,III,surgery,2020-12-26,yes,7.43,112.06
4061,Synthetic_04061,49,M,breast,I,radiotherapy,2024-02-15,yes,12.72,248.65
4062,Synthetic_04062,60,F,prostate,II,chemotherapy,2020-10-15,yes,16.47,890.97
4063,Synthetic_04063,20,M,colon,IV,chemotherapy,2021-03-03,yes,12.23,247.78
4064,Synthetic_04064,88,F,colon,II,radiotherapy,2023-04-10,yes,14.17,252.42
4065,Synthetic_04065,52,M,prostate,III,chemotherapy,2024-12-18,yes,11.01,886.14
4066,Synthetic_04066,37,F,breast,III,surgery,2025-03-03,no,12.46,579.59
4067,Synthetic_04067,84,F,prostate,III,radiotherapy,2021-05-06,no,6.46,722.20
4068,Synthetic_04068,78,F,prostate,IV,surgery,2021-05-13,no,9.20,63.53
4069,Synthetic_04069,88,M,lung,IV,radiotherapy,2025-12-22,no,14.55,177.05
4070,Synthetic_04070,69,F,prostate,IV,radiotherapy,2022-07-12,no,16.32,479.91
4071,Synthetic_04071,83,F,prostate,III,chemotherapy,2025-09-23,no,12.46,603.38
4072,Synthetic_04072,80,F,prostate,IV,radiotherapy,2024-12-21,no,13.85,743.60
4073,Synthetic_04073,58,M,lung,II,chemotherapy,2022-08-27,yes,17.50,254.26
4074,Synthetic_04074,59,F,colon,II,chemotherapy,2024-04-06,no,10.36,443.37
4075,Synthetic_04075,88,M,prostate,IV,surgery,2020-08-05,no,9.65,341.36
4076,Synthetic_04076,66,F,breast,I,surgery,2021-01-12,no,10.22,192.58
4077,Synthetic_04077,41,M,breast,I,surgery,2020-04-26,no,6.58,255.10
4078,Synthetic_04078,86,F,lung,II,chemotherapy,2021-06-25,no,7.48,661.71
4079,Synthetic_04079,19,F,colon,III,chemotherapy,2020-06-14,no,19.24,980.33
4080,Synthetic_04080,89,M,prostate,I,radiotherapy,2025-12-13,yes,18.02,406.83
4081,Synthetic_04081,34,F,breast,I,surgery,2022-08-11,yes,3.19,488.78
4082,Synthetic_04082,36,M,prostate,I,chemotherapy,2020-07-02,yes,12.32,856.83
4083,Synthetic_04083,64,M,breast,II,chemotherapy,2023-05-23,no,6.33,275.84
4084,Synthetic_04084,50,M,breast,II,chemotherapy,2023-02-17,no,8.76,499.70
4085,Synthetic_04085,89,F,colon,IV,chemotherapy,2023-02-10,no,1.15,961.49
4086,Synthetic_04086,51,M,breast,IV,chemotherapy,2022-05-24,yes,12.30,918.13
4087,Synthetic_04087,67,M,prostate,I,chemotherapy,2023-02-24,yes,9.31,846.42
4088,Synthetic_04088,80,F,colon,IV,surgery,2020-04-25,yes,12.37,916.15
4089,Synthetic_04089,50,M,breast,II,chemotherapy,2023-06-23,yes,13.29,75.04
4090,Synthetic_04090,22,M,breast,III,chemotherapy,2025-04-27,no,7.28,880.68
4091,Synthetic_04091,83,M,colon,II,surgery,2024-04-01,no,9.77,3.61
4092,Synthetic_04092,62,F,breast,I,chemotherapy,2022-07-12,no,17.55,336.58
4093,Synthetic_04093,87,F,prostate,I,chemotherapy,2020-10-09,yes,14.79,237.03
4094,Synthetic_04094,39,M,prostate,III,radiotherapy,2025-10-17,no,14.24,366.97
4095,Synthetic_04095,26,M,prostate,III,chemotherapy,2024-08-15,no,15.43,193.63
4096,Synthetic_04096,47,F,prostate,IV,surgery,2020-02-06,no,14.55,166.36
4097,Synthetic_04097,21,F,prostate,II,surgery,2020-07-17,yes,19.89,412.86
4098,Synthetic_04098,22,M,colon,III,radiotherapy,2024-11-17,no,18.59,663.64
4099,Synthetic_04099,52,F,breast,IV,surgery,2025-01-03,no,13.95,33.20
4100,Synthetic_04100,24,F,prostate,II,surgery,2022-05-04,no,8.48,123.75
4101,Synthetic_04101,33,M,prostate,III,radiotherapy,2025-07-15,no,9.74,177.59
4102,Synthetic_04102,81,M,lung,II,surgery,2020-12-17,no,11.86,696.30
4103,Synthetic_04103,60,M,lung,II,radiotherapy,2025-12-24,no,17.15,693.64
4104,Synthetic_04104,76,F,colon,II,surgery,2021-01-13,yes,11.97,706.09
4105,Synthetic_04105,62,M,lung,I,surgery,2021-08-28,yes,4.56,95.12
4106,Synthetic_04106,51,F,colon,II,radiotherapy,2025-02-22,yes,17.09,163.16
4107,Synthetic_04107,70,F,prostate,III,surgery,2021-12-09,yes,13.04,374.16
4108,Synthetic_04108,88,M,prostate,IV,radiotherapy,2024-03-05,no,17.22,628.85
4109,Synthetic_04109,39,F,prostate,IV,radiotherapy,2023-10-26,yes,19.07,451.24
4110,Synthetic_04110,41,F,prostate,III,surgery,2023-07-19,yes,11.40,942.73
4111,Synthetic_04111,80,M,colon,IV,chemotherapy,2025-04-20,yes,16.26,807.51
4112,Synthetic_04112,28,M,breast,III,radiotherapy,2025-05-10,no,6.45,373.79
4113,Synthetic_04113,30,F,colon,I,chemotherapy,2024-08-05,yes,17.08,828.95
4114,Synthetic_04114,22,M,colon,II,surgery,2023-12-16,yes,12.27,51.33
4115,Synthetic_04115,88,M,colon,I,surgery,2023-04-10,no,2.19,47.57
4116,Synthetic_04116,23,M,prostate,III,surgery,2025-07-25,no,1.60,896.67
4117,Synthetic_04117,73,M,breast,I,radiotherapy,2024-06-14,yes,2.29,955.39
4118,Synthetic_04118,22,M,colon,IV,surgery,2022-10-13,yes,13.27,2.61
4119,Synthetic_04119,63,M,prostate,III,radiotherapy,2021-07-05,yes,17.29,801.98
4120,Synthetic_04120,47,F,lung,IV,chemotherapy,2022-02-05,no,13.38,174.33
4121,Synthetic_04121,63,M,lung,IV,chemotherapy,2025-09-08,yes,9.12,766.87
4122,Synthetic_04122,63,F,prostate,III,chemotherapy,2021-03-18,no,18.65,120.57
4123,Synthetic_04123,76,F,breast,II,chemotherapy,2023-10-24,no,3.51,783.21
4124,Synthetic_04124,33,M,colon,I,chemotherapy,2024-10-16,yes,1.33,582.21
4125,Synthetic_04125,36,F,prostate,III,chemotherapy,2025-09-12,yes,1.20,45.62
4126,Synthetic_04126,51,M,prostate,III,chemotherapy,2021-12-14,yes,16.57,541.79
4127,Synthetic_04127,57,M,lung,III,surgery,2022-09-10,yes,13.97,332.18
4128,Synthetic_04128,73,M,breast,III,surgery,2024-12-08,no,11.10,296.14
4129,Synthetic_04129,25,M,prostate,II,chemotherapy,2021-04-27,yes,7.62,872.73
4130,Synthetic_04130,64,M,breast,IV,chemotherapy,2021-10-28,yes,18.88,306.08
4131,Synthetic_04131,40,M,prostate,II,radiotherapy,2022-05-08,no,15.02,91.05
4132,Synthetic_04132,56,M,lung,III,radiotherapy,2023-11-20,no,16.26,778.75
4133,Synthetic_04133,41,F,colon,III,chemotherapy,2020-03-17,yes,8.75,103.30
4134,Synthetic_04134,75,M,lung,I,surgery,2020-01-27,yes,17.38,499.06
4135,Synthetic_04135,56,F,breast,II,chemotherapy,2023-08-07,yes,11.19,469.81
4136,Synthetic_04136,26,M,lung,I,chemotherapy,2021-05-28,no,14.43,909.37
4137,Synthetic_04137,72,F,lung,I,surgery,2021-08-23,no,7.13,981.32
4138,Synthetic_04138,54,M,colon,IV,radiotherapy,2020-10-17,yes,3.62,760.23
4139,Synthetic_04139,22,F,prostate,III,radiotherapy,2021-04-06,no,3.80,273.88
4140,Synthetic_04140,41,M,prostate,III,radiotherapy,2024-08-27,yes,8.08,508.77
4141,Synthetic_04141,57,F,prostate,II,radiotherapy,2024-12-01,yes,5.82,195.90
4142,Synthetic_04142,23,M,colon,II,surgery,2023-04-20,no,12.41,980.10
4143,Synthetic_04143,55,F,breast,III,radiotherapy,2023-02-24,yes,18.17,37.87
4144,Synthetic_04144,81,F,breast,I,chemotherapy,2025-09-06,yes,8.31,704.47
4145,Synthetic_04145,53,F,lung,III,surgery,2024-08-16,yes,1.48,474.21
4146,Synthetic_04146,54,F,breast,II,chemotherapy,2020-10-03,no,16.94,681.56
4147,Synthetic_04147,66,F,colon,II,chemotherapy,2025-10-24,yes,10.96,216.66
4148,Synthetic_04148,38,M,breast,IV,radiotherapy,2021-08-27,no,14.24,916.09
4149,Synthetic_04149,38,F,lung,II,surgery,2020-01-15,no,10.40,514.45
4150,Synthetic_04150,67,F,lung,II,chemotherapy,2022-04-25,no,19.78,926.65
4151,Synthetic_04151,36,M,prostate,IV,chemotherapy,2023-02-22,no,15.11,177.93
4152,Synthetic_04152,50,F,lung,IV,chemotherapy,2025-08-21,no,19.57,398.32
4153,Synthetic_04153,58,F,lung,III,radiotherapy,2025-08-03,no,12.94,79.26
4154,Synthetic_04154,61,F,colon,II,chemotherapy,2024-10-06,no,1.97,972.52
4155,Synthetic_04155,20,F,prostate,III,radiotherapy,2023-04-07,no,4.48,183.52
4156,Synthetic_04156,54,F,lung,IV,surgery,2022-01-05,yes,13.86,85.33
4157,Synthetic_04157,47,M,colon,I,surgery,2021-09-25,no,17.31,787.83
4158,Synthetic_04158,32,M,colon,IV,surgery,2024-12-07,no,5.09,837.41
4159,Synthetic_04159,28,M,prostate,III,surgery,2025-03-10,no,15.75,238.94
4160,Synthetic_04160,73,M,prostate,IV,surgery,2020-01-08,no,15.22,688.33
4161,Synthetic_04161,74,M,lung,II,surgery,2025-06-28,yes,9.75,787.27
4162,Synthetic_04162,77,F,colon,II,surgery,2021-12-20,yes,15.93,184.82
4163,Synthetic_04163,80,F,colon,I,chemotherapy,2024-06-18,no,6.81,312.70
4164,Synthetic_04164,53,F,lung,III,surgery,2024-04-27,no,3.73,789.57
4165,Synthetic_04165,69,M,lung,IV,radiotherapy,2022-06-27,no,2.12,819.15
4166,Synthetic_04166,35,F,prostate,IV,chemotherapy,2023-12-20,no,3.18,529.63
4167,Synthetic_04167,34,F,lung,III,chemotherapy,2020-12-06,no,2.85,676.05
4168,Synthetic_04168,45,F,colon,II,chemotherapy,2021-08-08,yes,1.92,432.54
4169,Synthetic_04169,83,M,lung,III,chemotherapy,2022-12-18,no,2.08,66.39
4170,Synthetic_04170,73,M,prostate,III,chemotherapy,2021-04-25,yes,19.19,211.80
4171,Synthetic_04171,88,M,lung,IV,chemotherapy,2021-05-28,no,4.89,136.08
4172,Synthetic_04172,66,M,lung,II,radiotherapy,2021-08-12,no,10.93,980.21
4173,Synthetic_04173,36,F,breast,II,radiotherapy,2025-05-27,yes,4.71,678.64
4174,Synthetic_04174,68,M,lung,IV,radiotherapy,2025-02-25,yes,13.61,751.27
4175,Synthetic_04175,87,F,colon,II,surgery,2025-10-18,yes,11.10,501.40
4176,Synthetic_04176,56,F,lung,IV,chemotherapy,2024-04-06,yes,11.64,424.01
4177,Synthetic_04177,19,M,lung,III,chemotherapy,2025-04-23,no,11.85,970.93
4178,Synthetic_04178,45,M,colon,I,radiotherapy,2025-01-26,yes,1.47,499.29
4179,Synthetic_04179,64,M,colon,II,surgery,2023-07-21,no,8.79,632.02
4180,Synthetic_04180,20,M,lung,I,surgery,2022-09-02,yes,16.13,402.62
4181,Synthetic_04181,80,M,breast,II,radiotherapy,2022-03-20,yes,4.09,670.83
4182,Synthetic_04182,81,F,breast,II,surgery,2021-01-26,no,6.01,145.92
4183,Synthetic_04183,89,M,prostate,II,radiotherapy,2025-10-27,yes,16.46,439.88
4184,Synthetic_04184,62,M,colon,IV,radiotherapy,2020-05-02,no,14.71,136.99
4185,Synthetic_04185,33,M,breast,IV,chemotherapy,2022-12-25,no,8.41,89.39
4186,Synthetic_04186,50,F,prostate,II,radiotherapy,2023-10-12,no,5.23,177.39
4187,Synthetic_04187,68,F,prostate,II,radiotherapy,2021-04-07,no,6.10,792.92
4188,Synthetic_04188,88,M,lung,I,radiotherapy,2021-02-07,yes,12.76,741.74
4189,Synthetic_04189,72,F,lung,III,surgery,2022-06-13,yes,19.94,292.36
4190,Synthetic_04190,46,M,prostate,IV,surgery,2023-12-28,no,13.74,123.11
4191,Synthetic_04191,88,M,lung,II,chemotherapy,2023-12-24,no,16.00,737.91
4192,Synthetic_04192,63,M,lung,I,radiotherapy,2024-03-28,no,1.85,487.91
4193,Synthetic_04193,72,F,prostate,I,radiotherapy,2025-02-12,no,10.23,496.97
4194,Synthetic_04194,89,F,colon,I,surgery,2023-06-15,yes,12.48,624.99
4195,Synthetic_04195,83,M,breast,III,radiotherapy,2021-01-03,no,11.27,879.74
4196,Synthetic_04196,37,F,breast,III,surgery,2022-07-21,no,16.27,329.85
4197,Synthetic_04197,67,F,breast,IV,radiotherapy,2021-05-23,no,4.57,632.36
4198,Synthetic_04198,65,F,breast,IV,chemotherapy,2024-10-15,yes,1.12,208.41
4199,Synthetic_04199,66,M,prostate,III,surgery,2020-06-04,no,11.54,157.41
4200,Synthetic_04200,75,M,prostate,II,chemotherapy,2020-03-11,yes,16.12,445.48
4201,Synthetic_04201,21,M,lung,II,radiotherapy,2023-11-25,yes,19.69,305.18
4202,Synthetic_04202,82,F,prostate,I,chemotherapy,2022-09-24,no,19.54,966.23
4203,Synthetic_04203,89,F,prostate,I,surgery,2024-05-23,no,7.95,360.04
4204,Synthetic_04204,79,M,breast,I,radiotherapy,2025-03-21,yes,12.80,350.93
4205,Synthetic_04205,76,F,lung,IV,radiotherapy,2025-01-27,no,2.57,476.21
4206,Synthetic_04206,81,F,prostate,III,chemotherapy,2021-08-23,no,9.36,665.92
4207,Synthetic_04207,62,M,prostate,IV,chemotherapy,2022-12-12,no,14.15,652.42
4208,Synthetic_04208,78,F,prostate,II,surgery,2025-05-04,no,17.61,103.48
4209,Synthetic_04209,59,F,breast,III,surgery,2023-03-06,yes,10.71,825.83
4210,Synthetic_04210,49,M,prostate,I,radiotherapy,2021-09-14,yes,7.67,567.91
4211,Synthetic_04211,33,F,breast,II,chemotherapy,2023-05-21,no,14.05,975.34
4212,Synthetic_04212,29,F,colon,I,radiotherapy,2020-04-22,yes,8.18,275.28
4213,Synthetic_04213,67,M,lung,III,radiotherapy,2023-08-20,yes,12.98,350.31
4214,Synthetic_04214,66,F,breast,III,radiotherapy,2024-04-07,yes,4.76,919.94
4215,Synthetic_04215,38,F,lung,II,surgery,2021-09-25,no,14.66,24.83
4216,Synthetic_04216,59,F,prostate,III,chemotherapy,2023-09-07,no,17.13,797.35
4217,Synthetic_04217,50,F,colon,IV,radiotherapy,2021-05-06,yes,17.89,775.54
4218,Synthetic_04218,37,F,breast,IV,surgery,2020-04-02,no,15.37,64.28
4219,Synthetic_04219,39,M,breast,I,surgery,2021-05-14,yes,12.81,376.14
4220,Synthetic_04220,59,F,breast,III,chemotherapy,2023-11-11,no,14.12,714.25
4221,Synthetic_04221,88,F,colon,III,chemotherapy,2025-06-04,yes,17.10,996.03
4222,Synthetic_04222,57,F,colon,IV,surgery,2023-02-04,yes,19.11,165.22
4223,Synthetic_04223,50,M,breast,IV,surgery,2024-12-04,no,6.71,360.30
4224,Synthetic_04224,58,M,breast,II,chemotherapy,2022-10-03,no,12.67,473.06
4225,Synthetic_04225,78,M,colon,III,surgery,2023-07-16,no,17.66,649.92
4226,Synthetic_04226,58,M,breast,IV,radiotherapy,2020-12-18,no,12.13,236.28
4227,Synthetic_04227,20,M,lung,I,chemotherapy,2025-12-11,no,1.79,302.65
4228,Synthetic_04228,58,M,breast,II,chemotherapy,2022-12-25,no,9.24,292.39
4229,Synthetic_04229,90,M,prostate,III,radiotherapy,2021-02-26,no,3.01,74.36
4230,Synthetic_04230,68,M,colon,II,radiotherapy,2020-09-09,yes,17.62,577.69
4231,Synthetic_04231,34,F,breast,I,chemotherapy,2020-03-09,no,19.79,988.04
4232,Synthetic_04232,89,F,breast,IV,radiotherapy,2020-01-03,yes,4.62,248.95
4233,Synthetic_04233,29,M,prostate,I,surgery,2024-09-04,no,14.40,316.10
4234,Synthetic_04234,39,M,lung,I,chemotherapy,2025-11-14,no,19.00,583.54
4235,Synthetic_04235,60,F,breast,I,chemotherapy,2023-02-15,yes,8.72,626.45
4236,Synthetic_04236,21,M,colon,IV,surgery,2022-10-10,no,17.11,411.37
4237,Synthetic_04237,70,M,colon,II,chemotherapy,2020-05-09,no,7.82,994.06
4238,Synthetic_04238,42,M,breast,II,radiotherapy,2023-11-09,yes,5.53,893.12
4239,Synthetic_04239,44,F,lung,II,chemotherapy,2020-07-27,no,4.66,399.81
4240,Synthetic_04240,38,F,prostate,III,radiotherapy,2023-09-15,no,3.45,142.40
4241,Synthetic_04241,86,F,colon,I,chemotherapy,2021-02-15,yes,11.14,837.59
4242,Synthetic_04242,71,M,breast,III,radiotherapy,2023-07-14,yes,14.35,434.58
4243,Synthetic_04243,75,F,breast,I,chemotherapy,2023-10-12,yes,19.97,970.28
4244,Synthetic_04244,68,F,breast,IV,chemotherapy,2022-02-10,yes,1.31,782.00
4245,Synthetic_04245,20,M,lung,I,radiotherapy,2023-02-12,no,12.30,287.76
4246,Synthetic_04246,89,F,prostate,III,radiotherapy,2021-09-13,yes,3.69,138.97
4247,Synthetic_04247,57,F,breast,I,radiotherapy,2020-02-10,no,15.84,960.96
4248,Synthetic_04248,84,M,prostate,II,surgery,2023-08-06,no,6.61,812.48
4249,Synthetic_04249,49,M,lung,I,radiotherapy,2021-11-28,no,16.04,541.70
4250,Synthetic_04250,59,M,colon,IV,surgery,2022-08-14,yes,4.60,476.22
4251,Synthetic_04251,38,M,colon,III,chemotherapy,2023-11-18,no,3.78,430.93
4252,Synthetic_04252,82,F,breast,I,chemotherapy,2021-10-27,no,13.23,68.37
4253,Synthetic_04253,56,M,lung,III,surgery,2020-05-06,no,9.19,959.58
4254,Synthetic_04254,73,F,prostate,I,radiotherapy,2020-03-09,yes,14.35,951.58
4255,Synthetic_04255,43,M,prostate,IV,chemotherapy,2021-12-13,yes,18.18,419.13
4256,Synthetic_04256,43,F,breast,IV,radiotherapy,2020-03-23,no,13.45,54.01
4257,Synthetic_04257,39,M,breast,IV,chemotherapy,2023-07-10,yes,16.29,444.36
4258,Synthetic_04258,42,M,prostate,III,chemotherapy,2023-01-25,no,10.05,553.87
4259,Synthetic_04259,52,M,breast,IV,surgery,2024-12-27,yes,9.97,80.90
4260,Synthetic_04260,78,M,colon,I,radiotherapy,2021-01-01,no,6.94,244.36
4261,Synthetic_04261,71,M,breast,III,chemotherapy,2024-11-24,no,1.84,441.91
4262,Synthetic_04262,63,M,breast,III,radiotherapy,2025-02-02,yes,8.35,893.18
4263,Synthetic_04263,78,F,prostate,III,radiotherapy,2020-09-20,yes,5.62,308.10
4264,Synthetic_04264,85,F,colon,IV,surgery,2022-08-11,yes,11.85,900.70
4265,Synthetic_04265,24,M,colon,III,surgery,2021-07-01,yes,15.71,570.56
4266,Synthetic_04266,41,F,lung,II,chemotherapy,2023-05-28,no,15.53,772.09
4267,Synthetic_04267,40,F,prostate,II,surgery,2020-08-06,no,8.34,469.71
4268,Synthetic_04268,60,M,lung,III,radiotherapy,2021-05-11,no,12.44,231.93
4269,Synthetic_04269,86,M,colon,I,radiotherapy,2022-03-01,no,7.95,460.57
4270,Synthetic_04270,68,M,lung,I,surgery,2025-06-13,no,6.49,141.98
4271,Synthetic_04271,46,M,breast,II,chemotherapy,2020-06-17,no,13.94,541.95
4272,Synthetic_04272,46,M,colon,I,surgery,2022-03-12,no,5.40,161.27
4273,Synthetic_04273,77,M,breast,IV,radiotherapy,2021-03-20,no,16.66,168.94
4274,Synthetic_04274,18,F,prostate,III,radiotherapy,2025-01-05,no,1.09,562.04
4275,Synthetic_04275,76,F,breast,II,chemotherapy,2021-10-08,no,6.56,405.80
4276,Synthetic_04276,88,M,lung,I,chemotherapy,2023-04-20,yes,16.06,390.92
4277,Synthetic_04277,20,M,prostate,III,chemotherapy,2025-08-10,yes,1.24,289.83
4278,Synthetic_04278,35,F,breast,III,radiotherapy,2021-07-01,no,8.10,993.94
4279,Synthetic_04279,37,F,prostate,IV,surgery,2022-09-10,no,4.19,632.45
4280,Synthetic_04280,49,F,lung,II,surgery,2020-10-04,yes,14.97,738.92
4281,Synthetic_04281,56,M,lung,I,radiotherapy,2025-05-04,yes,12.84,674.73
4282,Synthetic_04282,42,M,colon,III,radiotherapy,2024-11-20,yes,8.83,861.17
4283,Synthetic_04283,88,F,breast,I,chemotherapy,2023-04-08,no,4.92,587.74
4284,Synthetic_04284,66,M,lung,I,radiotherapy,2025-10-16,no,12.72,136.31
4285,Synthetic_04285,79,M,lung,I,surgery,2022-07-25,no,16.74,507.60
4286,Synthetic_04286,19,M,breast,I,radiotherapy,2023-04-11,yes,12.25,15.70
4287,Synthetic_04287,54,M,prostate,IV,surgery,2025-12-20,no,2.38,961.78
4288,Synthetic_04288,74,F,colon,IV,chemotherapy,2020-02-28,yes,17.12,436.57
4289,Synthetic_04289,66,M,prostate,II,radiotherapy,2025-09-23,yes,15.00,433.12
4290,Synthetic_04290,79,M,prostate,II,chemotherapy,2022-09-25,no,11.08,229.89
4291,Synthetic_04291,74,M,prostate,I,radiotherapy,2023-04-18,yes,15.89,133.17
4292,Synthetic_04292,81,M,breast,I,radiotherapy,2024-02-03,yes,13.79,927.01
4293,Synthetic_04293,66,M,colon,IV,chemotherapy,2021-07-20,no,12.17,306.61
4294,Synthetic_04294,70,F,prostate,I,surgery,2021-10-17,no,12.98,163.06
4295,Synthetic_04295,38,M,prostate,III,surgery,2024-11-23,yes,2.81,122.33
4296,Synthetic_04296,35,M,lung,I,chemotherapy,2023-08-09,no,16.64,844.42
4297,Synthetic_04297,58,M,prostate,IV,chemotherapy,2023-07-17,no,5.64,167.74
4298,Synthetic_04298,78,M,breast,I,surgery,2020-04-22,yes,8.59,348.86
4299,Synthetic_04299,39,M,colon,I,radiotherapy,2022-11-28,no,12.04,579.35
4300,Synthetic_04300,36,F,colon,IV,radiotherapy,2020-06-08,yes,7.43,602.62
4301,Synthetic_04301,38,M,colon,III,chemotherapy,2024-12-07,no,4.22,60.02
4302,Synthetic_04302,49,F,colon,IV,chemotherapy,2023-05-01,no,5.29,896.02
4303,Synthetic_04303,40,M,prostate,IV,radiotherapy,2024-07-01,yes,8.46,729.60
4304,Synthetic_04304,84,M,prostate,IV,surgery,2025-10-04,no,7.04,163.82
4305,Synthetic_04305,51,M,breast,III,radiotherapy,2024-12-24,yes,4.55,306.79
4306,Synthetic_04306,58,F,colon,IV,surgery,2025-10-26,yes,2.13,122.67
4307,Synthetic_04307,43,F,lung,III,radiotherapy,2025-04-17,no,3.26,599.09
4308,Synthetic_04308,71,F,prostate,IV,radiotherapy,2021-07-25,yes,2.65,939.02
4309,Synthetic_04309,25,M,lung,II,chemotherapy,2021-01-23,yes,12.57,74.36
4310,Synthetic_04310,90,F,prostate,II,chemotherapy,2020-12-01,no,4.49,231.05
4311,Synthetic_04311,19,M,prostate,I,chemotherapy,2023-10-01,no,7.52,531.08
4312,Synthetic_04312,68,F,colon,III,surgery,2024-02-26,no,19.04,301.11
4313,Synthetic_04313,56,M,lung,IV,radiotherapy,2024-03-24,no,3.97,410.23
4314,Synthetic_04314,76,M,prostate,II,radiotherapy,2020-07-13,yes,4.40,365.71
4315,Synthetic_04315,52,M,prostate,IV,radiotherapy,2022-10-09,no,9.34,907.91
4316,Synthetic_04316,70,F,prostate,I,surgery,2020-10-25,yes,18.00,757.36
4317,Synthetic_04317,32,F,breast,II,chemotherapy,2022-11-11,no,18.09,393.78
4318,Synthetic_04318,33,M,lung,III,surgery,2025-10-17,no,15.54,676.51
4319,Synthetic_04319,62,F,lung,III,chemotherapy,2022-08-22,no,19.56,686.72
4320,Synthetic_04320,38,F,breast,IV,radiotherapy,2022-11-10,yes,1.89,134.21
4321,Synthetic_04321,39,F,colon,IV,radiotherapy,2022-02-23,yes,12.81,488.37
4322,Synthetic_04322,41,M,prostate,IV,surgery,2023-05-25,no,8.78,985.21
4323,Synthetic_04323,63,M,colon,II,surgery,2022-05-20,no,4.69,752.06
4324,Synthetic_04324,36,F,colon,II,chemotherapy,2023-10-14,yes,1.23,417.92
4325,Synthetic_04325,45,M,breast,III,surgery,2021-02-12,no,14.80,818.46
4326,Synthetic_04326,89,M,prostate,II,chemotherapy,2023-10-17,no,17.78,630.06
4327,Synthetic_04327,74,F,prostate,IV,radiotherapy,2023-07-11,no,9.57,530.61
4328,Synthetic_04328,28,M,prostate,II,chemotherapy,2024-01-23,yes,8.80,981.82
4329,Synthetic_04329,24,M,colon,III,surgery,2021-05-22,no,14.26,943.07
4330,Synthetic_04330,20,F,colon,I,radiotherapy,2025-10-16,yes,17.79,259.00
4331,Synthetic_04331,65,F,breast,III,chemotherapy,2021-06-14,yes,19.23,894.83
4332,Synthetic_04332,70,M,breast,III,surgery,2022-05-21,yes,10.84,200.29
4333,Synthetic_04333,65,F,lung,II,chemotherapy,2025-06-08,yes,7.68,161.49
4334,Synthetic_04334,41,F,breast,I,surgery,2024-06-21,yes,6.58,616.95
4335,Synthetic_04335,67,F,lung,I,chemotherapy,2020-04-08,no,18.07,69.76
4336,Synthetic_04336,19,F,lung,IV,surgery,2023-01-16,no,1.50,426.95
4337,Synthetic_04337,66,M,breast,II,chemotherapy,2020-01-28,no,14.39,138.67
4338,Synthetic_04338,44,F,colon,IV,radiotherapy,2024-04-26,yes,12.41,629.83
4339,Synthetic_04339,79,F,breast,IV,radiotherapy,2024-07-13,yes,10.48,866.35
4340,Synthetic_04340,75,M,breast,II,chemotherapy,2022-10-12,no,4.45,407.21
4341,Synthetic_04341,67,M,colon,III,radiotherapy,2021-09-15,yes,8.35,456.24
4342,Synthetic_04342,88,M,breast,II,chemotherapy,2024-09-08,yes,16.73,887.41
4343,Synthetic_04343,82,M,breast,IV,radiotherapy,2024-03-01,no,4.97,517.49
4344,Synthetic_04344,69,M,lung,II,chemotherapy,2023-07-19,no,12.93,274.08
4345,Synthetic_04345,28,F,lung,III,surgery,2020-12-11,yes,4.92,425.63
4346,Synthetic_04346,18,F,breast,I,surgery,2024-02-01,yes,15.66,906.96
4347,Synthetic_04347,42,F,lung,IV,radiotherapy,2025-10-04,yes,7.74,289.95
4348,Synthetic_04348,89,M,lung,III,radiotherapy,2023-04-02,no,18.90,429.00
4349,Synthetic_04349,34,F,breast,II,chemotherapy,2022-09-25,yes,11.83,620.41
4350,Synthetic_04350,52,M,prostate,III,radiotherapy,2024-04-21,yes,15.44,851.03
4351,Synthetic_04351,61,F,prostate,III,chemotherapy,2025-01-25,no,5.08,187.35
4352,Synthetic_04352,84,F,prostate,III,surgery,2020-02-23,no,1.73,625.40
4353,Synthetic_04353,83,F,colon,IV,surgery,2020-10-23,no,3.02,206.96
4354,Synthetic_04354,30,M,prostate,II,radiotherapy,2022-10-16,yes,5.13,970.55
4355,Synthetic_04355,64,M,colon,IV,radiotherapy,2020-02-17,yes,16.20,296.64
4356,Synthetic_04356,63,M,breast,IV,chemotherapy,2020-06-17,yes,9.75,735.71
4357,Synthetic_04357,88,M,lung,I,radiotherapy,2025-05-13,no,9.30,759.83
4358,Synthetic_04358,32,F,prostate,II,radiotherapy,2020-03-14,no,12.61,413.44
4359,Synthetic_04359,34,M,colon,I,chemotherapy,2025-02-22,yes,19.08,971.49
4360,Synthetic_04360,82,F,colon,IV,surgery,2021-04-13,yes,8.91,44.76
4361,Synthetic_04361,58,F,prostate,III,chemotherapy,2025-01-08,no,8.08,176.26
4362,Synthetic_04362,70,M,lung,I,surgery,2023-02-16,no,13.16,655.80
4363,Synthetic_04363,87,F,prostate,III,radiotherapy,2025-12-20,yes,17.51,821.80
4364,Synthetic_04364,71,F,breast,IV,chemotherapy,2024-01-09,no,7.63,875.13
4365,Synthetic_04365,69,M,breast,I,surgery,2022-02-22,yes,11.82,723.75
4366,Synthetic_04366,85,F,breast,II,chemotherapy,2024-02-15,yes,18.10,177.94
4367,Synthetic_04367,53,F,colon,IV,chemotherapy,2025-12-03,yes,3.40,956.29
4368,Synthetic_04368,48,M,colon,I,surgery,2021-02-04,yes,8.06,411.94
4369,Synthetic_04369,46,F,breast,II,radiotherapy,2025-03-20,no,16.66,979.39
4370,Synthetic_04370,58,F,lung,III,chemotherapy,2024-06-10,yes,11.90,169.17
4371,Synthetic_04371,33,M,colon,IV,surgery,2025-06-22,yes,18.33,208.32
4372,Synthetic_04372,70,F,breast,IV,radiotherapy,2024-02-15,no,2.48,216.35
4373,Synthetic_04373,58,M,prostate,II,chemotherapy,2021-03-25,no,1.28,54.21
4374,Synthetic_04374,32,M,colon,I,radiotherapy,2021-05-19,yes,6.99,396.05
4375,Synthetic_04375,33,F,breast,II,chemotherapy,2022-07-05,no,4.34,26.06
4376,Synthetic_04376,86,F,colon,IV,chemotherapy,2021-07-15,yes,7.21,839.78
4377,Synthetic_04377,55,F,prostate,II,surgery,2022-12-05,no,18.19,185.27
4378,Synthetic_04378,63,F,colon,I,radiotherapy,2024-06-20,no,19.64,838.21
4379,Synthetic_04379,61,F,breast,IV,surgery,2021-07-02,yes,10.97,923.36
4380,Synthetic_04380,73,F,prostate,IV,chemotherapy,2023-03-04,no,9.19,820.74
4381,Synthetic_04381,46,M,prostate,IV,radiotherapy,2023-10-19,no,11.99,804.70
4382,Synthetic_04382,25,F,colon,IV,chemotherapy,2025-02-17,no,3.10,394.39
4383,Synthetic_04383,26,M,prostate,III,radiotherapy,2024-02-07,yes,9.50,442.53
4384,Synthetic_04384,19,F,lung,II,radiotherapy,2020-10-09,no,11.47,716.96
4385,Synthetic_04385,29,F,prostate,III,radiotherapy,2021-01-25,yes,4.73,838.97
4386,Synthetic_04386,84,F,breast,IV,chemotherapy,2022-03-23,yes,18.55,953.89
4387,Synthetic_04387,60,F,colon,IV,surgery,2022-12-18,yes,4.31,947.26
4388,Synthetic_04388,55,F,colon,III,radiotherapy,2020-03-12,no,14.24,99.78
4389,Synthetic_04389,31,M,breast,II,surgery,2021-04-05,yes,16.57,95.47
4390,Synthetic_04390,19,F,lung,I,radiotherapy,2022-11-04,no,2.30,617.94
4391,Synthetic_04391,32,F,lung,IV,radiotherapy,2023-11-03,no,14.77,567.35
4392,Synthetic_04392,57,M,colon,IV,surgery,2022-11-04,no,1.56,69.85
4393,Synthetic_04393,73,F,colon,III,radiotherapy,2025-05-01,yes,4.89,669.99
4394,Synthetic_04394,82,F,colon,I,radiotherapy,2020-11-05,yes,9.48,793.39
4395,Synthetic_04395,55,F,breast,IV,chemotherapy,2020-04-01,yes,3.08,71.08
4396,Synthetic_04396,90,M,colon,IV,radiotherapy,2025-05-05,no,14.24,835.30
4397,Synthetic_04397,48,F,colon,II,radiotherapy,2021-09-26,yes,18.81,86.89
4398,Synthetic_04398,40,F,breast,III,radiotherapy,2025-02-14,no,15.75,701.37
4399,Synthetic_04399,88,M,lung,III,chemotherapy,2023-12-21,yes,3.37,105.03
4400,Synthetic_04400,30,M,colon,IV,radiotherapy,2025-12-26,yes,2.23,990.84
4401,Synthetic_04401,79,F,breast,I,chemotherapy,2020-07-07,yes,10.87,596.53
4402,Synthetic_04402,84,M,breast,II,chemotherapy,2024-02-27,no,12.05,94.75
4403,Synthetic_04403,42,M,lung,I,radiotherapy,2024-05-11,yes,9.70,160.18
4404,Synthetic_04404,42,M,lung,II,radiotherapy,2024-12-04,no,15.30,338.99
4405,Synthetic_04405,25,F,lung,III,chemotherapy,2025-03-25,yes,9.87,605.96
4406,Synthetic_04406,22,F,colon,III,radiotherapy,2020-04-20,no,18.61,412.22
4407,Synthetic_04407,76,M,lung,II,radiotherapy,2025-04-09,yes,17.29,398.05
4408,Synthetic_04408,31,M,colon,I,chemotherapy,2021-06-02,yes,3.48,209.38
4409,Synthetic_04409,43,M,colon,II,surgery,2023-12-14,no,18.40,676.11
4410,Synthetic_04410,38,F,lung,I,chemotherapy,2023-10-01,no,19.13,28.34
4411,Synthetic_04411,46,M,lung,II,radiotherapy,2023-03-06,yes,8.70,251.43
4412,Synthetic_04412,76,M,lung,II,surgery,2025-07-23,yes,9.29,451.87
4413,Synthetic_04413,84,M,prostate,II,radiotherapy,2024-10-07,yes,10.90,953.48
4414,Synthetic_04414,58,F,colon,IV,radiotherapy,2025-12-13,no,4.51,583.26
4415,Synthetic_04415,61,M,lung,I,chemotherapy,2021-08-12,no,19.68,391.55
4416,Synthetic_04416,53,M,breast,I,surgery,2022-08-09,yes,1.46,407.68
4417,Synthetic_04417,39,M,lung,III,radiotherapy,2025-04-02,no,8.36,441.60
4418,Synthetic_04418,28,F,colon,I,surgery,2020-04-11,yes,17.97,168.42
4419,Synthetic_04419,82,F,breast,I,radiotherapy,2024-03-06,yes,4.11,467.81
4420,Synthetic_04420,57,F,prostate,IV,chemotherapy,2023-01-04,no,13.45,645.97
4421,Synthetic_04421,59,M,breast,I,surgery,2021-10-07,yes,19.55,258.24
4422,Synthetic_04422,74,M,prostate,III,chemotherapy,2024-04-14,no,17.22,281.58
4423,Synthetic_04423,41,M,colon,III,radiotherapy,2023-06-21,no,17.13,624.27
4424,Synthetic_04424,57,F,prostate,IV,surgery,2023-10-07,no,16.93,208.09
4425,Synthetic_04425,40,F,prostate,I,radiotherapy,2023-06-19,no,8.68,402.64
4426,Synthetic_04426,31,F,colon,IV,surgery,2023-03-25,yes,4.58,24.51
4427,Synthetic_04427,24,F,lung,III,surgery,2023-12-05,yes,7.38,688.70
4428,Synthetic_04428,78,M,prostate,IV,chemotherapy,2020-07-22,no,13.73,714.26
4429,Synthetic_04429,63,M,lung,IV,chemotherapy,2022-04-15,no,4.18,383.91
4430,Synthetic_04430,33,M,breast,I,surgery,2024-01-16,no,8.65,722.68
4431,Synthetic_04431,29,F,lung,III,chemotherapy,2021-11-12,no,4.47,425.77
4432,Synthetic_04432,78,M,colon,III,surgery,2021-07-16,no,14.23,307.27
4433,Synthetic_04433,25,M,lung,II,chemotherapy,2023-06-26,yes,12.51,939.28
4434,Synthetic_04434,72,M,breast,III,chemotherapy,2025-10-09,yes,4.85,508.52
4435,Synthetic_04435,72,M,breast,III,chemotherapy,2024-12-04,no,5.71,410.71
4436,Synthetic_04436,65,F,colon,II,chemotherapy,2022-04-21,no,19.97,965.17
4437,Synthetic_04437,37,M,breast,IV,surgery,2024-08-12,yes,14.42,548.34
4438,Synthetic_04438,78,M,prostate,II,radiotherapy,2021-01-18,no,13.46,308.79
4439,Synthetic_04439,43,M,prostate,III,chemotherapy,2025-01-06,no,15.34,940.30
4440,Synthetic_04440,74,F,prostate,III,radiotherapy,2021-08-14,yes,14.22,166.58
4441,Synthetic_04441,43,F,colon,I,chemotherapy,2024-06-17,no,10.93,104.29
4442,Synthetic_04442,66,M,prostate,III,surgery,2024-10-10,no,2.20,410.27
4443,Synthetic_04443,24,M,breast,III,radiotherapy,2020-05-14,yes,12.77,514.26
4444,Synthetic_04444,38,M,colon,IV,radiotherapy,2021-10-09,no,9.12,165.21
4445,Synthetic_04445,40,F,colon,I,chemotherapy,2024-12-14,no,13.14,707.69
4446,Synthetic_04446,50,M,lung,III,radiotherapy,2025-06-26,no,12.02,97.87
4447,Synthetic_04447,80,M,lung,III,chemotherapy,2023-04-27,no,8.11,207.99
4448,Synthetic_04448,67,F,breast,IV,surgery,2020-08-02,no,11.74,149.91
4449,Synthetic_04449,56,M,colon,II,surgery,2022-03-04,no,8.19,496.43
4450,Synthetic_04450,63,F,breast,III,surgery,2025-11-22,yes,1.72,700.37
4451,Synthetic_04451,72,F,colon,IV,surgery,2022-06-12,yes,17.00,695.17
4452,Synthetic_04452,62,F,breast,I,chemotherapy,2020-04-23,yes,16.06,488.94
4453,Synthetic_04453,70,M,breast,III,chemotherapy,2021-12-27,yes,1.94,574.19
4454,Synthetic_04454,76,M,prostate,I,chemotherapy,2023-02-19,no,4.70,543.08
4455,Synthetic_04455,64,F,prostate,I,surgery,2020-12-21,yes,13.69,310.87
4456,Synthetic_04456,73,M,colon,III,surgery,2021-09-27,no,1.63,757.62
4457,Synthetic_04457,54,F,colon,II,surgery,2023-05-10,yes,8.94,938.86
4458,Synthetic_04458,56,M,prostate,II,radiotherapy,2021-12-28,yes,12.69,860.78
4459,Synthetic_04459,84,M,lung,I,surgery,2022-03-09,no,12.86,199.84
4460,Synthetic_04460,45,M,breast,III,radiotherapy,2024-06-22,no,1.85,778.05
4461,Synthetic_04461,22,F,colon,IV,radiotherapy,2025-11-21,yes,12.09,329.49
4462,Synthetic_04462,68,F,prostate,I,chemotherapy,2024-05-04,no,16.03,125.07
4463,Synthetic_04463,45,F,lung,I,radiotherapy,2020-04-16,no,7.26,457.77
4464,Synthetic_04464,56,M,breast,I,radiotherapy,2022-04-10,yes,17.18,816.84
4465,Synthetic_04465,70,F,prostate,II,surgery,2020-05-07,no,1.47,360.37
4466,Synthetic_04466,42,M,colon,II,radiotherapy,2023-11-23,yes,5.09,38.09
4467,Synthetic_04467,44,F,lung,II,surgery,2022-10-22,yes,18.61,275.44
4468,Synthetic_04468,82,F,breast,II,chemotherapy,2024-02-12,yes,9.65,897.24
4469,Synthetic_04469,51,M,lung,IV,radiotherapy,2022-11-04,yes,16.06,512.26
4470,Synthetic_04470,31,F,breast,IV,surgery,2020-07-18,no,3.10,280.37
4471,Synthetic_04471,81,F,colon,II,radiotherapy,2020-11-21,yes,15.63,137.66
4472,Synthetic_04472,39,M,prostate,III,surgery,2023-01-27,no,10.17,559.67
4473,Synthetic_04473,70,M,breast,I,radiotherapy,2023-09-13,no,6.17,451.43
4474,Synthetic_04474,40,F,lung,III,chemotherapy,2024-09-04,no,1.94,611.60
4475,Synthetic_04475,28,M,breast,III,radiotherapy,2024-09-08,yes,18.37,554.29
4476,Synthetic_04476,57,M,colon,III,chemotherapy,2022-06-04,yes,1.17,425.66
4477,Synthetic_04477,80,M,lung,II,chemotherapy,2022-12-02,yes,7.32,526.99
4478,Synthetic_04478,22,F,breast,IV,radiotherapy,2025-03-02,yes,8.56,916.67
4479,Synthetic_04479,22,M,colon,II,radiotherapy,2025-06-25,no,5.55,761.86
4480,Synthetic_04480,49,F,colon,I,radiotherapy,2025-10-18,yes,1.95,954.34
4481,Synthetic_04481,18,M,colon,IV,radiotherapy,2024-06-28,yes,5.52,559.70
4482,Synthetic_04482,77,F,prostate,I,radiotherapy,2022-04-12,no,3.25,616.68
4483,Synthetic_04483,28,M,breast,II,surgery,2023-02-20,yes,19.19,420.64
4484,Synthetic_04484,49,M,breast,II,radiotherapy,2024-08-03,no,8.56,832.29
4485,Synthetic_04485,88,M,lung,I,surgery,2024-08-07,yes,13.07,192.04
4486,Synthetic_04486,29,F,lung,II,chemotherapy,2023-12-18,no,6.54,431.72
4487,Synthetic_04487,29,M,lung,III,radiotherapy,2024-12-04,no,6.23,476.95
4488,Synthetic_04488,63,F,breast,IV,radiotherapy,2025-11-23,yes,15.99,818.09
4489,Synthetic_04489,83,M,breast,IV,radiotherapy,2020-01-12,no,3.60,497.77
4490,Synthetic_04490,80,F,lung,IV,chemotherapy,2021-12-24,no,2.42,899.73
4491,Synthetic_04491,67,F,breast,II,surgery,2020-12-09,yes,3.27,943.17
4492,Synthetic_04492,83,M,breast,I,chemotherapy,2022-09-13,no,16.73,995.66
4493,Synthetic_04493,65,F,breast,III,surgery,2023-12-09,yes,18.19,169.57
4494,Synthetic_04494,71,M,lung,II,chemotherapy,2022-02-26,no,16.13,285.87
4495,Synthetic_04495,74,M,lung,I,radiotherapy,2022-07-22,no,14.61,665.68
4496,Synthetic_04496,45,M,breast,III,radiotherapy,2024-02-26,no,11.25,482.50
4497,Synthetic_04497,74,M,lung,I,radiotherapy,2021-12-21,no,18.47,85.25
4498,Synthetic_04498,37,F,colon,I,surgery,2025-09-06,yes,14.19,630.59
4499,Synthetic_04499,89,M,lung,I,chemotherapy,2021-11-08,no,7.99,835.28
4500,Synthetic_04500,40,F,lung,I,radiotherapy,2023-03-25,yes,18.26,449.87
4501,Synthetic_04501,85,M,colon,IV,chemotherapy,2025-12-16,no,11.22,318.98
4502,Synthetic_04502,47,F,lung,I,surgery,2024-10-02,no,4.60,979.59
4503,Synthetic_04503,24,M,breast,I,radiotherapy,2023-02-23,no,8.21,585.00
4504,Synthetic_04504,76,F,colon,I,chemotherapy,2020-04-08,yes,1.83,481.46
4505,Synthetic_04505,51,F,colon,I,radiotherapy,2023-03-25,yes,18.75,263.42
4506,Synthetic_04506,83,M,prostate,II,surgery,2024-04-18,yes,16.47,34.24
4507,Synthetic_04507,42,F,breast,I,radiotherapy,2025-09-25,yes,4.61,166.86
4508,Synthetic_04508,47,F,lung,III,chemotherapy,2024-12-07,yes,7.60,168.77
4509,Synthetic_04509,59,M,prostate,I,surgery,2022-11-09,yes,6.83,453.95
4510,Synthetic_04510,38,F,lung,I,chemotherapy,2022-05-19,no,10.25,713.26
4511,Synthetic_04511,88,M,lung,IV,radiotherapy,2025-05-01,no,5.39,344.90
4512,Synthetic_04512,69,F,breast,I,surgery,2024-09-27,no,14.71,9.58
4513,Synthetic_04513,77,F,lung,III,radiotherapy,2023-07-13,yes,17.58,215.04
4514,Synthetic_04514,31,M,lung,IV,chemotherapy,2023-05-13,no,8.07,622.86
4515,Synthetic_04515,85,M,colon,IV,chemotherapy,2025-12-28,no,16.36,459.10
4516,Synthetic_04516,27,M,lung,IV,chemotherapy,2023-10-17,no,5.46,9.31
4517,Synthetic_04517,30,M,prostate,IV,surgery,2024-02-06,yes,15.72,860.40
4518,Synthetic_04518,87,M,colon,III,surgery,2020-11-14,no,16.01,830.30
4519,Synthetic_04519,55,M,colon,IV,chemotherapy,2022-03-22,no,6.16,979.69
4520,Synthetic_04520,30,M,colon,I,surgery,2025-01-26,no,15.93,212.21
4521,Synthetic_04521,59,F,prostate,I,surgery,2024-06-21,no,5.46,424.38
4522,Synthetic_04522,35,M,breast,I,radiotherapy,2025-05-14,yes,4.05,497.46
4523,Synthetic_04523,42,M,breast,III,radiotherapy,2021-06-21,no,14.99,199.63
4524,Synthetic_04524,56,F,lung,III,radiotherapy,2021-09-26,yes,9.42,934.65
4525,Synthetic_04525,70,F,colon,II,chemotherapy,2025-11-10,yes,11.84,782.04
4526,Synthetic_04526,41,F,prostate,IV,surgery,2023-11-01,no,19.85,282.30
4527,Synthetic_04527,81,F,colon,II,radiotherapy,2022-07-01,yes,3.41,684.35
4528,Synthetic_04528,34,F,prostate,III,surgery,2024-02-04,yes,6.89,910.11
4529,Synthetic_04529,53,F,colon,IV,surgery,2020-03-25,no,2.45,907.39
4530,Synthetic_04530,78,F,lung,III,radiotherapy,2024-12-28,no,8.51,473.37
4531,Synthetic_04531,46,M,breast,II,radiotherapy,2025-05-24,no,15.85,571.58
4532,Synthetic_04532,18,M,colon,II,radiotherapy,2023-10-13,yes,16.85,808.90
4533,Synthetic_04533,29,M,breast,I,chemotherapy,2024-02-12,yes,13.50,281.29
4534,Synthetic_04534,82,M,lung,I,radiotherapy,2024-11-05,yes,11.52,159.21
4535,Synthetic_04535,82,F,lung,IV,radiotherapy,2022-02-05,no,12.94,738.56
4536,Synthetic_04536,87,F,colon,IV,surgery,2021-10-10,no,12.29,584.51
4537,Synthetic_04537,30,M,prostate,I,chemotherapy,2022-12-26,yes,15.54,810.55
4538,Synthetic_04538,23,M,lung,IV,surgery,2024-11-08,no,14.09,257.30
4539,Synthetic_04539,70,M,lung,III,chemotherapy,2025-12-08,no,13.04,655.89
4540,Synthetic_04540,71,M,lung,III,radiotherapy,2023-02-18,no,7.90,383.73
4541,Synthetic_04541,53,F,breast,I,chemotherapy,2022-12-19,no,13.52,18.52
4542,Synthetic_04542,42,F,breast,IV,radiotherapy,2022-08-18,yes,9.58,426.30
4543,Synthetic_04543,64,F,prostate,I,radiotherapy,2022-02-14,yes,6.36,61.68
4544,Synthetic_04544,76,F,colon,I,radiotherapy,2022-01-26,yes,2.99,187.51
4545,Synthetic_04545,33,M,prostate,II,radiotherapy,2020-10-14,no,14.53,168.18
4546,Synthetic_04546,37,F,lung,III,surgery,2023-05-26,no,15.88,764.42
4547,Synthetic_04547,60,M,breast,III,chemotherapy,2023-05-05,yes,12.08,791.52
4548,Synthetic_04548,61,F,lung,III,chemotherapy,2020-04-11,yes,11.52,661.29
4549,Synthetic_04549,28,M,lung,II,surgery,2022-01-11,yes,8.22,314.77
4550,Synthetic_04550,41,F,lung,II,surgery,2023-07-05,yes,19.71,983.59
4551,Synthetic_04551,56,M,colon,IV,surgery,2021-03-03,no,16.64,796.03
4552,Synthetic_04552,62,M,breast,I,chemotherapy,2022-03-01,no,10.04,320.67
4553,Synthetic_04553,38,F,breast,I,surgery,2024-09-23,yes,18.09,791.10
4554,Synthetic_04554,28,M,breast,III,radiotherapy,2025-01-24,no,11.10,593.20
4555,Synthetic_04555,22,F,colon,III,chemotherapy,2025-10-27,no,7.75,122.47
4556,Synthetic_04556,18,M,prostate,I,radiotherapy,2020-05-09,yes,11.36,36.23
4557,Synthetic_04557,36,M,breast,I,chemotherapy,2024-03-28,no,7.93,673.46
4558,Synthetic_04558,63,M,lung,IV,surgery,2021-09-09,no,5.30,533.05
4559,Synthetic_04559,79,F,lung,III,surgery,2024-01-04,yes,3.49,178.87
4560,Synthetic_04560,43,F,colon,IV,radiotherapy,2024-05-05,no,16.48,433.16
4561,Synthetic_04561,34,F,colon,I,chemotherapy,2021-06-25,yes,10.82,345.97
4562,Synthetic_04562,67,M,lung,III,surgery,2025-07-21,no,2.96,390.74
4563,Synthetic_04563,40,M,prostate,IV,surgery,2025-02-22,no,12.16,381.84
4564,Synthetic_04564,37,F,colon,II,surgery,2020-01-13,yes,12.82,872.62
4565,Synthetic_04565,76,F,prostate,II,radiotherapy,2020-06-02,yes,3.36,299.34
4566,Synthetic_04566,85,F,breast,II,radiotherapy,2025-01-01,yes,12.56,189.50
4567,Synthetic_04567,84,F,breast,II,surgery,2024-07-13,no,6.87,296.99
4568,Synthetic_04568,69,M,lung,III,chemotherapy,2024-08-25,yes,7.38,892.99
4569,Synthetic_04569,18,M,breast,I,radiotherapy,2023-01-19,no,9.17,378.91
4570,Synthetic_04570,30,M,lung,I,radiotherapy,2024-10-08,no,14.37,684.68
4571,Synthetic_04571,55,F,breast,III,radiotherapy,2021-02-16,no,12.60,650.64
4572,Synthetic_04572,78,M,breast,III,chemotherapy,2025-11-23,yes,5.88,701.94
4573,Synthetic_04573,43,F,prostate,II,radiotherapy,2023-11-25,no,10.31,990.53
4574,Synthetic_04574,30,M,colon,I,chemotherapy,2025-01-23,yes,10.67,224.52
4575,Synthetic_04575,36,M,prostate,IV,surgery,2025-03-01,yes,7.07,570.22
4576,Synthetic_04576,36,F,breast,II,radiotherapy,2022-04-23,no,14.57,113.71
4577,Synthetic_04577,67,F,breast,III,chemotherapy,2021-07-26,yes,16.02,671.57
4578,Synthetic_04578,78,M,lung,III,chemotherapy,2020-11-02,no,4.80,6.55
4579,Synthetic_04579,55,M,breast,IV,surgery,2022-07-06,yes,6.23,139.52
4580,Synthetic_04580,73,F,lung,I,surgery,2021-12-12,no,19.14,66.81
4581,Synthetic_04581,79,F,lung,II,radiotherapy,2020-05-26,yes,7.14,606.56
4582,Synthetic_04582,84,F,breast,I,radiotherapy,2025-12-24,no,6.66,930.12
4583,Synthetic_04583,43,F,colon,IV,radiotherapy,2025-02-07,yes,4.35,732.81
4584,Synthetic_04584,65,M,colon,I,chemotherapy,2020-01-15,yes,13.11,186.45
4585,Synthetic_04585,61,F,breast,I,surgery,2020-12-10,yes,5.07,244.41
4586,Synthetic_04586,62,M,prostate,I,surgery,2020-10-23,no,3.60,410.03
4587,Synthetic_04587,21,F,colon,I,radiotherapy,2025-09-10,no,13.96,692.71
4588,Synthetic_04588,76,M,colon,IV,chemotherapy,2025-01-02,yes,7.38,827.85
4589,Synthetic_04589,67,M,breast,IV,chemotherapy,2025-10-27,yes,5.73,154.75
4590,Synthetic_04590,61,M,breast,I,radiotherapy,2023-01-07,yes,9.56,647.92
4591,Synthetic_04591,30,M,prostate,III,radiotherapy,2020-12-20,no,9.65,75.43
4592,Synthetic_04592,60,F,breast,IV,chemotherapy,2023-03-10,no,7.48,636.45
4593,Synthetic_04593,62,F,colon,IV,surgery,2025-07-02,no,19.50,619.91
4594,Synthetic_04594,72,F,prostate,IV,chemotherapy,2025-09-18,no,16.88,312.06
4595,Synthetic_04595,43,M,prostate,II,surgery,2022-04-16,no,5.85,221.19
4596,Synthetic_04596,32,M,breast,III,chemotherapy,2022-09-24,no,8.88,371.76
4597,Synthetic_04597,83,F,breast,III,surgery,2020-02-17,no,4.88,7.19
4598,Synthetic_04598,34,F,colon,IV,surgery,2022-05-25,no,1.40,21.04
4599,Synthetic_04599,29,F,colon,III,radiotherapy,2023-07-25,yes,1.45,284.92
4600,Synthetic_04600,70,F,colon,III,chemotherapy,2023-03-01,no,1.51,179.99
4601,Synthetic_04601,44,M,breast,IV,chemotherapy,2024-05-03,yes,2.61,971.03
4602,Synthetic_04602,88,M,prostate,IV,chemotherapy,2020-06-07,yes,6.49,653.67
4603,Synthetic_04603,67,M,lung,II,radiotherapy,2021-04-20,no,7.97,367.37
4604,Synthetic_04604,46,F,colon,III,radiotherapy,2021-07-08,no,10.78,176.17
4605,Synthetic_04605,75,M,prostate,IV,surgery,2022-05-06,no,9.85,516.48
4606,Synthetic_04606,59,M,lung,I,surgery,2022-07-26,no,15.19,955.94
4607,Synthetic_04607,68,M,breast,III,radiotherapy,2024-02-12,no,3.08,294.72
4608,Synthetic_04608,75,M,colon,I,surgery,2024-08-25,yes,5.89,791.09
4609,Synthetic_04609,29,F,colon,III,chemotherapy,2024-03-24,no,4.09,659.09
4610,Synthetic_04610,25,F,breast,III,surgery,2022-01-19,yes,14.06,701.35
4611,Synthetic_04611,85,M,lung,III,radiotherapy,2020-06-17,no,16.85,994.62
4612,Synthetic_04612,44,M,breast,III,chemotherapy,2025-08-21,yes,13.26,100.38
4613,Synthetic_04613,39,F,colon,IV,surgery,2022-05-16,yes,1.68,240.83
4614,Synthetic_04614,42,M,colon,IV,surgery,2025-02-27,no,4.00,109.65
4615,Synthetic_04615,31,M,lung,II,surgery,2021-09-06,yes,10.46,921.24
4616,Synthetic_04616,42,M,breast,II,radiotherapy,2022-05-02,no,7.16,280.58
4617,Synthetic_04617,57,F,colon,III,surgery,2022-06-03,yes,13.36,127.03
4618,Synthetic_04618,25,M,lung,I,surgery,2023-04-05,no,1.49,441.48
4619,Synthetic_04619,56,M,breast,III,surgery,2022-08-19,yes,16.54,934.73
4620,Synthetic_04620,52,M,breast,II,chemotherapy,2024-04-25,no,12.79,109.22
4621,Synthetic_04621,19,M,lung,IV,surgery,2025-10-13,no,7.63,401.60
4622,Synthetic_04622,87,F,lung,III,chemotherapy,2021-04-01,yes,13.11,518.47
4623,Synthetic_04623,45,F,breast,IV,chemotherapy,2021-03-03,no,6.43,223.66
4624,Synthetic_04624,39,M,prostate,IV,chemotherapy,2024-03-24,no,18.49,414.21
4625,Synthetic_04625,55,M,prostate,III,chemotherapy,2025-04-04,no,5.41,654.22
4626,Synthetic_04626,66,F,prostate,IV,chemotherapy,2020-03-01,no,5.37,516.69
4627,Synthetic_04627,81,M,colon,I,surgery,2024-09-25,no,12.83,860.10
4628,Synthetic_04628,79,M,prostate,IV,radiotherapy,2024-11-07,no,1.38,832.86
4629,Synthetic_04629,28,M,colon,III,radiotherapy,2023-02-11,no,4.58,530.17
4630,Synthetic_04630,20,F,colon,II,chemotherapy,2022-12-10,no,9.04,494.72
4631,Synthetic_04631,58,F,prostate,I,surgery,2023-02-19,yes,3.08,804.25
4632,Synthetic_04632,53,F,colon,II,surgery,2022-10-16,no,14.02,358.81
4633,Synthetic_04633,37,F,colon,II,surgery,2021-06-24,no,9.27,496.72
4634,Synthetic_04634,68,M,lung,IV,surgery,2022-08-25,no,5.48,565.26
4635,Synthetic_04635,90,M,prostate,III,radiotherapy,2020-06-26,no,12.18,126.39
4636,Synthetic_04636,75,M,breast,I,chemotherapy,2020-10-07,no,3.36,904.73
4637,Synthetic_04637,77,M,colon,II,surgery,2021-09-02,no,2.59,352.18
4638,Synthetic_04638,77,M,colon,IV,chemotherapy,2023-10-10,no,5.90,327.12
4639,Synthetic_04639,67,M,colon,II,chemotherapy,2021-01-25,yes,4.50,579.28
4640,Synthetic_04640,85,M,colon,III,surgery,2022-08-01,no,10.36,255.77
4641,Synthetic_04641,23,M,lung,III,chemotherapy,2024-07-05,yes,6.65,136.10
4642,Synthetic_04642,90,M,lung,III,radiotherapy,2025-02-27,yes,16.76,655.20
4643,Synthetic_04643,88,F,breast,I,radiotherapy,2023-07-07,yes,9.35,759.62
4644,Synthetic_04644,50,F,prostate,III,surgery,2023-07-11,no,7.82,306.21
4645,Synthetic_04645,53,F,colon,III,chemotherapy,2020-01-23,yes,10.79,910.46
4646,Synthetic_04646,59,M,breast,II,radiotherapy,2022-09-22,no,2.01,924.96
4647,Synthetic_04647,36,F,lung,IV,surgery,2020-03-02,no,14.40,879.32
4648,Synthetic_04648,63,M,prostate,III,chemotherapy,2020-10-21,yes,11.90,202.91
4649,Synthetic_04649,35,F,colon,I,surgery,2024-05-18,no,17.57,219.89
4650,Synthetic_04650,19,M,colon,III,chemotherapy,2024-09-26,no,19.03,903.68
4651,Synthetic_04651,24,F,prostate,IV,chemotherapy,2025-06-17,yes,4.73,967.39
4652,Synthetic_04652,82,M,colon,III,surgery,2025-01-11,yes,11.47,839.34
4653,Synthetic_04653,78,F,lung,IV,chemotherapy,2025-07-27,yes,17.38,345.40
4654,Synthetic_04654,66,M,breast,II,surgery,2024-04-02,yes,19.42,869.33
4655,Synthetic_04655,38,M,lung,IV,surgery,2024-11-19,no,3.60,332.70
4656,Synthetic_04656,74,F,prostate,II,radiotherapy,2021-08-20,no,7.91,370.40
4657,Synthetic_04657,35,M,lung,IV,radiotherapy,2023-11-22,yes,9.54,181.33
4658,Synthetic_04658,28,F,breast,I,radiotherapy,2025-06-27,yes,11.00,937.36
4659,Synthetic_04659,38,F,breast,IV,radiotherapy,2024-11-06,yes,12.40,371.52
4660,Synthetic_04660,55,F,colon,I,surgery,2023-10-16,yes,11.25,487.93
4661,Synthetic_04661,57,M,breast,II,radiotherapy,2025-07-14,yes,17.36,537.99
4662,Synthetic_04662,63,M,lung,III,radiotherapy,2021-12-02,no,13.72,343.29
4663,Synthetic_04663,52,M,lung,III,chemotherapy,2023-12-01,yes,6.27,508.11
4664,Synthetic_04664,85,F,colon,III,radiotherapy,2022-07-25,no,15.22,455.18
4665,Synthetic_04665,44,F,prostate,I,radiotherapy,2020-01-05,yes,11.35,972.79
4666,Synthetic_04666,82,M,colon,I,radiotherapy,2021-04-21,yes,17.53,193.91
4667,Synthetic_04667,48,F,breast,III,surgery,2021-08-03,no,17.05,102.48
4668,Synthetic_04668,23,M,colon,III,surgery,2021-08-27,no,8.52,282.48
4669,Synthetic_04669,22,M,prostate,II,chemotherapy,2023-10-01,yes,5.89,630.22
4670,Synthetic_04670,30,F,prostate,I,chemotherapy,2023-08-13,yes,14.98,648.55
4671,Synthetic_04671,66,F,prostate,IV,surgery,2025-01-09,no,1.34,154.51
4672,Synthetic_04672,85,F,lung,III,radiotherapy,2023-10-15,yes,18.89,74.61
4673,Synthetic_04673,27,M,lung,III,chemotherapy,2024-11-06,no,7.77,279.14
4674,Synthetic_04674,73,F,colon,IV,surgery,2025-03-15,yes,8.53,444.53
4675,Synthetic_04675,74,F,colon,III,surgery,2023-12-19,no,7.72,777.81
4676,Synthetic_04676,85,M,prostate,III,radiotherapy,2021-01-09,yes,7.67,257.07
4677,Synthetic_04677,20,M,breast,III,surgery,2023-03-20,yes,5.64,12.93
4678,Synthetic_04678,57,F,lung,I,surgery,2021-04-16,no,9.89,25.05
4679,Synthetic_04679,90,M,colon,II,radiotherapy,2024-02-21,yes,17.67,436.77
4680,Synthetic_04680,88,F,lung,I,surgery,2020-06-02,no,18.73,396.74
4681,Synthetic_04681,37,M,lung,III,chemotherapy,2021-10-22,yes,14.23,604.88
4682,Synthetic_04682,75,F,lung,I,radiotherapy,2021-01-05,no,12.08,633.83
4683,Synthetic_04683,27,M,lung,I,surgery,2023-02-19,yes,5.79,46.88
4684,Synthetic_04684,40,F,colon,III,surgery,2022-07-06,yes,10.12,738.51
4685,Synthetic_04685,21,F,colon,I,radiotherapy,2025-01-04,yes,7.81,81.55
4686,Synthetic_04686,33,M,lung,III,surgery,2024-09-10,yes,19.33,610.47
4687,Synthetic_04687,90,F,prostate,IV,chemotherapy,2025-03-27,yes,8.44,179.70
4688,Synthetic_04688,54,F,prostate,I,chemotherapy,2020-10-21,yes,19.02,831.08
4689,Synthetic_04689,66,M,lung,II,chemotherapy,2022-06-21,yes,12.12,605.72
4690,Synthetic_04690,28,M,colon,IV,radiotherapy,2025-09-25,no,14.95,575.20
4691,Synthetic_04691,76,F,breast,IV,chemotherapy,2021-11-01,no,2.83,987.81
4692,Synthetic_04692,75,M,breast,III,surgery,2020-01-26,no,1.34,57.57
4693,Synthetic_04693,65,F,lung,II,radiotherapy,2021-03-03,no,14.49,580.08
4694,Synthetic_04694,59,M,prostate,IV,surgery,2025-08-10,yes,13.49,194.07
4695,Synthetic_04695,35,M,colon,I,radiotherapy,2021-12-22,yes,2.66,620.51
4696,Synthetic_04696,28,M,prostate,IV,surgery,2021-08-24,yes,1.66,291.73
4697,Synthetic_04697,72,M,lung,IV,surgery,2021-05-22,no,17.73,143.98
4698,Synthetic_04698,84,F,breast,III,surgery,2020-07-14,yes,1.42,729.33
4699,Synthetic_04699,52,M,prostate,II,chemotherapy,2022-04-10,yes,1.19,443.49
4700,Synthetic_04700,53,M,lung,I,chemotherapy,2020-08-07,yes,1.67,17.10
4701,Synthetic_04701,51,F,breast,III,radiotherapy,2022-10-21,no,8.49,142.36
4702,Synthetic_04702,88,M,colon,III,chemotherapy,2024-09-26,yes,14.30,56.16
4703,Synthetic_04703,27,F,lung,II,surgery,2024-05-11,no,15.97,193.07
4704,Synthetic_04704,83,M,colon,II,surgery,2021-04-15,yes,4.71,925.71
4705,Synthetic_04705,61,M,prostate,II,radiotherapy,2023-04-14,no,15.18,896.47
4706,Synthetic_04706,87,F,colon,III,chemotherapy,2024-08-12,no,8.79,922.82
4707,Synthetic_04707,57,F,colon,II,radiotherapy,2025-04-03,yes,7.20,770.02
4708,Synthetic_04708,45,F,breast,IV,chemotherapy,2022-08-18,yes,8.20,509.31
4709,Synthetic_04709,65,M,prostate,I,chemotherapy,2025-06-01,yes,17.59,304.87
4710,Synthetic_04710,18,M,prostate,II,radiotherapy,2021-11-04,yes,5.19,95.72
4711,Synthetic_04711,32,F,lung,I,radiotherapy,2020-11-05,yes,12.57,507.81
4712,Synthetic_04712,72,M,colon,II,chemotherapy,2022-11-12,yes,9.49,495.86
4713,Synthetic_04713,21,M,prostate,I,surgery,2025-05-02,yes,18.13,357.90
4714,Synthetic_04714,46,M,colon,I,chemotherapy,2022-01-25,yes,6.34,302.94
4715,Synthetic_04715,35,F,prostate,IV,radiotherapy,2023-09-27,no,12.26,627.21
4716,Synthetic_04716,59,F,breast,III,surgery,2021-03-18,yes,4.25,422.40
4717,Synthetic_04717,90,F,lung,II,chemotherapy,2020-09-19,yes,14.67,658.75
4718,Synthetic_04718,62,M,breast,III,radiotherapy,2023-02-20,yes,7.75,712.99
4719,Synthetic_04719,73,M,colon,I,chemotherapy,2022-06-07,no,15.36,720.77
4720,Synthetic_04720,31,F,breast,IV,chemotherapy,2020-03-09,no,15.26,271.04
4721,Synthetic_04721,87,F,breast,II,radiotherapy,2025-01-16,yes,17.26,110.99
4722,Synthetic_04722,85,M,lung,II,surgery,2020-03-26,no,14.87,887.63
4723,Synthetic_04723,30,M,breast,III,chemotherapy,2020-04-15,yes,9.64,243.24
4724,Synthetic_04724,54,M,breast,II,radiotherapy,2022-04-11,yes,19.20,456.94
4725,Synthetic_04725,64,M,lung,II,surgery,2021-06-14,no,16.83,136.81
4726,Synthetic_04726,74,F,prostate,III,surgery,2020-03-02,no,17.35,950.62
4727,Synthetic_04727,48,M,colon,IV,surgery,2025-10-04,yes,18.31,903.59
4728,Synthetic_04728,41,F,colon,I,surgery,2023-11-04,yes,13.22,280.46
4729,Synthetic_04729,37,M,colon,I,chemotherapy,2024-10-11,yes,11.26,510.53
4730,Synthetic_04730,86,M,lung,IV,surgery,2025-10-05,yes,7.30,850.27
4731,Synthetic_04731,28,M,breast,I,radiotherapy,2024-04-25,yes,1.12,340.67
4732,Synthetic_04732,76,F,breast,III,radiotherapy,2021-05-20,no,16.79,227.45
4733,Synthetic_04733,66,M,lung,I,surgery,2024-10-17,no,4.67,728.40
4734,Synthetic_04734,68,M,lung,IV,surgery,2024-02-25,no,19.89,159.37
4735,Synthetic_04735,79,M,colon,IV,radiotherapy,2025-11-26,yes,8.05,9.65
4736,Synthetic_04736,80,F,breast,I,surgery,2024-12-28,yes,19.38,280.44
4737,Synthetic_04737,25,M,breast,IV,chemotherapy,2023-11-28,no,17.41,779.78
4738,Synthetic_04738,27,F,breast,III,chemotherapy,2024-08-15,no,19.09,15.48
4739,Synthetic_04739,54,M,lung,IV,surgery,2021-05-07,yes,18.70,458.82
4740,Synthetic_04740,87,M,lung,III,chemotherapy,2020-11-15,yes,2.13,748.89
4741,Synthetic_04741,19,F,breast,III,radiotherapy,2024-07-19,no,8.87,623.62
4742,Synthetic_04742,50,F,colon,IV,chemotherapy,2025-03-15,no,3.33,185.37
4743,Synthetic_04743,36,M,colon,II,radiotherapy,2021-05-28,no,2.73,917.25
4744,Synthetic_04744,43,F,breast,II,chemotherapy,2023-01-03,yes,19.14,351.93
4745,Synthetic_04745,54,F,prostate,IV,radiotherapy,2023-05-26,no,1.29,938.63
4746,Synthetic_04746,60,F,prostate,II,radiotherapy,2025-03-23,yes,6.37,201.23
4747,Synthetic_04747,61,F,breast,IV,radiotherapy,2023-08-27,yes,15.98,513.46
4748,Synthetic_04748,50,F,lung,I,surgery,2022-08-10,yes,3.17,292.59
4749,Synthetic_04749,60,F,lung,IV,radiotherapy,2021-09-17,no,18.20,930.46
4750,Synthetic_04750,80,F,lung,II,chemotherapy,2021-12-16,no,9.08,748.97
4751,Synthetic_04751,84,F,colon,IV,chemotherapy,2024-06-18,yes,13.75,600.87
4752,Synthetic_04752,84,F,colon,II,radiotherapy,2023-04-16,no,5.08,92.82
4753,Synthetic_04753,74,M,breast,IV,surgery,2021-09-13,yes,6.99,681.75
4754,Synthetic_04754,62,F,breast,IV,radiotherapy,2023-03-04,no,5.93,426.67
4755,Synthetic_04755,36,M,colon,I,surgery,2025-10-19,yes,17.56,74.06
4756,Synthetic_04756,48,M,breast,III,chemotherapy,2025-10-14,no,4.18,450.63
4757,Synthetic_04757,20,M,colon,I,radiotherapy,2025-07-22,yes,11.96,41.36
4758,Synthetic_04758,42,M,prostate,I,surgery,2024-10-03,yes,1.06,695.85
4759,Synthetic_04759,35,F,colon,IV,chemotherapy,2021-01-20,no,4.43,516.57
4760,Synthetic_04760,35,F,prostate,II,chemotherapy,2023-09-10,no,9.87,817.12
4761,Synthetic_04761,34,F,prostate,III,surgery,2023-08-18,no,5.39,352.30
4762,Synthetic_04762,73,F,colon,IV,radiotherapy,2023-10-27,yes,2.32,127.78
4763,Synthetic_04763,21,F,lung,II,surgery,2023-09-17,no,9.59,859.19
4764,Synthetic_04764,84,M,colon,I,radiotherapy,2024-06-15,no,9.93,616.56
4765,Synthetic_04765,67,F,lung,I,radiotherapy,2024-01-09,no,1.66,14.34
4766,Synthetic_04766,26,M,breast,III,radiotherapy,2022-12-18,yes,8.98,997.68
4767,Synthetic_04767,87,F,breast,I,surgery,2020-02-17,no,4.52,259.09
4768,Synthetic_04768,58,F,breast,I,surgery,2022-01-28,yes,18.72,431.33
4769,Synthetic_04769,34,M,prostate,IV,radiotherapy,2022-07-04,yes,11.53,689.65
4770,Synthetic_04770,78,F,prostate,II,surgery,2023-09-18,no,16.85,642.53
4771,Synthetic_04771,41,F,colon,IV,chemotherapy,2020-05-26,no,3.41,96.74
4772,Synthetic_04772,72,M,prostate,I,radiotherapy,2020-11-16,no,17.26,681.86
4773,Synthetic_04773,36,F,lung,IV,chemotherapy,2021-01-17,no,12.40,351.51
4774,Synthetic_04774,69,M,prostate,I,radiotherapy,2022-10-13,no,13.41,586.52
4775,Synthetic_04775,40,F,breast,II,radiotherapy,2021-05-22,yes,5.80,17.43
4776,Synthetic_04776,25,M,lung,II,radiotherapy,2024-01-16,no,19.97,456.69
4777,Synthetic_04777,44,F,breast,II,radiotherapy,2021-09-18,no,9.84,383.16
4778,Synthetic_04778,83,M,colon,III,chemotherapy,2023-01-23,yes,13.51,857.57
4779,Synthetic_04779,79,M,colon,IV,chemotherapy,2022-09-14,no,3.41,780.05
4780,Synthetic_04780,51,F,lung,I,chemotherapy,2020-05-06,no,18.98,786.06
4781,Synthetic_04781,88,F,prostate,II,radiotherapy,2022-03-23,no,17.85,647.48
4782,Synthetic_04782,88,F,breast,I,surgery,2023-12-07,no,14.94,316.46
4783,Synthetic_04783,66,M,breast,II,radiotherapy,2024-10-16,no,2.70,48.36
4784,Synthetic_04784,46,F,prostate,I,chemotherapy,2025-09-09,no,3.96,152.67
4785,Synthetic_04785,82,M,breast,III,chemotherapy,2020-12-16,yes,4.72,610.03
4786,Synthetic_04786,75,M,colon,IV,radiotherapy,2024-02-24,no,2.31,322.29
4787,Synthetic_04787,83,F,breast,I,surgery,2025-01-18,yes,5.85,65.55
4788,Synthetic_04788,42,M,lung,IV,surgery,2022-11-26,yes,6.34,658.43
4789,Synthetic_04789,23,F,colon,III,surgery,2020-03-20,yes,10.72,813.29
4790,Synthetic_04790,53,F,prostate,IV,chemotherapy,2020-08-12,no,8.61,994.67
4791,Synthetic_04791,43,F,prostate,III,surgery,2024-08-19,no,12.00,782.39
4792,Synthetic_04792,41,F,lung,II,chemotherapy,2025-02-15,no,4.28,42.80
4793,Synthetic_04793,40,M,lung,I,chemotherapy,2020-08-04,no,19.94,913.85
4794,Synthetic_04794,59,F,prostate,II,surgery,2020-02-21,no,12.57,413.26
4795,Synthetic_04795,79,M,lung,I,surgery,2022-07-18,no,3.60,763.60
4796,Synthetic_04796,41,F,lung,IV,chemotherapy,2023-07-23,no,1.31,260.29
4797,Synthetic_04797,57,F,colon,II,chemotherapy,2022-10-10,yes,19.26,644.69
4798,Synthetic_04798,87,F,breast,I,chemotherapy,2025-12-26,yes,6.88,364.16
4799,Synthetic_04799,87,F,colon,II,surgery,2024-01-13,yes,12.35,535.83
4800,Synthetic_04800,66,F,prostate,I,radiotherapy,2022-09-14,no,17.50,683.15
4801,Synthetic_04801,43,F,prostate,I,radiotherapy,2025-10-18,yes,3.95,941.90
4802,Synthetic_04802,46,F,colon,II,surgery,2021-07-26,no,18.87,636.62
4803,Synthetic_04803,76,F,prostate,IV,chemotherapy,2023-07-06,yes,19.21,763.97
4804,Synthetic_04804,40,F,prostate,II,chemotherapy,2025-12-01,no,1.48,407.77
4805,Synthetic_04805,40,F,colon,IV,radiotherapy,2024-04-16,no,5.39,681.29
4806,Synthetic_04806,85,F,prostate,IV,surgery,2023-04-03,yes,9.04,329.99
4807,Synthetic_04807,58,M,breast,II,chemotherapy,2025-04-27,yes,12.42,449.00
4808,Synthetic_04808,71,M,breast,II,surgery,2025-11-17,no,13.79,596.45
4809,Synthetic_04809,77,M,colon,III,chemotherapy,2022-11-12,no,8.13,911.17
4810,Synthetic_04810,83,M,prostate,IV,radiotherapy,2023-04-26,no,17.35,757.27
4811,Synthetic_04811,41,F,prostate,IV,chemotherapy,2020-07-12,yes,1.82,427.46
4812,Synthetic_04812,48,F,colon,IV,surgery,2021-03-21,yes,17.39,853.34
4813,Synthetic_04813,21,F,prostate,I,radiotherapy,2025-07-04,yes,7.60,926.57
4814,Synthetic_04814,79,F,lung,III,chemotherapy,2024-07-22,yes,15.95,417.88
4815,Synthetic_04815,81,M,colon,III,radiotherapy,2020-05-16,yes,7.93,510.74
4816,Synthetic_04816,18,M,colon,III,surgery,2020-08-05,no,4.50,762.60
4817,Synthetic_04817,59,M,colon,III,chemotherapy,2024-07-23,no,7.99,371.51
4818,Synthetic_04818,45,M,prostate,II,chemotherapy,2023-09-02,yes,2.87,695.68
4819,Synthetic_04819,83,F,colon,I,radiotherapy,2022-11-22,no,13.85,509.24
4820,Synthetic_04820,54,M,lung,IV,radiotherapy,2022-01-10,no,3.06,753.10
4821,Synthetic_04821,44,F,prostate,IV,chemotherapy,2020-10-08,no,13.75,553.11
4822,Synthetic_04822,20,F,lung,I,radiotherapy,2022-03-22,yes,7.18,617.35
4823,Synthetic_04823,65,M,colon,III,radiotherapy,2024-01-22,no,13.27,98.93
4824,Synthetic_04824,51,M,breast,I,radiotherapy,2023-01-04,no,14.50,377.06
4825,Synthetic_04825,19,F,colon,IV,surgery,2022-09-05,yes,7.67,961.07
4826,Synthetic_04826,86,F,prostate,III,chemotherapy,2023-02-16,yes,5.75,208.75
4827,Synthetic_04827,68,M,lung,III,surgery,2025-10-16,no,6.14,265.25
4828,Synthetic_04828,26,M,colon,III,surgery,2024-04-23,no,8.85,522.00
4829,Synthetic_04829,21,M,breast,IV,radiotherapy,2023-03-07,no,6.29,283.89
4830,Synthetic_04830,55,F,prostate,II,surgery,2025-11-20,yes,19.47,398.62
4831,Synthetic_04831,22,M,breast,I,radiotherapy,2020-07-09,yes,5.02,605.64
4832,Synthetic_04832,77,M,colon,II,radiotherapy,2021-04-17,no,9.51,807.31
4833,Synthetic_04833,40,M,prostate,III,radiotherapy,2022-02-24,yes,10.10,113.04
4834,Synthetic_04834,79,M,lung,I,surgery,2025-11-20,yes,10.03,314.91
4835,Synthetic_04835,34,M,breast,II,surgery,2023-08-09,yes,12.27,381.77
4836,Synthetic_04836,72,M,prostate,II,surgery,2021-03-28,no,3.29,68.36
4837,Synthetic_04837,62,F,colon,III,surgery,2020-10-26,no,4.05,540.45
4838,Synthetic_04838,57,F,breast,III,radiotherapy,2025-09-01,no,11.15,105.54
4839,Synthetic_04839,73,M,prostate,III,surgery,2025-07-15,no,1.77,897.63
4840,Synthetic_04840,49,F,prostate,IV,surgery,2020-06-13,yes,6.50,6.81
4841,Synthetic_04841,48,F,breast,IV,surgery,2021-04-12,yes,16.93,509.23
4842,Synthetic_04842,78,M,breast,II,chemotherapy,2020-05-07,yes,17.50,746.32
4843,Synthetic_04843,63,F,breast,I,chemotherapy,2020-12-27,yes,9.33,198.92
4844,Synthetic_04844,52,M,lung,IV,surgery,2023-05-21,yes,11.16,660.46
4845,Synthetic_04845,73,M,colon,IV,radiotherapy,2023-03-04,no,3.14,22.05
4846,Synthetic_04846,45,F,prostate,IV,chemotherapy,2024-09-17,yes,2.96,406.21
4847,Synthetic_04847,31,M,prostate,III,chemotherapy,2021-06-12,yes,7.44,13.84
4848,Synthetic_04848,48,M,breast,II,surgery,2024-06-21,yes,17.72,943.79
4849,Synthetic_04849,45,M,colon,II,radiotherapy,2024-02-14,yes,7.91,212.41
4850,Synthetic_04850,69,F,lung,II,surgery,2023-01-05,yes,1.90,674.37
4851,Synthetic_04851,73,F,colon,I,radiotherapy,2024-09-17,no,16.32,432.52
4852,Synthetic_04852,36,F,prostate,III,surgery,2023-05-25,no,8.63,844.56
4853,Synthetic_04853,33,F,prostate,I,surgery,2023-08-17,yes,12.57,336.44
4854,Synthetic_04854,76,F,lung,IV,surgery,2023-01-24,yes,5.04,568.58
4855,Synthetic_04855,72,M,colon,I,radiotherapy,2024-01-23,no,7.60,479.54
4856,Synthetic_04856,88,F,breast,II,surgery,2023-02-17,yes,15.38,50.78
4857,Synthetic_04857,66,F,colon,III,chemotherapy,2022-03-07,yes,5.50,548.65
4858,Synthetic_04858,42,M,breast,II,radiotherapy,2020-12-24,yes,18.56,321.97
4859,Synthetic_04859,58,M,lung,II,radiotherapy,2023-06-16,no,9.42,963.79
4860,Synthetic_04860,63,F,breast,II,radiotherapy,2024-06-05,no,14.56,675.39
4861,Synthetic_04861,44,F,colon,I,radiotherapy,2024-03-16,no,11.20,77.82
4862,Synthetic_04862,47,F,lung,II,surgery,2023-06-10,yes,4.79,793.74
4863,Synthetic_04863,40,F,prostate,I,chemotherapy,2022-12-28,no,9.05,952.09
4864,Synthetic_04864,26,M,lung,II,chemotherapy,2021-01-17,no,19.06,546.96
4865,Synthetic_04865,29,M,prostate,I,chemotherapy,2024-05-21,yes,5.93,6.66
4866,Synthetic_04866,43,M,breast,IV,surgery,2021-01-12,yes,17.49,767.04
4867,Synthetic_04867,69,M,lung,I,surgery,2024-04-14,yes,14.07,319.37
4868,Synthetic_04868,81,M,lung,II,chemotherapy,2021-05-26,yes,13.27,293.89
4869,Synthetic_04869,22,M,colon,III,chemotherapy,2020-10-24,no,17.60,174.51
4870,Synthetic_04870,36,M,prostate,III,surgery,2025-04-18,yes,16.93,282.04
4871,Synthetic_04871,29,M,prostate,IV,chemotherapy,2023-07-18,no,16.12,875.55
4872,Synthetic_04872,41,F,colon,II,chemotherapy,2021-11-19,yes,10.26,441.54
4873,Synthetic_04873,88,F,lung,I,surgery,2021-01-27,yes,19.72,584.94
4874,Synthetic_04874,32,M,lung,III,surgery,2020-05-21,yes,14.92,333.20
4875,Synthetic_04875,71,F,colon,III,chemotherapy,2022-12-04,yes,11.95,176.41
4876,Synthetic_04876,38,M,prostate,I,radiotherapy,2021-10-10,yes,8.42,936.84
4877,Synthetic_04877,57,M,lung,IV,chemotherapy,2024-11-05,no,7.21,403.83
4878,Synthetic_04878,43,F,lung,IV,radiotherapy,2023-12-13,yes,2.50,58.45
4879,Synthetic_04879,45,M,lung,IV,surgery,2024-12-11,yes,16.28,404.57
4880,Synthetic_04880,63,M,lung,III,chemotherapy,2025-07-04,yes,3.59,289.90
4881,Synthetic_04881,58,F,breast,III,chemotherapy,2021-01-07,no,9.36,785.52
4882,Synthetic_04882,44,F,breast,IV,chemotherapy,2025-07-23,yes,12.53,212.34
4883,Synthetic_04883,45,M,prostate,IV,surgery,2020-05-20,no,3.63,498.27
4884,Synthetic_04884,77,M,prostate,IV,chemotherapy,2025-01-10,no,17.58,814.42
4885,Synthetic_04885,55,M,breast,IV,radiotherapy,2022-10-21,no,10.41,778.66
4886,Synthetic_04886,48,F,prostate,III,chemotherapy,2020-02-23,no,5.14,376.41
4887,Synthetic_04887,89,M,breast,I,surgery,2023-10-01,no,1.09,321.27
4888,Synthetic_04888,49,M,prostate,II,chemotherapy,2025-05-13,yes,1.30,283.37
4889,Synthetic_04889,50,M,lung,III,surgery,2025-06-27,no,17.43,923.31
4890,Synthetic_04890,83,F,colon,I,surgery,2021-05-10,yes,7.02,411.14
4891,Synthetic_04891,45,M,prostate,II,radiotherapy,2020-12-19,yes,15.49,572.56
4892,Synthetic_04892,78,F,colon,I,radiotherapy,2024-03-10,yes,8.29,787.99
4893,Synthetic_04893,59,M,breast,II,chemotherapy,2021-04-16,no,10.80,945.05
4894,Synthetic_04894,36,F,colon,III,chemotherapy,2023-05-24,no,11.77,90.67
4895,Synthetic_04895,19,M,lung,II,surgery,2021-11-08,no,3.18,991.70
4896,Synthetic_04896,43,F,prostate,III,chemotherapy,2023-01-07,no,14.60,456.30
4897,Synthetic_04897,61,M,colon,I,radiotherapy,2024-06-16,yes,17.86,130.77
4898,Synthetic_04898,56,M,prostate,II,surgery,2020-01-20,yes,6.31,924.47
4899,Synthetic_04899,65,F,lung,II,radiotherapy,2023-10-12,yes,8.99,505.73
4900,Synthetic_04900,55,F,breast,I,radiotherapy,2021-04-12,yes,13.00,183.49
4901,Synthetic_04901,70,F,colon,I,chemotherapy,2025-11-20,no,13.89,938.04
4902,Synthetic_04902,86,F,lung,I,surgery,2021-10-22,yes,11.16,727.53
4903,Synthetic_04903,52,M,colon,I,surgery,2024-12-28,yes,18.48,499.36
4904,Synthetic_04904,53,M,lung,IV,surgery,2020-07-24,yes,16.71,106.41
4905,Synthetic_04905,54,M,colon,IV,chemotherapy,2020-09-21,no,6.46,834.71
4906,Synthetic_04906,69,F,prostate,I,surgery,2021-08-26,no,19.10,195.37
4907,Synthetic_04907,55,F,colon,I,chemotherapy,2024-07-21,no,3.77,932.48
4908,Synthetic_04908,30,M,lung,IV,radiotherapy,2022-04-26,no,11.49,941.52
4909,Synthetic_04909,60,F,breast,III,surgery,2023-12-23,yes,4.61,722.84
4910,Synthetic_04910,82,F,breast,III,chemotherapy,2020-08-27,yes,1.37,365.83
4911,Synthetic_04911,43,M,lung,I,surgery,2020-01-22,no,17.37,40.54
4912,Synthetic_04912,60,F,colon,IV,radiotherapy,2020-04-24,no,1.24,426.15
4913,Synthetic_04913,46,M,lung,I,radiotherapy,2022-06-04,yes,1.11,145.75
4914,Synthetic_04914,19,M,lung,II,surgery,2024-03-21,yes,2.81,302.18
4915,Synthetic_04915,72,F,colon,I,chemotherapy,2020-11-03,yes,1.11,596.96
4916,Synthetic_04916,46,M,lung,IV,surgery,2022-08-15,no,19.56,874.50
4917,Synthetic_04917,73,F,prostate,IV,radiotherapy,2024-05-03,yes,1.93,196.81
4918,Synthetic_04918,80,M,prostate,IV,radiotherapy,2020-07-15,no,10.77,220.83
4919,Synthetic_04919,65,M,prostate,III,chemotherapy,2023-01-09,no,5.49,7.58
4920,Synthetic_04920,60,F,lung,II,surgery,2023-11-11,no,7.74,566.90
4921,Synthetic_04921,84,F,prostate,II,surgery,2020-12-28,no,7.18,781.47
4922,Synthetic_04922,60,F,breast,II,chemotherapy,2021-01-19,yes,19.58,621.83
4923,Synthetic_04923,69,F,prostate,I,surgery,2021-12-13,yes,16.01,340.54
4924,Synthetic_04924,74,F,prostate,III,radiotherapy,2023-02-26,yes,2.59,544.63
4925,Synthetic_04925,23,M,prostate,I,chemotherapy,2025-04-25,yes,11.85,18.19
4926,Synthetic_04926,75,M,prostate,I,chemotherapy,2022-03-28,no,14.81,777.26
4927,Synthetic_04927,82,F,breast,I,radiotherapy,2024-12-08,yes,4.47,147.65
4928,Synthetic_04928,69,M,colon,III,radiotherapy,2023-08-23,yes,18.62,965.80
4929,Synthetic_04929,83,M,prostate,II,chemotherapy,2021-11-04,yes,2.43,483.21
4930,Synthetic_04930,74,F,lung,II,chemotherapy,2021-01-26,yes,14.95,84.15
4931,Synthetic_04931,24,M,lung,I,chemotherapy,2020-11-06,yes,13.48,718.14
4932,Synthetic_04932,35,F,breast,I,chemotherapy,2024-11-15,yes,16.94,523.72
4933,Synthetic_04933,59,M,prostate,III,radiotherapy,2025-08-23,no,3.37,368.35
4934,Synthetic_04934,81,F,breast,II,chemotherapy,2022-07-03,yes,6.03,604.08
4935,Synthetic_04935,31,M,breast,III,surgery,2022-03-08,yes,2.65,909.93
4936,Synthetic_04936,51,F,colon,III,surgery,2021-02-23,no,15.53,553.47
4937,Synthetic_04937,85,M,lung,IV,radiotherapy,2024-05-13,no,7.23,321.91
4938,Synthetic_04938,47,M,prostate,IV,chemotherapy,2025-11-19,no,8.74,830.94
4939,Synthetic_04939,89,M,prostate,I,radiotherapy,2022-12-12,yes,19.92,23.54
4940,Synthetic_04940,26,M,lung,II,radiotherapy,2020-03-14,no,10.78,158.39
4941,Synthetic_04941,22,M,prostate,IV,radiotherapy,2025-03-02,no,7.17,341.29
4942,Synthetic_04942,65,F,prostate,III,chemotherapy,2024-09-10,no,8.93,891.37
4943,Synthetic_04943,30,F,prostate,I,radiotherapy,2020-10-17,no,1.66,743.11
4944,Synthetic_04944,59,M,lung,III,surgery,2024-12-15,yes,15.18,725.66
4945,Synthetic_04945,35,F,colon,IV,chemotherapy,2023-10-17,no,12.79,397.04
4946,Synthetic_04946,47,M,colon,IV,chemotherapy,2022-12-09,yes,11.66,675.66
4947,Synthetic_04947,54,F,breast,IV,chemotherapy,2025-09-23,no,1.79,583.60
4948,Synthetic_04948,53,F,breast,I,radiotherapy,2025-12-01,yes,17.46,358.84
4949,Synthetic_04949,85,F,colon,II,radiotherapy,2022-02-12,yes,7.49,205.33
4950,Synthetic_04950,61,F,prostate,II,chemotherapy,2020-07-23,yes,6.93,959.88
4951,Synthetic_04951,42,M,colon,I,chemotherapy,2024-04-23,no,9.77,622.90
4952,Synthetic_04952,74,M,lung,IV,radiotherapy,2022-03-24,no,10.45,509.82
4953,Synthetic_04953,61,F,breast,II,radiotherapy,2022-11-02,yes,13.07,208.90
4954,Synthetic_04954,19,F,breast,IV,radiotherapy,2022-09-12,no,15.03,303.32
4955,Synthetic_04955,48,F,lung,IV,surgery,2025-05-14,yes,1.63,387.89
4956,Synthetic_04956,88,F,breast,IV,surgery,2025-01-16,yes,10.64,605.96
4957,Synthetic_04957,61,F,lung,II,radiotherapy,2021-11-27,yes,12.87,71.43
4958,Synthetic_04958,88,F,colon,I,surgery,2025-11-07,yes,12.16,624.93
4959,Synthetic_04959,45,F,lung,III,surgery,2025-02-18,no,4.60,625.12
4960,Synthetic_04960,53,M,prostate,II,chemotherapy,2020-05-14,no,8.82,274.01
4961,Synthetic_04961,84,M,prostate,III,chemotherapy,2025-03-14,no,19.54,908.97
4962,Synthetic_04962,82,M,colon,I,surgery,2024-12-06,yes,11.53,25.74
4963,Synthetic_04963,72,M,breast,I,radiotherapy,2024-12-19,no,4.68,479.49
4964,Synthetic_04964,20,M,breast,IV,chemotherapy,2023-06-16,yes,5.60,798.65
4965,Synthetic_04965,36,F,prostate,II,chemotherapy,2021-06-22,no,14.23,164.17
4966,Synthetic_04966,45,F,colon,IV,surgery,2023-06-06,no,16.45,909.44
4967,Synthetic_04967,53,M,breast,II,chemotherapy,2020-10-27,yes,9.26,520.33
4968,Synthetic_04968,26,M,prostate,III,radiotherapy,2022-04-09,no,6.89,158.56
4969,Synthetic_04969,61,F,lung,II,surgery,2021-11-07,no,7.12,479.07
4970,Synthetic_04970,22,F,lung,IV,chemotherapy,2022-03-14,yes,9.73,650.10
4971,Synthetic_04971,30,F,colon,II,chemotherapy,2020-12-21,no,11.96,811.60
4972,Synthetic_04972,46,F,colon,I,surgery,2022-09-13,yes,3.37,214.08
4973,Synthetic_04973,30,M,colon,I,chemotherapy,2025-07-17,yes,5.64,870.04
4974,Synthetic_04974,53,M,prostate,IV,chemotherapy,2025-05-20,yes,14.40,587.02
4975,Synthetic_04975,24,F,breast,II,chemotherapy,2025-06-15,no,10.80,223.69
4976,Synthetic_04976,72,M,lung,IV,radiotherapy,2020-08-07,yes,9.18,993.84
4977,Synthetic_04977,47,F,prostate,II,surgery,2022-03-23,yes,14.10,339.82
4978,Synthetic_04978,79,F,prostate,IV,chemotherapy,2022-10-14,no,19.26,896.07
4979,Synthetic_04979,44,F,lung,III,radiotherapy,2025-07-05,yes,12.86,453.61
4980,Synthetic_04980,87,M,lung,III,surgery,2020-07-10,yes,8.30,722.86
4981,Synthetic_04981,73,M,colon,III,chemotherapy,2021-03-16,no,12.76,114.67
4982,Synthetic_04982,32,M,prostate,IV,radiotherapy,2020-01-12,no,2.52,967.67
4983,Synthetic_04983,48,M,colon,IV,radiotherapy,2023-09-09,no,15.30,579.11
4984,Synthetic_04984,85,F,prostate,IV,radiotherapy,2022-12-05,yes,17.39,145.74
4985,Synthetic_04985,51,F,breast,III,surgery,2025-10-03,yes,19.93,173.21
4986,Synthetic_04986,40,F,prostate,I,chemotherapy,2023-04-15,yes,9.10,840.91
4987,Synthetic_04987,82,F,breast,II,surgery,2023-02-03,yes,5.77,712.95
4988,Synthetic_04988,79,F,lung,I,chemotherapy,2020-07-05,no,2.64,126.39
4989,Synthetic_04989,26,F,lung,IV,radiotherapy,2023-05-04,no,1.42,577.72
4990,Synthetic_04990,34,M,colon,III,surgery,2021-01-24,yes,11.68,96.68
4991,Synthetic_04991,48,F,prostate,I,chemotherapy,2022-03-09,yes,7.63,456.26
4992,Synthetic_04992,29,M,lung,III,chemotherapy,2021-11-07,yes,14.92,312.16
4993,Synthetic_04993,84,F,lung,IV,chemotherapy,2021-05-17,yes,14.43,576.72
4994,Synthetic_04994,52,M,colon,III,radiotherapy,2024-11-14,no,16.69,100.24
4995,Synthetic_04995,61,M,lung,IV,surgery,2023-02-05,yes,5.15,109.93
4996,Synthetic_04996,83,F,prostate,III,chemotherapy,2025-08-25,yes,2.49,315.18
4997,Synthetic_04997,25,F,breast,IV,chemotherapy,2021-07-09,no,7.13,832.64
4998,Synthetic_04998,59,M,breast,III,chemotherapy,2021-08-06,yes,3.75,989.59
4999,Synthetic_04999,78,M,colon,I,radiotherapy,2024-08-28,no,19.64,653.53
5000,Synthetic_05000,39,M,colon,II,chemotherapy,2025-05-13,yes,18.86,320.92
